"REF_DATE","GEO","DGUID","Commodity","Supply and disposition","UOM","UOM_ID","SCALAR_FACTOR","SCALAR_ID","VECTOR","COORDINATE","VALUE","STATUS","SYMBOL","TERMINATED","DECIMALS"
"2021","Canada","2021A000011124","Wheat flour","Total supply","Tonnes","288","thousands","3","v108200","1.1.2","2510.72","","","","2"
"2022","Canada","2021A000011124","Wheat flour","Total supply","Tonnes","288","thousands","3","v108200","1.1.2","2624.54","","","","2"
"2023","Canada","2021A000011124","Wheat flour","Total supply","Tonnes","288","thousands","3","v108200","1.1.2","2702.49","","","","2"
"2024","Canada","2021A000011124","Wheat flour","Total supply","Tonnes","288","thousands","3","v108200","1.1.2","2683.54","","","","2"
"2025","Canada","2021A000011124","Wheat flour","Total supply","Tonnes","288","thousands","3","v108200","1.1.2","2829.82","","","","2"
"2021","Canada","2021A000011124","Wheat flour","Beginning stocks","Tonnes","288","thousands","3","v108201","1.1.3","28.71","","","","2"
"2022","Canada","2021A000011124","Wheat flour","Beginning stocks","Tonnes","288","thousands","3","v108201","1.1.3","29.35","","","","2"
"2023","Canada","2021A000011124","Wheat flour","Beginning stocks","Tonnes","288","thousands","3","v108201","1.1.3","32.19","","","","2"
"2024","Canada","2021A000011124","Wheat flour","Beginning stocks","Tonnes","288","thousands","3","v108201","1.1.3","30.24","","","","2"
"2025","Canada","2021A000011124","Wheat flour","Beginning stocks","Tonnes","288","thousands","3","v108201","1.1.3","28.37","","","","2"
"2021","Canada","2021A000011124","Wheat flour","Production","Tonnes","288","thousands","3","v108202","1.1.4","2402.40","","","","2"
"2022","Canada","2021A000011124","Wheat flour","Production","Tonnes","288","thousands","3","v108202","1.1.4","2503.79","","","","2"
"2023","Canada","2021A000011124","Wheat flour","Production","Tonnes","288","thousands","3","v108202","1.1.4","2525.63","","","","2"
"2024","Canada","2021A000011124","Wheat flour","Production","Tonnes","288","thousands","3","v108202","1.1.4","2492.37","","","","2"
"2025","Canada","2021A000011124","Wheat flour","Production","Tonnes","288","thousands","3","v108202","1.1.4","2681.69","","","","2"
"2021","Canada","2021A000011124","Wheat flour","Imports","Tonnes","288","thousands","3","v108203","1.1.5","79.62","","","","2"
"2022","Canada","2021A000011124","Wheat flour","Imports","Tonnes","288","thousands","3","v108203","1.1.5","91.39","","","","2"
"2023","Canada","2021A000011124","Wheat flour","Imports","Tonnes","288","thousands","3","v108203","1.1.5","144.67","","","","2"
"2024","Canada","2021A000011124","Wheat flour","Imports","Tonnes","288","thousands","3","v108203","1.1.5","160.93","","","","2"
"2025","Canada","2021A000011124","Wheat flour","Imports","Tonnes","288","thousands","3","v108203","1.1.5","119.76","","","","2"
"2021","Canada","2021A000011124","Wheat flour","Total disposition","Tonnes","288","thousands","3","v54326402","1.1.11","2481.37","","","","2"
"2022","Canada","2021A000011124","Wheat flour","Total disposition","Tonnes","288","thousands","3","v54326402","1.1.11","2592.35","","","","2"
"2023","Canada","2021A000011124","Wheat flour","Total disposition","Tonnes","288","thousands","3","v54326402","1.1.11","2672.25","","","","2"
"2024","Canada","2021A000011124","Wheat flour","Total disposition","Tonnes","288","thousands","3","v54326402","1.1.11","2655.17","","","","2"
"2025","Canada","2021A000011124","Wheat flour","Total disposition","Tonnes","288","thousands","3","v54326402","1.1.11","2800.56","","","","2"
"2021","Canada","2021A000011124","Wheat flour","Domestic disappearance","Tonnes","288","thousands","3","v108199","1.1.1","2219.82","","","","2"
"2022","Canada","2021A000011124","Wheat flour","Domestic disappearance","Tonnes","288","thousands","3","v108199","1.1.1","2308.09","","","","2"
"2023","Canada","2021A000011124","Wheat flour","Domestic disappearance","Tonnes","288","thousands","3","v108199","1.1.1","2362.01","","","","2"
"2024","Canada","2021A000011124","Wheat flour","Domestic disappearance","Tonnes","288","thousands","3","v108199","1.1.1","2337.72","","","","2"
"2025","Canada","2021A000011124","Wheat flour","Domestic disappearance","Tonnes","288","thousands","3","v108199","1.1.1","2500.84","","","","2"
"2021","Canada","2021A000011124","Wheat flour","Exports","Tonnes","288","thousands","3","v108205","1.1.7","169.06","","","","2"
"2022","Canada","2021A000011124","Wheat flour","Exports","Tonnes","288","thousands","3","v108205","1.1.7","188.09","","","","2"
"2023","Canada","2021A000011124","Wheat flour","Exports","Tonnes","288","thousands","3","v108205","1.1.7","211.82","","","","2"
"2024","Canada","2021A000011124","Wheat flour","Exports","Tonnes","288","thousands","3","v108205","1.1.7","220.05","","","","2"
"2025","Canada","2021A000011124","Wheat flour","Exports","Tonnes","288","thousands","3","v108205","1.1.7","195.52","","","","2"
"2021","Canada","2021A000011124","Wheat flour","Manufacturing","Tonnes","288","thousands","3","v108206","1.1.8","92.49","","","","2"
"2022","Canada","2021A000011124","Wheat flour","Manufacturing","Tonnes","288","thousands","3","v108206","1.1.8","96.17","","","","2"
"2023","Canada","2021A000011124","Wheat flour","Manufacturing","Tonnes","288","thousands","3","v108206","1.1.8","98.42","","","","2"
"2024","Canada","2021A000011124","Wheat flour","Manufacturing","Tonnes","288","thousands","3","v108206","1.1.8","97.40","","","","2"
"2025","Canada","2021A000011124","Wheat flour","Manufacturing","Tonnes","288","thousands","3","v108206","1.1.8","104.20","","","","2"
"2021","Canada","2021A000011124","Wheat flour","Waste","Tonnes","288","thousands","3","v108207","1.1.9","0.00","","","","2"
"2022","Canada","2021A000011124","Wheat flour","Waste","Tonnes","288","thousands","3","v108207","1.1.9","0.00","","","","2"
"2023","Canada","2021A000011124","Wheat flour","Waste","Tonnes","288","thousands","3","v108207","1.1.9","0.00","","","","2"
"2024","Canada","2021A000011124","Wheat flour","Waste","Tonnes","288","thousands","3","v108207","1.1.9","0.00","","","","2"
"2025","Canada","2021A000011124","Wheat flour","Waste","Tonnes","288","thousands","3","v108207","1.1.9","0.00","","","","2"
"2021","Canada","2021A000011124","Wheat flour","Ending stocks","Tonnes","288","thousands","3","v108208","1.1.10","29.35","","","","2"
"2022","Canada","2021A000011124","Wheat flour","Ending stocks","Tonnes","288","thousands","3","v108208","1.1.10","32.19","","","","2"
"2023","Canada","2021A000011124","Wheat flour","Ending stocks","Tonnes","288","thousands","3","v108208","1.1.10","30.24","","","","2"
"2024","Canada","2021A000011124","Wheat flour","Ending stocks","Tonnes","288","thousands","3","v108208","1.1.10","28.37","","","","2"
"2025","Canada","2021A000011124","Wheat flour","Ending stocks","Tonnes","288","thousands","3","v108208","1.1.10","29.26","","","","2"
"2021","Canada","2021A000011124","Rye flour","Total supply","Tonnes","288","thousands","3","v108211","1.2.2","","x","","","2"
"2022","Canada","2021A000011124","Rye flour","Total supply","Tonnes","288","thousands","3","v108211","1.2.2","","x","","","2"
"2023","Canada","2021A000011124","Rye flour","Total supply","Tonnes","288","thousands","3","v108211","1.2.2","","x","","","2"
"2024","Canada","2021A000011124","Rye flour","Total supply","Tonnes","288","thousands","3","v108211","1.2.2","","x","","","2"
"2025","Canada","2021A000011124","Rye flour","Total supply","Tonnes","288","thousands","3","v108211","1.2.2","","x","","","2"
"2021","Canada","2021A000011124","Rye flour","Beginning stocks","Tonnes","288","thousands","3","v108212","1.2.3","","x","","","2"
"2022","Canada","2021A000011124","Rye flour","Beginning stocks","Tonnes","288","thousands","3","v108212","1.2.3","","x","","","2"
"2023","Canada","2021A000011124","Rye flour","Beginning stocks","Tonnes","288","thousands","3","v108212","1.2.3","","x","","","2"
"2024","Canada","2021A000011124","Rye flour","Beginning stocks","Tonnes","288","thousands","3","v108212","1.2.3","","x","","","2"
"2025","Canada","2021A000011124","Rye flour","Beginning stocks","Tonnes","288","thousands","3","v108212","1.2.3","","x","","","2"
"2021","Canada","2021A000011124","Rye flour","Production","Tonnes","288","thousands","3","v108213","1.2.4","","x","","","2"
"2022","Canada","2021A000011124","Rye flour","Production","Tonnes","288","thousands","3","v108213","1.2.4","","x","","","2"
"2023","Canada","2021A000011124","Rye flour","Production","Tonnes","288","thousands","3","v108213","1.2.4","","x","","","2"
"2024","Canada","2021A000011124","Rye flour","Production","Tonnes","288","thousands","3","v108213","1.2.4","","x","","","2"
"2025","Canada","2021A000011124","Rye flour","Production","Tonnes","288","thousands","3","v108213","1.2.4","","x","","","2"
"2021","Canada","2021A000011124","Rye flour","Imports","Tonnes","288","thousands","3","v108214","1.2.5","0.66","","","","2"
"2022","Canada","2021A000011124","Rye flour","Imports","Tonnes","288","thousands","3","v108214","1.2.5","0.58","","","","2"
"2023","Canada","2021A000011124","Rye flour","Imports","Tonnes","288","thousands","3","v108214","1.2.5","0.85","","","","2"
"2024","Canada","2021A000011124","Rye flour","Imports","Tonnes","288","thousands","3","v108214","1.2.5","0.50","","","","2"
"2025","Canada","2021A000011124","Rye flour","Imports","Tonnes","288","thousands","3","v108214","1.2.5","0.40","","","","2"
"2021","Canada","2021A000011124","Rye flour","Total disposition","Tonnes","288","thousands","3","v54326403","1.2.11","","x","","","2"
"2022","Canada","2021A000011124","Rye flour","Total disposition","Tonnes","288","thousands","3","v54326403","1.2.11","","x","","","2"
"2023","Canada","2021A000011124","Rye flour","Total disposition","Tonnes","288","thousands","3","v54326403","1.2.11","","x","","","2"
"2024","Canada","2021A000011124","Rye flour","Total disposition","Tonnes","288","thousands","3","v54326403","1.2.11","","x","","","2"
"2025","Canada","2021A000011124","Rye flour","Total disposition","Tonnes","288","thousands","3","v54326403","1.2.11","","x","","","2"
"2021","Canada","2021A000011124","Rye flour","Domestic disappearance","Tonnes","288","thousands","3","v108210","1.2.1","7.78","","","","2"
"2022","Canada","2021A000011124","Rye flour","Domestic disappearance","Tonnes","288","thousands","3","v108210","1.2.1","7.14","","","","2"
"2023","Canada","2021A000011124","Rye flour","Domestic disappearance","Tonnes","288","thousands","3","v108210","1.2.1","9.19","","","","2"
"2024","Canada","2021A000011124","Rye flour","Domestic disappearance","Tonnes","288","thousands","3","v108210","1.2.1","6.39","","","","2"
"2025","Canada","2021A000011124","Rye flour","Domestic disappearance","Tonnes","288","thousands","3","v108210","1.2.1","7.27","","","","2"
"2021","Canada","2021A000011124","Rye flour","Exports","Tonnes","288","thousands","3","v108216","1.2.7","1.77","","","","2"
"2022","Canada","2021A000011124","Rye flour","Exports","Tonnes","288","thousands","3","v108216","1.2.7","1.64","","","","2"
"2023","Canada","2021A000011124","Rye flour","Exports","Tonnes","288","thousands","3","v108216","1.2.7","2.08","","","","2"
"2024","Canada","2021A000011124","Rye flour","Exports","Tonnes","288","thousands","3","v108216","1.2.7","1.47","","","","2"
"2025","Canada","2021A000011124","Rye flour","Exports","Tonnes","288","thousands","3","v108216","1.2.7","1.76","","","","2"
"2021","Canada","2021A000011124","Rye flour","Waste","Tonnes","288","thousands","3","v108218","1.2.9","0.00","","","","2"
"2022","Canada","2021A000011124","Rye flour","Waste","Tonnes","288","thousands","3","v108218","1.2.9","0.00","","","","2"
"2023","Canada","2021A000011124","Rye flour","Waste","Tonnes","288","thousands","3","v108218","1.2.9","0.00","","","","2"
"2024","Canada","2021A000011124","Rye flour","Waste","Tonnes","288","thousands","3","v108218","1.2.9","0.00","","","","2"
"2025","Canada","2021A000011124","Rye flour","Waste","Tonnes","288","thousands","3","v108218","1.2.9","0.00","","","","2"
"2021","Canada","2021A000011124","Rye flour","Ending stocks","Tonnes","288","thousands","3","v108219","1.2.10","","x","","","2"
"2022","Canada","2021A000011124","Rye flour","Ending stocks","Tonnes","288","thousands","3","v108219","1.2.10","","x","","","2"
"2023","Canada","2021A000011124","Rye flour","Ending stocks","Tonnes","288","thousands","3","v108219","1.2.10","","x","","","2"
"2024","Canada","2021A000011124","Rye flour","Ending stocks","Tonnes","288","thousands","3","v108219","1.2.10","","x","","","2"
"2025","Canada","2021A000011124","Rye flour","Ending stocks","Tonnes","288","thousands","3","v108219","1.2.10","","x","","","2"
"2021","Canada","2021A000011124","Oatmeal and rolled oats","Total supply","Tonnes","288","thousands","3","v108222","1.3.2","","x","","","2"
"2022","Canada","2021A000011124","Oatmeal and rolled oats","Total supply","Tonnes","288","thousands","3","v108222","1.3.2","","x","","","2"
"2023","Canada","2021A000011124","Oatmeal and rolled oats","Total supply","Tonnes","288","thousands","3","v108222","1.3.2","","x","","","2"
"2024","Canada","2021A000011124","Oatmeal and rolled oats","Total supply","Tonnes","288","thousands","3","v108222","1.3.2","","x","","","2"
"2025","Canada","2021A000011124","Oatmeal and rolled oats","Total supply","Tonnes","288","thousands","3","v108222","1.3.2","","x","","","2"
"2021","Canada","2021A000011124","Oatmeal and rolled oats","Beginning stocks","Tonnes","288","thousands","3","v108223","1.3.3","","x","","","2"
"2022","Canada","2021A000011124","Oatmeal and rolled oats","Beginning stocks","Tonnes","288","thousands","3","v108223","1.3.3","","x","","","2"
"2023","Canada","2021A000011124","Oatmeal and rolled oats","Beginning stocks","Tonnes","288","thousands","3","v108223","1.3.3","","x","","","2"
"2024","Canada","2021A000011124","Oatmeal and rolled oats","Beginning stocks","Tonnes","288","thousands","3","v108223","1.3.3","","x","","","2"
"2025","Canada","2021A000011124","Oatmeal and rolled oats","Beginning stocks","Tonnes","288","thousands","3","v108223","1.3.3","","x","","","2"
"2021","Canada","2021A000011124","Oatmeal and rolled oats","Production","Tonnes","288","thousands","3","v108224","1.3.4","","x","","","2"
"2022","Canada","2021A000011124","Oatmeal and rolled oats","Production","Tonnes","288","thousands","3","v108224","1.3.4","","x","","","2"
"2023","Canada","2021A000011124","Oatmeal and rolled oats","Production","Tonnes","288","thousands","3","v108224","1.3.4","","x","","","2"
"2024","Canada","2021A000011124","Oatmeal and rolled oats","Production","Tonnes","288","thousands","3","v108224","1.3.4","","x","","","2"
"2025","Canada","2021A000011124","Oatmeal and rolled oats","Production","Tonnes","288","thousands","3","v108224","1.3.4","","x","","","2"
"2021","Canada","2021A000011124","Oatmeal and rolled oats","Imports","Tonnes","288","thousands","3","v108225","1.3.5","10.23","","","","2"
"2022","Canada","2021A000011124","Oatmeal and rolled oats","Imports","Tonnes","288","thousands","3","v108225","1.3.5","14.47","","","","2"
"2023","Canada","2021A000011124","Oatmeal and rolled oats","Imports","Tonnes","288","thousands","3","v108225","1.3.5","18.41","","","","2"
"2024","Canada","2021A000011124","Oatmeal and rolled oats","Imports","Tonnes","288","thousands","3","v108225","1.3.5","11.64","","","","2"
"2025","Canada","2021A000011124","Oatmeal and rolled oats","Imports","Tonnes","288","thousands","3","v108225","1.3.5","18.26","","","","2"
"2021","Canada","2021A000011124","Oatmeal and rolled oats","Total disposition","Tonnes","288","thousands","3","v54326404","1.3.11","","x","","","2"
"2022","Canada","2021A000011124","Oatmeal and rolled oats","Total disposition","Tonnes","288","thousands","3","v54326404","1.3.11","","x","","","2"
"2023","Canada","2021A000011124","Oatmeal and rolled oats","Total disposition","Tonnes","288","thousands","3","v54326404","1.3.11","","x","","","2"
"2024","Canada","2021A000011124","Oatmeal and rolled oats","Total disposition","Tonnes","288","thousands","3","v54326404","1.3.11","","x","","","2"
"2025","Canada","2021A000011124","Oatmeal and rolled oats","Total disposition","Tonnes","288","thousands","3","v54326404","1.3.11","","x","","","2"
"2021","Canada","2021A000011124","Oatmeal and rolled oats","Domestic disappearance","Tonnes","288","thousands","3","v108221","1.3.1","29.22","","","","2"
"2022","Canada","2021A000011124","Oatmeal and rolled oats","Domestic disappearance","Tonnes","288","thousands","3","v108221","1.3.1","61.96","","","","2"
"2023","Canada","2021A000011124","Oatmeal and rolled oats","Domestic disappearance","Tonnes","288","thousands","3","v108221","1.3.1","86.59","","","","2"
"2024","Canada","2021A000011124","Oatmeal and rolled oats","Domestic disappearance","Tonnes","288","thousands","3","v108221","1.3.1","142.66","","","","2"
"2025","Canada","2021A000011124","Oatmeal and rolled oats","Domestic disappearance","Tonnes","288","thousands","3","v108221","1.3.1","111.38","","","","2"
"2021","Canada","2021A000011124","Oatmeal and rolled oats","Exports","Tonnes","288","thousands","3","v108227","1.3.7","625.04","","","","2"
"2022","Canada","2021A000011124","Oatmeal and rolled oats","Exports","Tonnes","288","thousands","3","v108227","1.3.7","622.20","","","","2"
"2023","Canada","2021A000011124","Oatmeal and rolled oats","Exports","Tonnes","288","thousands","3","v108227","1.3.7","536.31","","","","2"
"2024","Canada","2021A000011124","Oatmeal and rolled oats","Exports","Tonnes","288","thousands","3","v108227","1.3.7","582.61","","","","2"
"2025","Canada","2021A000011124","Oatmeal and rolled oats","Exports","Tonnes","288","thousands","3","v108227","1.3.7","551.85","","","","2"
"2021","Canada","2021A000011124","Oatmeal and rolled oats","Waste","Tonnes","288","thousands","3","v108229","1.3.9","0.00","","","","2"
"2022","Canada","2021A000011124","Oatmeal and rolled oats","Waste","Tonnes","288","thousands","3","v108229","1.3.9","0.00","","","","2"
"2023","Canada","2021A000011124","Oatmeal and rolled oats","Waste","Tonnes","288","thousands","3","v108229","1.3.9","0.00","","","","2"
"2024","Canada","2021A000011124","Oatmeal and rolled oats","Waste","Tonnes","288","thousands","3","v108229","1.3.9","0.00","","","","2"
"2025","Canada","2021A000011124","Oatmeal and rolled oats","Waste","Tonnes","288","thousands","3","v108229","1.3.9","0.00","","","","2"
"2021","Canada","2021A000011124","Oatmeal and rolled oats","Ending stocks","Tonnes","288","thousands","3","v108230","1.3.10","","x","","","2"
"2022","Canada","2021A000011124","Oatmeal and rolled oats","Ending stocks","Tonnes","288","thousands","3","v108230","1.3.10","","x","","","2"
"2023","Canada","2021A000011124","Oatmeal and rolled oats","Ending stocks","Tonnes","288","thousands","3","v108230","1.3.10","","x","","","2"
"2024","Canada","2021A000011124","Oatmeal and rolled oats","Ending stocks","Tonnes","288","thousands","3","v108230","1.3.10","","x","","","2"
"2025","Canada","2021A000011124","Oatmeal and rolled oats","Ending stocks","Tonnes","288","thousands","3","v108230","1.3.10","","x","","","2"
"2021","Canada","2021A000011124","Pot and pearl barley","Total supply","Tonnes","288","thousands","3","v108233","1.4.2","","x","","","2"
"2022","Canada","2021A000011124","Pot and pearl barley","Total supply","Tonnes","288","thousands","3","v108233","1.4.2","","x","","","2"
"2023","Canada","2021A000011124","Pot and pearl barley","Total supply","Tonnes","288","thousands","3","v108233","1.4.2","","x","","","2"
"2024","Canada","2021A000011124","Pot and pearl barley","Total supply","Tonnes","288","thousands","3","v108233","1.4.2","","x","","","2"
"2025","Canada","2021A000011124","Pot and pearl barley","Total supply","Tonnes","288","thousands","3","v108233","1.4.2","","x","","","2"
"2021","Canada","2021A000011124","Pot and pearl barley","Beginning stocks","Tonnes","288","thousands","3","v108234","1.4.3","","x","","","2"
"2022","Canada","2021A000011124","Pot and pearl barley","Beginning stocks","Tonnes","288","thousands","3","v108234","1.4.3","","x","","","2"
"2023","Canada","2021A000011124","Pot and pearl barley","Beginning stocks","Tonnes","288","thousands","3","v108234","1.4.3","","x","","","2"
"2024","Canada","2021A000011124","Pot and pearl barley","Beginning stocks","Tonnes","288","thousands","3","v108234","1.4.3","","x","","","2"
"2025","Canada","2021A000011124","Pot and pearl barley","Beginning stocks","Tonnes","288","thousands","3","v108234","1.4.3","","x","","","2"
"2021","Canada","2021A000011124","Pot and pearl barley","Production","Tonnes","288","thousands","3","v108235","1.4.4","","x","","","2"
"2022","Canada","2021A000011124","Pot and pearl barley","Production","Tonnes","288","thousands","3","v108235","1.4.4","","x","","","2"
"2023","Canada","2021A000011124","Pot and pearl barley","Production","Tonnes","288","thousands","3","v108235","1.4.4","","x","","","2"
"2024","Canada","2021A000011124","Pot and pearl barley","Production","Tonnes","288","thousands","3","v108235","1.4.4","","x","","","2"
"2025","Canada","2021A000011124","Pot and pearl barley","Production","Tonnes","288","thousands","3","v108235","1.4.4","","x","","","2"
"2021","Canada","2021A000011124","Pot and pearl barley","Total disposition","Tonnes","288","thousands","3","v54326405","1.4.11","","x","","","2"
"2022","Canada","2021A000011124","Pot and pearl barley","Total disposition","Tonnes","288","thousands","3","v54326405","1.4.11","","x","","","2"
"2023","Canada","2021A000011124","Pot and pearl barley","Total disposition","Tonnes","288","thousands","3","v54326405","1.4.11","","x","","","2"
"2024","Canada","2021A000011124","Pot and pearl barley","Total disposition","Tonnes","288","thousands","3","v54326405","1.4.11","","x","","","2"
"2025","Canada","2021A000011124","Pot and pearl barley","Total disposition","Tonnes","288","thousands","3","v54326405","1.4.11","","x","","","2"
"2021","Canada","2021A000011124","Pot and pearl barley","Domestic disappearance","Tonnes","288","thousands","3","v108232","1.4.1","9.70","","","","2"
"2022","Canada","2021A000011124","Pot and pearl barley","Domestic disappearance","Tonnes","288","thousands","3","v108232","1.4.1","7.25","","","","2"
"2023","Canada","2021A000011124","Pot and pearl barley","Domestic disappearance","Tonnes","288","thousands","3","v108232","1.4.1","6.57","","","","2"
"2024","Canada","2021A000011124","Pot and pearl barley","Domestic disappearance","Tonnes","288","thousands","3","v108232","1.4.1","7.98","","","","2"
"2025","Canada","2021A000011124","Pot and pearl barley","Domestic disappearance","Tonnes","288","thousands","3","v108232","1.4.1","8.26","","","","2"
"2021","Canada","2021A000011124","Pot and pearl barley","Waste","Tonnes","288","thousands","3","v108240","1.4.9","0.00","","","","2"
"2022","Canada","2021A000011124","Pot and pearl barley","Waste","Tonnes","288","thousands","3","v108240","1.4.9","0.00","","","","2"
"2023","Canada","2021A000011124","Pot and pearl barley","Waste","Tonnes","288","thousands","3","v108240","1.4.9","0.00","","","","2"
"2024","Canada","2021A000011124","Pot and pearl barley","Waste","Tonnes","288","thousands","3","v108240","1.4.9","0.00","","","","2"
"2025","Canada","2021A000011124","Pot and pearl barley","Waste","Tonnes","288","thousands","3","v108240","1.4.9","0.00","","","","2"
"2021","Canada","2021A000011124","Pot and pearl barley","Ending stocks","Tonnes","288","thousands","3","v108241","1.4.10","","x","","","2"
"2022","Canada","2021A000011124","Pot and pearl barley","Ending stocks","Tonnes","288","thousands","3","v108241","1.4.10","","x","","","2"
"2023","Canada","2021A000011124","Pot and pearl barley","Ending stocks","Tonnes","288","thousands","3","v108241","1.4.10","","x","","","2"
"2024","Canada","2021A000011124","Pot and pearl barley","Ending stocks","Tonnes","288","thousands","3","v108241","1.4.10","","x","","","2"
"2025","Canada","2021A000011124","Pot and pearl barley","Ending stocks","Tonnes","288","thousands","3","v108241","1.4.10","","x","","","2"
"2021","Canada","2021A000011124","Corn flour and meal","Total supply","Tonnes","288","thousands","3","v108244","1.5.2","","x","","","2"
"2022","Canada","2021A000011124","Corn flour and meal","Total supply","Tonnes","288","thousands","3","v108244","1.5.2","","x","","","2"
"2023","Canada","2021A000011124","Corn flour and meal","Total supply","Tonnes","288","thousands","3","v108244","1.5.2","","x","","","2"
"2024","Canada","2021A000011124","Corn flour and meal","Total supply","Tonnes","288","thousands","3","v108244","1.5.2","","x","","","2"
"2025","Canada","2021A000011124","Corn flour and meal","Total supply","Tonnes","288","thousands","3","v108244","1.5.2","","x","","","2"
"2021","Canada","2021A000011124","Corn flour and meal","Beginning stocks","Tonnes","288","thousands","3","v108245","1.5.3","","x","","","2"
"2022","Canada","2021A000011124","Corn flour and meal","Beginning stocks","Tonnes","288","thousands","3","v108245","1.5.3","","x","","","2"
"2023","Canada","2021A000011124","Corn flour and meal","Beginning stocks","Tonnes","288","thousands","3","v108245","1.5.3","","x","","","2"
"2024","Canada","2021A000011124","Corn flour and meal","Beginning stocks","Tonnes","288","thousands","3","v108245","1.5.3","","x","","","2"
"2025","Canada","2021A000011124","Corn flour and meal","Beginning stocks","Tonnes","288","thousands","3","v108245","1.5.3","","x","","","2"
"2021","Canada","2021A000011124","Corn flour and meal","Production","Tonnes","288","thousands","3","v108246","1.5.4","","x","","","2"
"2022","Canada","2021A000011124","Corn flour and meal","Production","Tonnes","288","thousands","3","v108246","1.5.4","","x","","","2"
"2023","Canada","2021A000011124","Corn flour and meal","Production","Tonnes","288","thousands","3","v108246","1.5.4","","x","","","2"
"2024","Canada","2021A000011124","Corn flour and meal","Production","Tonnes","288","thousands","3","v108246","1.5.4","","x","","","2"
"2025","Canada","2021A000011124","Corn flour and meal","Production","Tonnes","288","thousands","3","v108246","1.5.4","","x","","","2"
"2021","Canada","2021A000011124","Corn flour and meal","Imports","Tonnes","288","thousands","3","v108247","1.5.5","80.06","","","","2"
"2022","Canada","2021A000011124","Corn flour and meal","Imports","Tonnes","288","thousands","3","v108247","1.5.5","71.29","","","","2"
"2023","Canada","2021A000011124","Corn flour and meal","Imports","Tonnes","288","thousands","3","v108247","1.5.5","118.59","","","","2"
"2024","Canada","2021A000011124","Corn flour and meal","Imports","Tonnes","288","thousands","3","v108247","1.5.5","68.57","","","","2"
"2025","Canada","2021A000011124","Corn flour and meal","Imports","Tonnes","288","thousands","3","v108247","1.5.5","70.23","","","","2"
"2021","Canada","2021A000011124","Corn flour and meal","Total disposition","Tonnes","288","thousands","3","v54326406","1.5.11","","x","","","2"
"2022","Canada","2021A000011124","Corn flour and meal","Total disposition","Tonnes","288","thousands","3","v54326406","1.5.11","","x","","","2"
"2023","Canada","2021A000011124","Corn flour and meal","Total disposition","Tonnes","288","thousands","3","v54326406","1.5.11","","x","","","2"
"2024","Canada","2021A000011124","Corn flour and meal","Total disposition","Tonnes","288","thousands","3","v54326406","1.5.11","","x","","","2"
"2025","Canada","2021A000011124","Corn flour and meal","Total disposition","Tonnes","288","thousands","3","v54326406","1.5.11","","x","","","2"
"2021","Canada","2021A000011124","Corn flour and meal","Domestic disappearance","Tonnes","288","thousands","3","v108243","1.5.1","52.10","","","","2"
"2022","Canada","2021A000011124","Corn flour and meal","Domestic disappearance","Tonnes","288","thousands","3","v108243","1.5.1","51.44","","","","2"
"2023","Canada","2021A000011124","Corn flour and meal","Domestic disappearance","Tonnes","288","thousands","3","v108243","1.5.1","87.74","","","","2"
"2024","Canada","2021A000011124","Corn flour and meal","Domestic disappearance","Tonnes","288","thousands","3","v108243","1.5.1","46.96","","","","2"
"2025","Canada","2021A000011124","Corn flour and meal","Domestic disappearance","Tonnes","288","thousands","3","v108243","1.5.1","37.59","","","","2"
"2021","Canada","2021A000011124","Corn flour and meal","Exports","Tonnes","288","thousands","3","v108249","1.5.7","29.38","","","","2"
"2022","Canada","2021A000011124","Corn flour and meal","Exports","Tonnes","288","thousands","3","v108249","1.5.7","21.28","","","","2"
"2023","Canada","2021A000011124","Corn flour and meal","Exports","Tonnes","288","thousands","3","v108249","1.5.7","32.49","","","","2"
"2024","Canada","2021A000011124","Corn flour and meal","Exports","Tonnes","288","thousands","3","v108249","1.5.7","23.56","","","","2"
"2025","Canada","2021A000011124","Corn flour and meal","Exports","Tonnes","288","thousands","3","v108249","1.5.7","34.41","","","","2"
"2021","Canada","2021A000011124","Corn flour and meal","Waste","Tonnes","288","thousands","3","v108251","1.5.9","0.00","","","","2"
"2022","Canada","2021A000011124","Corn flour and meal","Waste","Tonnes","288","thousands","3","v108251","1.5.9","0.00","","","","2"
"2023","Canada","2021A000011124","Corn flour and meal","Waste","Tonnes","288","thousands","3","v108251","1.5.9","0.00","","","","2"
"2024","Canada","2021A000011124","Corn flour and meal","Waste","Tonnes","288","thousands","3","v108251","1.5.9","0.00","","","","2"
"2025","Canada","2021A000011124","Corn flour and meal","Waste","Tonnes","288","thousands","3","v108251","1.5.9","0.00","","","","2"
"2021","Canada","2021A000011124","Corn flour and meal","Ending stocks","Tonnes","288","thousands","3","v108252","1.5.10","","x","","","2"
"2022","Canada","2021A000011124","Corn flour and meal","Ending stocks","Tonnes","288","thousands","3","v108252","1.5.10","","x","","","2"
"2023","Canada","2021A000011124","Corn flour and meal","Ending stocks","Tonnes","288","thousands","3","v108252","1.5.10","","x","","","2"
"2024","Canada","2021A000011124","Corn flour and meal","Ending stocks","Tonnes","288","thousands","3","v108252","1.5.10","","x","","","2"
"2025","Canada","2021A000011124","Corn flour and meal","Ending stocks","Tonnes","288","thousands","3","v108252","1.5.10","","x","","","2"
"2021","Canada","2021A000011124","Rice","Total supply","Tonnes","288","thousands","3","v108255","1.6.2","","..","","","2"
"2022","Canada","2021A000011124","Rice","Total supply","Tonnes","288","thousands","3","v108255","1.6.2","","..","","","2"
"2023","Canada","2021A000011124","Rice","Total supply","Tonnes","288","thousands","3","v108255","1.6.2","","..","","","2"
"2024","Canada","2021A000011124","Rice","Total supply","Tonnes","288","thousands","3","v108255","1.6.2","","..","","","2"
"2025","Canada","2021A000011124","Rice","Total supply","Tonnes","288","thousands","3","v108255","1.6.2","","..","","","2"
"2021","Canada","2021A000011124","Rice","Production","Tonnes","288","thousands","3","v108257","1.6.4","","..","","","2"
"2022","Canada","2021A000011124","Rice","Production","Tonnes","288","thousands","3","v108257","1.6.4","","..","","","2"
"2023","Canada","2021A000011124","Rice","Production","Tonnes","288","thousands","3","v108257","1.6.4","","..","","","2"
"2024","Canada","2021A000011124","Rice","Production","Tonnes","288","thousands","3","v108257","1.6.4","","..","","","2"
"2025","Canada","2021A000011124","Rice","Production","Tonnes","288","thousands","3","v108257","1.6.4","","..","","","2"
"2021","Canada","2021A000011124","Rice","Imports","Tonnes","288","thousands","3","v108258","1.6.5","292.48","","","","2"
"2022","Canada","2021A000011124","Rice","Imports","Tonnes","288","thousands","3","v108258","1.6.5","370.50","","","","2"
"2023","Canada","2021A000011124","Rice","Imports","Tonnes","288","thousands","3","v108258","1.6.5","559.41","","","","2"
"2024","Canada","2021A000011124","Rice","Imports","Tonnes","288","thousands","3","v108258","1.6.5","336.14","","","","2"
"2025","Canada","2021A000011124","Rice","Imports","Tonnes","288","thousands","3","v108258","1.6.5","377.03","","","","2"
"2021","Canada","2021A000011124","Rice","Total disposition","Tonnes","288","thousands","3","v54326407","1.6.11","","..","","","2"
"2022","Canada","2021A000011124","Rice","Total disposition","Tonnes","288","thousands","3","v54326407","1.6.11","","..","","","2"
"2023","Canada","2021A000011124","Rice","Total disposition","Tonnes","288","thousands","3","v54326407","1.6.11","","..","","","2"
"2024","Canada","2021A000011124","Rice","Total disposition","Tonnes","288","thousands","3","v54326407","1.6.11","","..","","","2"
"2025","Canada","2021A000011124","Rice","Total disposition","Tonnes","288","thousands","3","v54326407","1.6.11","","..","","","2"
"2021","Canada","2021A000011124","Rice","Domestic disappearance","Tonnes","288","thousands","3","v108254","1.6.1","","..","","","2"
"2022","Canada","2021A000011124","Rice","Domestic disappearance","Tonnes","288","thousands","3","v108254","1.6.1","","..","","","2"
"2023","Canada","2021A000011124","Rice","Domestic disappearance","Tonnes","288","thousands","3","v108254","1.6.1","","..","","","2"
"2024","Canada","2021A000011124","Rice","Domestic disappearance","Tonnes","288","thousands","3","v108254","1.6.1","","..","","","2"
"2025","Canada","2021A000011124","Rice","Domestic disappearance","Tonnes","288","thousands","3","v108254","1.6.1","","..","","","2"
"2021","Canada","2021A000011124","Rice","Exports","Tonnes","288","thousands","3","v108260","1.6.7","18.12","","","","2"
"2022","Canada","2021A000011124","Rice","Exports","Tonnes","288","thousands","3","v108260","1.6.7","21.17","","","","2"
"2023","Canada","2021A000011124","Rice","Exports","Tonnes","288","thousands","3","v108260","1.6.7","24.86","","","","2"
"2024","Canada","2021A000011124","Rice","Exports","Tonnes","288","thousands","3","v108260","1.6.7","30.85","","","","2"
"2025","Canada","2021A000011124","Rice","Exports","Tonnes","288","thousands","3","v108260","1.6.7","29.27","","","","2"
"2021","Canada","2021A000011124","Rice","Waste","Tonnes","288","thousands","3","v108262","1.6.9","0.00","","","","2"
"2022","Canada","2021A000011124","Rice","Waste","Tonnes","288","thousands","3","v108262","1.6.9","0.00","","","","2"
"2023","Canada","2021A000011124","Rice","Waste","Tonnes","288","thousands","3","v108262","1.6.9","0.00","","","","2"
"2024","Canada","2021A000011124","Rice","Waste","Tonnes","288","thousands","3","v108262","1.6.9","0.00","","","","2"
"2025","Canada","2021A000011124","Rice","Waste","Tonnes","288","thousands","3","v108262","1.6.9","0.00","","","","2"
"2021","Canada","2021A000011124","Breakfast food","Total supply","Tonnes","288","thousands","3","v108266","1.7.2","","..","","","2"
"2022","Canada","2021A000011124","Breakfast food","Total supply","Tonnes","288","thousands","3","v108266","1.7.2","","..","","","2"
"2023","Canada","2021A000011124","Breakfast food","Total supply","Tonnes","288","thousands","3","v108266","1.7.2","","..","","","2"
"2024","Canada","2021A000011124","Breakfast food","Total supply","Tonnes","288","thousands","3","v108266","1.7.2","","..","","","2"
"2025","Canada","2021A000011124","Breakfast food","Total supply","Tonnes","288","thousands","3","v108266","1.7.2","","..","","","2"
"2021","Canada","2021A000011124","Breakfast food","Imports","Tonnes","288","thousands","3","v108269","1.7.5","249.20","","","","2"
"2022","Canada","2021A000011124","Breakfast food","Imports","Tonnes","288","thousands","3","v108269","1.7.5","200.18","","","","2"
"2023","Canada","2021A000011124","Breakfast food","Imports","Tonnes","288","thousands","3","v108269","1.7.5","182.86","","","","2"
"2024","Canada","2021A000011124","Breakfast food","Imports","Tonnes","288","thousands","3","v108269","1.7.5","","..","","","2"
"2025","Canada","2021A000011124","Breakfast food","Imports","Tonnes","288","thousands","3","v108269","1.7.5","183.87","","","","2"
"2021","Canada","2021A000011124","Breakfast food","Total disposition","Tonnes","288","thousands","3","v54326408","1.7.11","","..","","","2"
"2022","Canada","2021A000011124","Breakfast food","Total disposition","Tonnes","288","thousands","3","v54326408","1.7.11","","..","","","2"
"2023","Canada","2021A000011124","Breakfast food","Total disposition","Tonnes","288","thousands","3","v54326408","1.7.11","","..","","","2"
"2024","Canada","2021A000011124","Breakfast food","Total disposition","Tonnes","288","thousands","3","v54326408","1.7.11","","..","","","2"
"2025","Canada","2021A000011124","Breakfast food","Total disposition","Tonnes","288","thousands","3","v54326408","1.7.11","","..","","","2"
"2021","Canada","2021A000011124","Breakfast food","Exports","Tonnes","288","thousands","3","v108271","1.7.7","140.07","","","","2"
"2022","Canada","2021A000011124","Breakfast food","Exports","Tonnes","288","thousands","3","v108271","1.7.7","138.70","","","","2"
"2023","Canada","2021A000011124","Breakfast food","Exports","Tonnes","288","thousands","3","v108271","1.7.7","134.29","","","","2"
"2024","Canada","2021A000011124","Breakfast food","Exports","Tonnes","288","thousands","3","v108271","1.7.7","","..","","","2"
"2025","Canada","2021A000011124","Breakfast food","Exports","Tonnes","288","thousands","3","v108271","1.7.7","145.59","","","","2"
"2021","Canada","2021A000011124","Sugar refined","Total supply","Tonnes","288","thousands","3","v108277","1.8.2","1920.47","","","","2"
"2022","Canada","2021A000011124","Sugar refined","Total supply","Tonnes","288","thousands","3","v108277","1.8.2","1971.37","","","","2"
"2023","Canada","2021A000011124","Sugar refined","Total supply","Tonnes","288","thousands","3","v108277","1.8.2","1875.45","","","","2"
"2024","Canada","2021A000011124","Sugar refined","Total supply","Tonnes","288","thousands","3","v108277","1.8.2","1987.62","","","","2"
"2025","Canada","2021A000011124","Sugar refined","Total supply","Tonnes","288","thousands","3","v108277","1.8.2","1971.89","","","","2"
"2021","Canada","2021A000011124","Sugar refined","Beginning stocks","Tonnes","288","thousands","3","v108278","1.8.3","94.66","","","","2"
"2022","Canada","2021A000011124","Sugar refined","Beginning stocks","Tonnes","288","thousands","3","v108278","1.8.3","124.17","","","","2"
"2023","Canada","2021A000011124","Sugar refined","Beginning stocks","Tonnes","288","thousands","3","v108278","1.8.3","71.01","","","","2"
"2024","Canada","2021A000011124","Sugar refined","Beginning stocks","Tonnes","288","thousands","3","v108278","1.8.3","56.56","","","","2"
"2025","Canada","2021A000011124","Sugar refined","Beginning stocks","Tonnes","288","thousands","3","v108278","1.8.3","100.83","","","","2"
"2021","Canada","2021A000011124","Sugar refined","Production","Tonnes","288","thousands","3","v108279","1.8.4","1450.18","","","","2"
"2022","Canada","2021A000011124","Sugar refined","Production","Tonnes","288","thousands","3","v108279","1.8.4","1459.64","","","","2"
"2023","Canada","2021A000011124","Sugar refined","Production","Tonnes","288","thousands","3","v108279","1.8.4","1412.89","","","","2"
"2024","Canada","2021A000011124","Sugar refined","Production","Tonnes","288","thousands","3","v108279","1.8.4","1486.07","","","","2"
"2025","Canada","2021A000011124","Sugar refined","Production","Tonnes","288","thousands","3","v108279","1.8.4","1451.46","","","","2"
"2021","Canada","2021A000011124","Sugar refined","Imports","Tonnes","288","thousands","3","v108280","1.8.5","375.63","","","","2"
"2022","Canada","2021A000011124","Sugar refined","Imports","Tonnes","288","thousands","3","v108280","1.8.5","387.56","","","","2"
"2023","Canada","2021A000011124","Sugar refined","Imports","Tonnes","288","thousands","3","v108280","1.8.5","391.55","","","","2"
"2024","Canada","2021A000011124","Sugar refined","Imports","Tonnes","288","thousands","3","v108280","1.8.5","444.99","","","","2"
"2025","Canada","2021A000011124","Sugar refined","Imports","Tonnes","288","thousands","3","v108280","1.8.5","419.60","","","","2"
"2021","Canada","2021A000011124","Sugar refined","Total disposition","Tonnes","288","thousands","3","v54326411","1.8.11","1796.30","","","","2"
"2022","Canada","2021A000011124","Sugar refined","Total disposition","Tonnes","288","thousands","3","v54326411","1.8.11","1900.36","","","","2"
"2023","Canada","2021A000011124","Sugar refined","Total disposition","Tonnes","288","thousands","3","v54326411","1.8.11","1818.89","","","","2"
"2024","Canada","2021A000011124","Sugar refined","Total disposition","Tonnes","288","thousands","3","v54326411","1.8.11","1886.79","","","","2"
"2025","Canada","2021A000011124","Sugar refined","Total disposition","Tonnes","288","thousands","3","v54326411","1.8.11","1855.75","","","","2"
"2021","Canada","2021A000011124","Sugar refined","Domestic disappearance","Tonnes","288","thousands","3","v108276","1.8.1","1144.05","","","","2"
"2022","Canada","2021A000011124","Sugar refined","Domestic disappearance","Tonnes","288","thousands","3","v108276","1.8.1","1233.04","","","","2"
"2023","Canada","2021A000011124","Sugar refined","Domestic disappearance","Tonnes","288","thousands","3","v108276","1.8.1","1155.14","","","","2"
"2024","Canada","2021A000011124","Sugar refined","Domestic disappearance","Tonnes","288","thousands","3","v108276","1.8.1","1181.95","","","","2"
"2025","Canada","2021A000011124","Sugar refined","Domestic disappearance","Tonnes","288","thousands","3","v108276","1.8.1","1129.89","","","","2"
"2021","Canada","2021A000011124","Sugar refined","Exports","Tonnes","288","thousands","3","v108282","1.8.7","652.25","","","","2"
"2022","Canada","2021A000011124","Sugar refined","Exports","Tonnes","288","thousands","3","v108282","1.8.7","667.32","","","","2"
"2023","Canada","2021A000011124","Sugar refined","Exports","Tonnes","288","thousands","3","v108282","1.8.7","663.75","","","","2"
"2024","Canada","2021A000011124","Sugar refined","Exports","Tonnes","288","thousands","3","v108282","1.8.7","704.84","","","","2"
"2025","Canada","2021A000011124","Sugar refined","Exports","Tonnes","288","thousands","3","v108282","1.8.7","725.85","","","","2"
"2021","Canada","2021A000011124","Sugar refined","Ending stocks","Tonnes","288","thousands","3","v108285","1.8.10","124.17","","","","2"
"2022","Canada","2021A000011124","Sugar refined","Ending stocks","Tonnes","288","thousands","3","v108285","1.8.10","71.01","","","","2"
"2023","Canada","2021A000011124","Sugar refined","Ending stocks","Tonnes","288","thousands","3","v108285","1.8.10","56.56","","","","2"
"2024","Canada","2021A000011124","Sugar refined","Ending stocks","Tonnes","288","thousands","3","v108285","1.8.10","100.83","","","","2"
"2025","Canada","2021A000011124","Sugar refined","Ending stocks","Tonnes","288","thousands","3","v108285","1.8.10","116.14","","","","2"
"2021","Canada","2021A000011124","Maple sugar","Total supply","Tonnes","288","thousands","3","v108289","1.9.2","94.28","","","","2"
"2022","Canada","2021A000011124","Maple sugar","Total supply","Tonnes","288","thousands","3","v108289","1.9.2","96.68","","","","2"
"2023","Canada","2021A000011124","Maple sugar","Total supply","Tonnes","288","thousands","3","v108289","1.9.2","67.10","","","","2"
"2024","Canada","2021A000011124","Maple sugar","Total supply","Tonnes","288","thousands","3","v108289","1.9.2","92.92","","","","2"
"2025","Canada","2021A000011124","Maple sugar","Total supply","Tonnes","288","thousands","3","v108289","1.9.2","104.54","","","","2"
"2021","Canada","2021A000011124","Maple sugar","Beginning stocks","Tonnes","288","thousands","3","v108290","1.9.3","45.77","","","","2"
"2022","Canada","2021A000011124","Maple sugar","Beginning stocks","Tonnes","288","thousands","3","v108290","1.9.3","22.03","","","","2"
"2023","Canada","2021A000011124","Maple sugar","Beginning stocks","Tonnes","288","thousands","3","v108290","1.9.3","21.69","E","","","2"
"2024","Canada","2021A000011124","Maple sugar","Beginning stocks","Tonnes","288","thousands","3","v108290","1.9.3","6.78","E","","","2"
"2025","Canada","2021A000011124","Maple sugar","Beginning stocks","Tonnes","288","thousands","3","v108290","1.9.3","23.73","E","","","2"
"2021","Canada","2021A000011124","Maple sugar","Production","Tonnes","288","thousands","3","v108291","1.9.4","47.20","","","","2"
"2022","Canada","2021A000011124","Maple sugar","Production","Tonnes","288","thousands","3","v108291","1.9.4","72.64","","","","2"
"2023","Canada","2021A000011124","Maple sugar","Production","Tonnes","288","thousands","3","v108291","1.9.4","43.52","","","","2"
"2024","Canada","2021A000011124","Maple sugar","Production","Tonnes","288","thousands","3","v108291","1.9.4","83.03","","","","2"
"2025","Canada","2021A000011124","Maple sugar","Production","Tonnes","288","thousands","3","v108291","1.9.4","78.77","","","","2"
"2021","Canada","2021A000011124","Maple sugar","Imports","Tonnes","288","thousands","3","v108292","1.9.5","1.31","","","","2"
"2022","Canada","2021A000011124","Maple sugar","Imports","Tonnes","288","thousands","3","v108292","1.9.5","2.01","","","","2"
"2023","Canada","2021A000011124","Maple sugar","Imports","Tonnes","288","thousands","3","v108292","1.9.5","1.88","","","","2"
"2024","Canada","2021A000011124","Maple sugar","Imports","Tonnes","288","thousands","3","v108292","1.9.5","3.11","","","","2"
"2025","Canada","2021A000011124","Maple sugar","Imports","Tonnes","288","thousands","3","v108292","1.9.5","2.04","","","","2"
"2021","Canada","2021A000011124","Maple sugar","Total disposition","Tonnes","288","thousands","3","v54326410","1.9.11","72.25","","","","2"
"2022","Canada","2021A000011124","Maple sugar","Total disposition","Tonnes","288","thousands","3","v54326410","1.9.11","74.99","","","","2"
"2023","Canada","2021A000011124","Maple sugar","Total disposition","Tonnes","288","thousands","3","v54326410","1.9.11","60.32","","","","2"
"2024","Canada","2021A000011124","Maple sugar","Total disposition","Tonnes","288","thousands","3","v54326410","1.9.11","69.20","","","","2"
"2025","Canada","2021A000011124","Maple sugar","Total disposition","Tonnes","288","thousands","3","v54326410","1.9.11","82.17","","","","2"
"2021","Canada","2021A000011124","Maple sugar","Domestic disappearance","Tonnes","288","thousands","3","v108288","1.9.1","20.54","","","","2"
"2022","Canada","2021A000011124","Maple sugar","Domestic disappearance","Tonnes","288","thousands","3","v108288","1.9.1","26.02","","","","2"
"2023","Canada","2021A000011124","Maple sugar","Domestic disappearance","Tonnes","288","thousands","3","v108288","1.9.1","14.83","","","","2"
"2024","Canada","2021A000011124","Maple sugar","Domestic disappearance","Tonnes","288","thousands","3","v108288","1.9.1","19.71","","","","2"
"2025","Canada","2021A000011124","Maple sugar","Domestic disappearance","Tonnes","288","thousands","3","v108288","1.9.1","24.86","","","","2"
"2021","Canada","2021A000011124","Maple sugar","Exports","Tonnes","288","thousands","3","v108294","1.9.7","51.71","","","","2"
"2022","Canada","2021A000011124","Maple sugar","Exports","Tonnes","288","thousands","3","v108294","1.9.7","48.96","","","","2"
"2023","Canada","2021A000011124","Maple sugar","Exports","Tonnes","288","thousands","3","v108294","1.9.7","45.49","","","","2"
"2024","Canada","2021A000011124","Maple sugar","Exports","Tonnes","288","thousands","3","v108294","1.9.7","49.49","","","","2"
"2025","Canada","2021A000011124","Maple sugar","Exports","Tonnes","288","thousands","3","v108294","1.9.7","57.31","","","","2"
"2021","Canada","2021A000011124","Maple sugar","Ending stocks","Tonnes","288","thousands","3","v108297","1.9.10","22.03","","","","2"
"2022","Canada","2021A000011124","Maple sugar","Ending stocks","Tonnes","288","thousands","3","v108297","1.9.10","21.69","E","","","2"
"2023","Canada","2021A000011124","Maple sugar","Ending stocks","Tonnes","288","thousands","3","v108297","1.9.10","6.78","E","","","2"
"2024","Canada","2021A000011124","Maple sugar","Ending stocks","Tonnes","288","thousands","3","v108297","1.9.10","23.73","E","","","2"
"2025","Canada","2021A000011124","Maple sugar","Ending stocks","Tonnes","288","thousands","3","v108297","1.9.10","22.37","E","","","2"
"2021","Canada","2021A000011124","Honey","Total supply","Tonnes","288","thousands","3","v108301","1.10.2","50.17","","","","2"
"2022","Canada","2021A000011124","Honey","Total supply","Tonnes","288","thousands","3","v108301","1.10.2","46.01","","","","2"
"2023","Canada","2021A000011124","Honey","Total supply","Tonnes","288","thousands","3","v108301","1.10.2","52.98","","","","2"
"2024","Canada","2021A000011124","Honey","Total supply","Tonnes","288","thousands","3","v108301","1.10.2","49.16","","","","2"
"2025","Canada","2021A000011124","Honey","Total supply","Tonnes","288","thousands","3","v108301","1.10.2","51.28","","","","2"
"2021","Canada","2021A000011124","Honey","Production","Tonnes","288","thousands","3","v108303","1.10.4","41.97","","","","2"
"2022","Canada","2021A000011124","Honey","Production","Tonnes","288","thousands","3","v108303","1.10.4","35.44","","","","2"
"2023","Canada","2021A000011124","Honey","Production","Tonnes","288","thousands","3","v108303","1.10.4","45.55","","","","2"
"2024","Canada","2021A000011124","Honey","Production","Tonnes","288","thousands","3","v108303","1.10.4","38.58","","","","2"
"2025","Canada","2021A000011124","Honey","Production","Tonnes","288","thousands","3","v108303","1.10.4","40.04","","","","2"
"2021","Canada","2021A000011124","Honey","Imports","Tonnes","288","thousands","3","v108304","1.10.5","8.20","","","","2"
"2022","Canada","2021A000011124","Honey","Imports","Tonnes","288","thousands","3","v108304","1.10.5","10.57","","","","2"
"2023","Canada","2021A000011124","Honey","Imports","Tonnes","288","thousands","3","v108304","1.10.5","7.43","","","","2"
"2024","Canada","2021A000011124","Honey","Imports","Tonnes","288","thousands","3","v108304","1.10.5","10.58","","","","2"
"2025","Canada","2021A000011124","Honey","Imports","Tonnes","288","thousands","3","v108304","1.10.5","11.24","","","","2"
"2021","Canada","2021A000011124","Honey","Total disposition","Tonnes","288","thousands","3","v54326409","1.10.11","50.17","","","","2"
"2022","Canada","2021A000011124","Honey","Total disposition","Tonnes","288","thousands","3","v54326409","1.10.11","46.01","","","","2"
"2023","Canada","2021A000011124","Honey","Total disposition","Tonnes","288","thousands","3","v54326409","1.10.11","52.98","","","","2"
"2024","Canada","2021A000011124","Honey","Total disposition","Tonnes","288","thousands","3","v54326409","1.10.11","49.16","","","","2"
"2025","Canada","2021A000011124","Honey","Total disposition","Tonnes","288","thousands","3","v54326409","1.10.11","51.28","","","","2"
"2021","Canada","2021A000011124","Honey","Domestic disappearance","Tonnes","288","thousands","3","v108300","1.10.1","42.64","","","","2"
"2022","Canada","2021A000011124","Honey","Domestic disappearance","Tonnes","288","thousands","3","v108300","1.10.1","34.85","","","","2"
"2023","Canada","2021A000011124","Honey","Domestic disappearance","Tonnes","288","thousands","3","v108300","1.10.1","45.59","","","","2"
"2024","Canada","2021A000011124","Honey","Domestic disappearance","Tonnes","288","thousands","3","v108300","1.10.1","37.95","","","","2"
"2025","Canada","2021A000011124","Honey","Domestic disappearance","Tonnes","288","thousands","3","v108300","1.10.1","41.44","","","","2"
"2021","Canada","2021A000011124","Honey","Exports","Tonnes","288","thousands","3","v108306","1.10.7","7.53","","","","2"
"2022","Canada","2021A000011124","Honey","Exports","Tonnes","288","thousands","3","v108306","1.10.7","11.15","","","","2"
"2023","Canada","2021A000011124","Honey","Exports","Tonnes","288","thousands","3","v108306","1.10.7","7.39","","","","2"
"2024","Canada","2021A000011124","Honey","Exports","Tonnes","288","thousands","3","v108306","1.10.7","11.21","","","","2"
"2025","Canada","2021A000011124","Honey","Exports","Tonnes","288","thousands","3","v108306","1.10.7","9.85","","","","2"
"2021","Canada","2021A000011124","Dry beans","Total supply","Tonnes","288","thousands","3","v108313","1.11.2","","F","","","2"
"2022","Canada","2021A000011124","Dry beans","Total supply","Tonnes","288","thousands","3","v108313","1.11.2","","F","","","2"
"2023","Canada","2021A000011124","Dry beans","Total supply","Tonnes","288","thousands","3","v108313","1.11.2","","F","","","2"
"2024","Canada","2021A000011124","Dry beans","Total supply","Tonnes","288","thousands","3","v108313","1.11.2","","F","","","2"
"2025","Canada","2021A000011124","Dry beans","Total supply","Tonnes","288","thousands","3","v108313","1.11.2","","F","","","2"
"2021","Canada","2021A000011124","Dry beans","Production","Tonnes","288","thousands","3","v108315","1.11.4","","F","","","2"
"2022","Canada","2021A000011124","Dry beans","Production","Tonnes","288","thousands","3","v108315","1.11.4","","F","","","2"
"2023","Canada","2021A000011124","Dry beans","Production","Tonnes","288","thousands","3","v108315","1.11.4","","F","","","2"
"2024","Canada","2021A000011124","Dry beans","Production","Tonnes","288","thousands","3","v108315","1.11.4","","F","","","2"
"2025","Canada","2021A000011124","Dry beans","Production","Tonnes","288","thousands","3","v108315","1.11.4","","F","","","2"
"2021","Canada","2021A000011124","Dry beans","Imports","Tonnes","288","thousands","3","v108316","1.11.5","","F","","","2"
"2022","Canada","2021A000011124","Dry beans","Imports","Tonnes","288","thousands","3","v108316","1.11.5","","F","","","2"
"2023","Canada","2021A000011124","Dry beans","Imports","Tonnes","288","thousands","3","v108316","1.11.5","","F","","","2"
"2024","Canada","2021A000011124","Dry beans","Imports","Tonnes","288","thousands","3","v108316","1.11.5","","F","","","2"
"2025","Canada","2021A000011124","Dry beans","Imports","Tonnes","288","thousands","3","v108316","1.11.5","","F","","","2"
"2021","Canada","2021A000011124","Dry beans","Total disposition","Tonnes","288","thousands","3","v54326413","1.11.11","","F","","","2"
"2022","Canada","2021A000011124","Dry beans","Total disposition","Tonnes","288","thousands","3","v54326413","1.11.11","","F","","","2"
"2023","Canada","2021A000011124","Dry beans","Total disposition","Tonnes","288","thousands","3","v54326413","1.11.11","","F","","","2"
"2024","Canada","2021A000011124","Dry beans","Total disposition","Tonnes","288","thousands","3","v54326413","1.11.11","","F","","","2"
"2025","Canada","2021A000011124","Dry beans","Total disposition","Tonnes","288","thousands","3","v54326413","1.11.11","","F","","","2"
"2021","Canada","2021A000011124","Dry beans","Exports","Tonnes","288","thousands","3","v108318","1.11.7","","F","","","2"
"2022","Canada","2021A000011124","Dry beans","Exports","Tonnes","288","thousands","3","v108318","1.11.7","","F","","","2"
"2023","Canada","2021A000011124","Dry beans","Exports","Tonnes","288","thousands","3","v108318","1.11.7","","F","","","2"
"2024","Canada","2021A000011124","Dry beans","Exports","Tonnes","288","thousands","3","v108318","1.11.7","","F","","","2"
"2025","Canada","2021A000011124","Dry beans","Exports","Tonnes","288","thousands","3","v108318","1.11.7","","F","","","2"
"2021","Canada","2021A000011124","Baked and canned beans","Imports","Tonnes","288","thousands","3","v108327","1.12.5","5.49","","","","2"
"2022","Canada","2021A000011124","Baked and canned beans","Imports","Tonnes","288","thousands","3","v108327","1.12.5","6.11","","","","2"
"2023","Canada","2021A000011124","Baked and canned beans","Imports","Tonnes","288","thousands","3","v108327","1.12.5","5.87","","","","2"
"2024","Canada","2021A000011124","Baked and canned beans","Imports","Tonnes","288","thousands","3","v108327","1.12.5","","..","","","2"
"2025","Canada","2021A000011124","Baked and canned beans","Imports","Tonnes","288","thousands","3","v108327","1.12.5","5.28","","","","2"
"2021","Canada","2021A000011124","Baked and canned beans","Total disposition","Tonnes","288","thousands","3","v54326414","1.12.11","","..","","","2"
"2022","Canada","2021A000011124","Baked and canned beans","Total disposition","Tonnes","288","thousands","3","v54326414","1.12.11","","..","","","2"
"2023","Canada","2021A000011124","Baked and canned beans","Total disposition","Tonnes","288","thousands","3","v54326414","1.12.11","","..","","","2"
"2024","Canada","2021A000011124","Baked and canned beans","Total disposition","Tonnes","288","thousands","3","v54326414","1.12.11","","..","","","2"
"2025","Canada","2021A000011124","Baked and canned beans","Total disposition","Tonnes","288","thousands","3","v54326414","1.12.11","","..","","","2"
"2021","Canada","2021A000011124","Dry peas","Total supply","Tonnes","288","thousands","3","v108335","1.13.2","","F","","","2"
"2022","Canada","2021A000011124","Dry peas","Total supply","Tonnes","288","thousands","3","v108335","1.13.2","","F","","","2"
"2023","Canada","2021A000011124","Dry peas","Total supply","Tonnes","288","thousands","3","v108335","1.13.2","","F","","","2"
"2024","Canada","2021A000011124","Dry peas","Total supply","Tonnes","288","thousands","3","v108335","1.13.2","","F","","","2"
"2025","Canada","2021A000011124","Dry peas","Total supply","Tonnes","288","thousands","3","v108335","1.13.2","","F","","","2"
"2021","Canada","2021A000011124","Dry peas","Production","Tonnes","288","thousands","3","v108337","1.13.4","","F","","","2"
"2022","Canada","2021A000011124","Dry peas","Production","Tonnes","288","thousands","3","v108337","1.13.4","","F","","","2"
"2023","Canada","2021A000011124","Dry peas","Production","Tonnes","288","thousands","3","v108337","1.13.4","","F","","","2"
"2024","Canada","2021A000011124","Dry peas","Production","Tonnes","288","thousands","3","v108337","1.13.4","","F","","","2"
"2025","Canada","2021A000011124","Dry peas","Production","Tonnes","288","thousands","3","v108337","1.13.4","","F","","","2"
"2021","Canada","2021A000011124","Dry peas","Imports","Tonnes","288","thousands","3","v108338","1.13.5","","F","","","2"
"2022","Canada","2021A000011124","Dry peas","Imports","Tonnes","288","thousands","3","v108338","1.13.5","","F","","","2"
"2023","Canada","2021A000011124","Dry peas","Imports","Tonnes","288","thousands","3","v108338","1.13.5","","F","","","2"
"2024","Canada","2021A000011124","Dry peas","Imports","Tonnes","288","thousands","3","v108338","1.13.5","","F","","","2"
"2025","Canada","2021A000011124","Dry peas","Imports","Tonnes","288","thousands","3","v108338","1.13.5","","F","","","2"
"2021","Canada","2021A000011124","Dry peas","Total disposition","Tonnes","288","thousands","3","v54326415","1.13.11","","F","","","2"
"2022","Canada","2021A000011124","Dry peas","Total disposition","Tonnes","288","thousands","3","v54326415","1.13.11","","F","","","2"
"2023","Canada","2021A000011124","Dry peas","Total disposition","Tonnes","288","thousands","3","v54326415","1.13.11","","F","","","2"
"2024","Canada","2021A000011124","Dry peas","Total disposition","Tonnes","288","thousands","3","v54326415","1.13.11","","F","","","2"
"2025","Canada","2021A000011124","Dry peas","Total disposition","Tonnes","288","thousands","3","v54326415","1.13.11","","F","","","2"
"2021","Canada","2021A000011124","Dry peas","Exports","Tonnes","288","thousands","3","v108340","1.13.7","","F","","","2"
"2022","Canada","2021A000011124","Dry peas","Exports","Tonnes","288","thousands","3","v108340","1.13.7","","F","","","2"
"2023","Canada","2021A000011124","Dry peas","Exports","Tonnes","288","thousands","3","v108340","1.13.7","","F","","","2"
"2024","Canada","2021A000011124","Dry peas","Exports","Tonnes","288","thousands","3","v108340","1.13.7","","F","","","2"
"2025","Canada","2021A000011124","Dry peas","Exports","Tonnes","288","thousands","3","v108340","1.13.7","","F","","","2"
"2021","Canada","2021A000011124","Dry peas","Waste","Tonnes","288","thousands","3","v108342","1.13.9","","F","","","2"
"2022","Canada","2021A000011124","Dry peas","Waste","Tonnes","288","thousands","3","v108342","1.13.9","","F","","","2"
"2023","Canada","2021A000011124","Dry peas","Waste","Tonnes","288","thousands","3","v108342","1.13.9","","F","","","2"
"2024","Canada","2021A000011124","Dry peas","Waste","Tonnes","288","thousands","3","v108342","1.13.9","","F","","","2"
"2025","Canada","2021A000011124","Dry peas","Waste","Tonnes","288","thousands","3","v108342","1.13.9","","F","","","2"
"2021","Canada","2021A000011124","Peanuts","Total supply","Tonnes","288","thousands","3","v108346","1.14.2","","..","","","2"
"2022","Canada","2021A000011124","Peanuts","Total supply","Tonnes","288","thousands","3","v108346","1.14.2","","..","","","2"
"2023","Canada","2021A000011124","Peanuts","Total supply","Tonnes","288","thousands","3","v108346","1.14.2","","..","","","2"
"2024","Canada","2021A000011124","Peanuts","Total supply","Tonnes","288","thousands","3","v108346","1.14.2","","..","","","2"
"2025","Canada","2021A000011124","Peanuts","Total supply","Tonnes","288","thousands","3","v108346","1.14.2","","..","","","2"
"2021","Canada","2021A000011124","Peanuts","Imports","Tonnes","288","thousands","3","v108349","1.14.5","129.57","","","","2"
"2022","Canada","2021A000011124","Peanuts","Imports","Tonnes","288","thousands","3","v108349","1.14.5","130.67","","","","2"
"2023","Canada","2021A000011124","Peanuts","Imports","Tonnes","288","thousands","3","v108349","1.14.5","127.82","","","","2"
"2024","Canada","2021A000011124","Peanuts","Imports","Tonnes","288","thousands","3","v108349","1.14.5","137.94","","","","2"
"2025","Canada","2021A000011124","Peanuts","Imports","Tonnes","288","thousands","3","v108349","1.14.5","137.99","","","","2"
"2021","Canada","2021A000011124","Peanuts","Total disposition","Tonnes","288","thousands","3","v54326416","1.14.11","129.57","","","","2"
"2022","Canada","2021A000011124","Peanuts","Total disposition","Tonnes","288","thousands","3","v54326416","1.14.11","130.67","","","","2"
"2023","Canada","2021A000011124","Peanuts","Total disposition","Tonnes","288","thousands","3","v54326416","1.14.11","127.82","","","","2"
"2024","Canada","2021A000011124","Peanuts","Total disposition","Tonnes","288","thousands","3","v54326416","1.14.11","137.94","","","","2"
"2025","Canada","2021A000011124","Peanuts","Total disposition","Tonnes","288","thousands","3","v54326416","1.14.11","137.99","","","","2"
"2021","Canada","2021A000011124","Peanuts","Domestic disappearance","Tonnes","288","thousands","3","v108345","1.14.1","127.03","","","","2"
"2022","Canada","2021A000011124","Peanuts","Domestic disappearance","Tonnes","288","thousands","3","v108345","1.14.1","128.82","","","","2"
"2023","Canada","2021A000011124","Peanuts","Domestic disappearance","Tonnes","288","thousands","3","v108345","1.14.1","126.52","","","","2"
"2024","Canada","2021A000011124","Peanuts","Domestic disappearance","Tonnes","288","thousands","3","v108345","1.14.1","135.90","","","","2"
"2025","Canada","2021A000011124","Peanuts","Domestic disappearance","Tonnes","288","thousands","3","v108345","1.14.1","135.51","","","","2"
"2021","Canada","2021A000011124","Peanuts","Exports","Tonnes","288","thousands","3","v108351","1.14.7","2.54","","","","2"
"2022","Canada","2021A000011124","Peanuts","Exports","Tonnes","288","thousands","3","v108351","1.14.7","1.86","","","","2"
"2023","Canada","2021A000011124","Peanuts","Exports","Tonnes","288","thousands","3","v108351","1.14.7","1.30","","","","2"
"2024","Canada","2021A000011124","Peanuts","Exports","Tonnes","288","thousands","3","v108351","1.14.7","2.03","","","","2"
"2025","Canada","2021A000011124","Peanuts","Exports","Tonnes","288","thousands","3","v108351","1.14.7","2.48","","","","2"
"2021","Canada","2021A000011124","Tree nuts","Total supply","Tonnes","288","thousands","3","v108357","1.15.2","79.59","","","","2"
"2022","Canada","2021A000011124","Tree nuts","Total supply","Tonnes","288","thousands","3","v108357","1.15.2","71.16","","","","2"
"2023","Canada","2021A000011124","Tree nuts","Total supply","Tonnes","288","thousands","3","v108357","1.15.2","71.38","","","","2"
"2024","Canada","2021A000011124","Tree nuts","Total supply","Tonnes","288","thousands","3","v108357","1.15.2","76.91","","","","2"
"2025","Canada","2021A000011124","Tree nuts","Total supply","Tonnes","288","thousands","3","v108357","1.15.2","74.50","","","","2"
"2021","Canada","2021A000011124","Tree nuts","Production","Tonnes","288","thousands","3","v108359","1.15.4","0.04","","","","2"
"2022","Canada","2021A000011124","Tree nuts","Production","Tonnes","288","thousands","3","v108359","1.15.4","0.05","","","","2"
"2023","Canada","2021A000011124","Tree nuts","Production","Tonnes","288","thousands","3","v108359","1.15.4","0.07","","","","2"
"2024","Canada","2021A000011124","Tree nuts","Production","Tonnes","288","thousands","3","v108359","1.15.4","0.21","","","","2"
"2025","Canada","2021A000011124","Tree nuts","Production","Tonnes","288","thousands","3","v108359","1.15.4","0.25","","","","2"
"2021","Canada","2021A000011124","Tree nuts","Imports","Tonnes","288","thousands","3","v108360","1.15.5","79.55","","","","2"
"2022","Canada","2021A000011124","Tree nuts","Imports","Tonnes","288","thousands","3","v108360","1.15.5","71.11","","","","2"
"2023","Canada","2021A000011124","Tree nuts","Imports","Tonnes","288","thousands","3","v108360","1.15.5","71.31","","","","2"
"2024","Canada","2021A000011124","Tree nuts","Imports","Tonnes","288","thousands","3","v108360","1.15.5","76.70","","","","2"
"2025","Canada","2021A000011124","Tree nuts","Imports","Tonnes","288","thousands","3","v108360","1.15.5","74.26","","","","2"
"2021","Canada","2021A000011124","Tree nuts","Total disposition","Tonnes","288","thousands","3","v54326417","1.15.11","79.59","","","","2"
"2022","Canada","2021A000011124","Tree nuts","Total disposition","Tonnes","288","thousands","3","v54326417","1.15.11","71.16","","","","2"
"2023","Canada","2021A000011124","Tree nuts","Total disposition","Tonnes","288","thousands","3","v54326417","1.15.11","71.38","","","","2"
"2024","Canada","2021A000011124","Tree nuts","Total disposition","Tonnes","288","thousands","3","v54326417","1.15.11","76.91","","","","2"
"2025","Canada","2021A000011124","Tree nuts","Total disposition","Tonnes","288","thousands","3","v54326417","1.15.11","74.50","","","","2"
"2021","Canada","2021A000011124","Tree nuts","Domestic disappearance","Tonnes","288","thousands","3","v108356","1.15.1","75.98","","","","2"
"2022","Canada","2021A000011124","Tree nuts","Domestic disappearance","Tonnes","288","thousands","3","v108356","1.15.1","69.56","","","","2"
"2023","Canada","2021A000011124","Tree nuts","Domestic disappearance","Tonnes","288","thousands","3","v108356","1.15.1","70.61","","","","2"
"2024","Canada","2021A000011124","Tree nuts","Domestic disappearance","Tonnes","288","thousands","3","v108356","1.15.1","75.40","","","","2"
"2025","Canada","2021A000011124","Tree nuts","Domestic disappearance","Tonnes","288","thousands","3","v108356","1.15.1","72.79","","","","2"
"2021","Canada","2021A000011124","Tree nuts","Exports","Tonnes","288","thousands","3","v108362","1.15.7","3.61","","","","2"
"2022","Canada","2021A000011124","Tree nuts","Exports","Tonnes","288","thousands","3","v108362","1.15.7","1.61","","","","2"
"2023","Canada","2021A000011124","Tree nuts","Exports","Tonnes","288","thousands","3","v108362","1.15.7","0.76","","","","2"
"2024","Canada","2021A000011124","Tree nuts","Exports","Tonnes","288","thousands","3","v108362","1.15.7","1.51","","","","2"
"2025","Canada","2021A000011124","Tree nuts","Exports","Tonnes","288","thousands","3","v108362","1.15.7","1.71","","","","2"
"2021","Canada","2021A000011124","Tea","Total supply","Tonnes","288","thousands","3","v108368","1.16.2","","..","","","2"
"2022","Canada","2021A000011124","Tea","Total supply","Tonnes","288","thousands","3","v108368","1.16.2","","..","","","2"
"2023","Canada","2021A000011124","Tea","Total supply","Tonnes","288","thousands","3","v108368","1.16.2","","..","","","2"
"2024","Canada","2021A000011124","Tea","Total supply","Tonnes","288","thousands","3","v108368","1.16.2","","..","","","2"
"2025","Canada","2021A000011124","Tea","Total supply","Tonnes","288","thousands","3","v108368","1.16.2","","..","","","2"
"2021","Canada","2021A000011124","Tea","Imports","Tonnes","288","thousands","3","v108371","1.16.5","41.76","","","","2"
"2022","Canada","2021A000011124","Tea","Imports","Tonnes","288","thousands","3","v108371","1.16.5","47.72","","","","2"
"2023","Canada","2021A000011124","Tea","Imports","Tonnes","288","thousands","3","v108371","1.16.5","40.52","","","","2"
"2024","Canada","2021A000011124","Tea","Imports","Tonnes","288","thousands","3","v108371","1.16.5","","..","","","2"
"2025","Canada","2021A000011124","Tea","Imports","Tonnes","288","thousands","3","v108371","1.16.5","54.77","","","","2"
"2021","Canada","2021A000011124","Tea","Total disposition","Tonnes","288","thousands","3","v54326418","1.16.11","41.76","","","","2"
"2022","Canada","2021A000011124","Tea","Total disposition","Tonnes","288","thousands","3","v54326418","1.16.11","47.72","","","","2"
"2023","Canada","2021A000011124","Tea","Total disposition","Tonnes","288","thousands","3","v54326418","1.16.11","40.52","","","","2"
"2024","Canada","2021A000011124","Tea","Total disposition","Tonnes","288","thousands","3","v54326418","1.16.11","","..","","","2"
"2025","Canada","2021A000011124","Tea","Total disposition","Tonnes","288","thousands","3","v54326418","1.16.11","54.77","","","","2"
"2021","Canada","2021A000011124","Tea","Domestic disappearance","Tonnes","288","thousands","3","v108367","1.16.1","39.91","","","","2"
"2022","Canada","2021A000011124","Tea","Domestic disappearance","Tonnes","288","thousands","3","v108367","1.16.1","45.70","","","","2"
"2023","Canada","2021A000011124","Tea","Domestic disappearance","Tonnes","288","thousands","3","v108367","1.16.1","38.37","","","","2"
"2024","Canada","2021A000011124","Tea","Domestic disappearance","Tonnes","288","thousands","3","v108367","1.16.1","","..","","","2"
"2025","Canada","2021A000011124","Tea","Domestic disappearance","Tonnes","288","thousands","3","v108367","1.16.1","50.37","","","","2"
"2021","Canada","2021A000011124","Tea","Exports","Tonnes","288","thousands","3","v108373","1.16.7","1.86","","","","2"
"2022","Canada","2021A000011124","Tea","Exports","Tonnes","288","thousands","3","v108373","1.16.7","2.02","","","","2"
"2023","Canada","2021A000011124","Tea","Exports","Tonnes","288","thousands","3","v108373","1.16.7","2.14","","","","2"
"2024","Canada","2021A000011124","Tea","Exports","Tonnes","288","thousands","3","v108373","1.16.7","","..","","","2"
"2025","Canada","2021A000011124","Tea","Exports","Tonnes","288","thousands","3","v108373","1.16.7","4.40","","","","2"
"2021","Canada","2021A000011124","Coffee","Total supply","Tonnes","288","thousands","3","v108379","1.17.2","","..","","","2"
"2022","Canada","2021A000011124","Coffee","Total supply","Tonnes","288","thousands","3","v108379","1.17.2","","..","","","2"
"2023","Canada","2021A000011124","Coffee","Total supply","Tonnes","288","thousands","3","v108379","1.17.2","","..","","","2"
"2024","Canada","2021A000011124","Coffee","Total supply","Tonnes","288","thousands","3","v108379","1.17.2","","..","","","2"
"2025","Canada","2021A000011124","Coffee","Total supply","Tonnes","288","thousands","3","v108379","1.17.2","","..","","","2"
"2021","Canada","2021A000011124","Coffee","Imports","Tonnes","288","thousands","3","v108382","1.17.5","387.35","","","","2"
"2022","Canada","2021A000011124","Coffee","Imports","Tonnes","288","thousands","3","v108382","1.17.5","414.67","","","","2"
"2023","Canada","2021A000011124","Coffee","Imports","Tonnes","288","thousands","3","v108382","1.17.5","394.16","","","","2"
"2024","Canada","2021A000011124","Coffee","Imports","Tonnes","288","thousands","3","v108382","1.17.5","","..","","","2"
"2025","Canada","2021A000011124","Coffee","Imports","Tonnes","288","thousands","3","v108382","1.17.5","396.00","","","","2"
"2021","Canada","2021A000011124","Coffee","Total disposition","Tonnes","288","thousands","3","v54326419","1.17.11","387.35","","","","2"
"2022","Canada","2021A000011124","Coffee","Total disposition","Tonnes","288","thousands","3","v54326419","1.17.11","414.67","","","","2"
"2023","Canada","2021A000011124","Coffee","Total disposition","Tonnes","288","thousands","3","v54326419","1.17.11","394.16","","","","2"
"2024","Canada","2021A000011124","Coffee","Total disposition","Tonnes","288","thousands","3","v54326419","1.17.11","","..","","","2"
"2025","Canada","2021A000011124","Coffee","Total disposition","Tonnes","288","thousands","3","v54326419","1.17.11","396.00","","","","2"
"2021","Canada","2021A000011124","Coffee","Domestic disappearance","Tonnes","288","thousands","3","v108378","1.17.1","301.49","","","","2"
"2022","Canada","2021A000011124","Coffee","Domestic disappearance","Tonnes","288","thousands","3","v108378","1.17.1","318.63","","","","2"
"2023","Canada","2021A000011124","Coffee","Domestic disappearance","Tonnes","288","thousands","3","v108378","1.17.1","301.00","","","","2"
"2024","Canada","2021A000011124","Coffee","Domestic disappearance","Tonnes","288","thousands","3","v108378","1.17.1","","..","","","2"
"2025","Canada","2021A000011124","Coffee","Domestic disappearance","Tonnes","288","thousands","3","v108378","1.17.1","309.56","","","","2"
"2021","Canada","2021A000011124","Coffee","Exports","Tonnes","288","thousands","3","v108384","1.17.7","85.86","","","","2"
"2022","Canada","2021A000011124","Coffee","Exports","Tonnes","288","thousands","3","v108384","1.17.7","96.04","","","","2"
"2023","Canada","2021A000011124","Coffee","Exports","Tonnes","288","thousands","3","v108384","1.17.7","93.16","","","","2"
"2024","Canada","2021A000011124","Coffee","Exports","Tonnes","288","thousands","3","v108384","1.17.7","","..","","","2"
"2025","Canada","2021A000011124","Coffee","Exports","Tonnes","288","thousands","3","v108384","1.17.7","86.44","","","","2"
"2021","Canada","2021A000011124","Cocoa","Total disposition","Tonnes","288","thousands","3","v54326420","1.18.11","","..","","","2"
"2022","Canada","2021A000011124","Cocoa","Total disposition","Tonnes","288","thousands","3","v54326420","1.18.11","","..","","","2"
"2023","Canada","2021A000011124","Cocoa","Total disposition","Tonnes","288","thousands","3","v54326420","1.18.11","","..","","","2"
"2024","Canada","2021A000011124","Cocoa","Total disposition","Tonnes","288","thousands","3","v54326420","1.18.11","","..","","","2"
"2025","Canada","2021A000011124","Cocoa","Total disposition","Tonnes","288","thousands","3","v54326420","1.18.11","","..","","","2"
"2021","Canada","2021A000011124","Ale, beer, stout and porter","Imports","Kilolitres","195","thousands","3","v108404","1.19.5","294.10","","","","2"
"2022","Canada","2021A000011124","Ale, beer, stout and porter","Imports","Kilolitres","195","thousands","3","v108404","1.19.5","234.14","","","","2"
"2023","Canada","2021A000011124","Ale, beer, stout and porter","Imports","Kilolitres","195","thousands","3","v108404","1.19.5","253.80","","","","2"
"2024","Canada","2021A000011124","Ale, beer, stout and porter","Imports","Kilolitres","195","thousands","3","v108404","1.19.5","189.91","","","","2"
"2025","Canada","2021A000011124","Ale, beer, stout and porter","Imports","Kilolitres","195","thousands","3","v108404","1.19.5","184.80","","","","2"
"2021","Canada","2021A000011124","Ale, beer, stout and porter","Total disposition","Kilolitres","195","thousands","3","v54326422","1.19.11","2260.71","","","","2"
"2022","Canada","2021A000011124","Ale, beer, stout and porter","Total disposition","Kilolitres","195","thousands","3","v54326422","1.19.11","2204.51","","","","2"
"2023","Canada","2021A000011124","Ale, beer, stout and porter","Total disposition","Kilolitres","195","thousands","3","v54326422","1.19.11","2173.33","","","","2"
"2024","Canada","2021A000011124","Ale, beer, stout and porter","Total disposition","Kilolitres","195","thousands","3","v54326422","1.19.11","2077.68","","","","2"
"2025","Canada","2021A000011124","Ale, beer, stout and porter","Total disposition","Kilolitres","195","thousands","3","v54326422","1.19.11","1946.38","","","","2"
"2021","Canada","2021A000011124","Ale, beer, stout and porter","Domestic disappearance","Kilolitres","195","thousands","3","v108400","1.19.1","2120.50","","","","2"
"2022","Canada","2021A000011124","Ale, beer, stout and porter","Domestic disappearance","Kilolitres","195","thousands","3","v108400","1.19.1","2061.32","","","","2"
"2023","Canada","2021A000011124","Ale, beer, stout and porter","Domestic disappearance","Kilolitres","195","thousands","3","v108400","1.19.1","2041.65","","","","2"
"2024","Canada","2021A000011124","Ale, beer, stout and porter","Domestic disappearance","Kilolitres","195","thousands","3","v108400","1.19.1","1949.96","","","","2"
"2025","Canada","2021A000011124","Ale, beer, stout and porter","Domestic disappearance","Kilolitres","195","thousands","3","v108400","1.19.1","1875.99","","","","2"
"2021","Canada","2021A000011124","Ale, beer, stout and porter","Exports","Kilolitres","195","thousands","3","v108406","1.19.7","140.21","","","","2"
"2022","Canada","2021A000011124","Ale, beer, stout and porter","Exports","Kilolitres","195","thousands","3","v108406","1.19.7","143.19","","","","2"
"2023","Canada","2021A000011124","Ale, beer, stout and porter","Exports","Kilolitres","195","thousands","3","v108406","1.19.7","131.68","","","","2"
"2024","Canada","2021A000011124","Ale, beer, stout and porter","Exports","Kilolitres","195","thousands","3","v108406","1.19.7","127.72","","","","2"
"2025","Canada","2021A000011124","Ale, beer, stout and porter","Exports","Kilolitres","195","thousands","3","v108406","1.19.7","70.39","","","","2"
"2021","Canada","2021A000011124","Distilled spirits","Imports","Kilolitres","195","thousands","3","v108415","1.20.5","25.88","","","","2"
"2022","Canada","2021A000011124","Distilled spirits","Imports","Kilolitres","195","thousands","3","v108415","1.20.5","26.34","","","","2"
"2023","Canada","2021A000011124","Distilled spirits","Imports","Kilolitres","195","thousands","3","v108415","1.20.5","29.05","","","","2"
"2024","Canada","2021A000011124","Distilled spirits","Imports","Kilolitres","195","thousands","3","v108415","1.20.5","26.53","","","","2"
"2025","Canada","2021A000011124","Distilled spirits","Imports","Kilolitres","195","thousands","3","v108415","1.20.5","26.45","","","","2"
"2021","Canada","2021A000011124","Distilled spirits","Total disposition","Kilolitres","195","thousands","3","v54326423","1.20.11","368.15","","","","2"
"2022","Canada","2021A000011124","Distilled spirits","Total disposition","Kilolitres","195","thousands","3","v54326423","1.20.11","361.07","","","","2"
"2023","Canada","2021A000011124","Distilled spirits","Total disposition","Kilolitres","195","thousands","3","v54326423","1.20.11","352.81","","","","2"
"2024","Canada","2021A000011124","Distilled spirits","Total disposition","Kilolitres","195","thousands","3","v54326423","1.20.11","329.72","","","","2"
"2025","Canada","2021A000011124","Distilled spirits","Total disposition","Kilolitres","195","thousands","3","v54326423","1.20.11","309.64","","","","2"
"2021","Canada","2021A000011124","Distilled spirits","Domestic disappearance","Kilolitres","195","thousands","3","v108411","1.20.1","191.70","","","","2"
"2022","Canada","2021A000011124","Distilled spirits","Domestic disappearance","Kilolitres","195","thousands","3","v108411","1.20.1","193.60","","","","2"
"2023","Canada","2021A000011124","Distilled spirits","Domestic disappearance","Kilolitres","195","thousands","3","v108411","1.20.1","192.35","","","","2"
"2024","Canada","2021A000011124","Distilled spirits","Domestic disappearance","Kilolitres","195","thousands","3","v108411","1.20.1","184.85","","","","2"
"2025","Canada","2021A000011124","Distilled spirits","Domestic disappearance","Kilolitres","195","thousands","3","v108411","1.20.1","176.73","","","","2"
"2021","Canada","2021A000011124","Distilled spirits","Exports","Kilolitres","195","thousands","3","v108417","1.20.7","176.46","","","","2"
"2022","Canada","2021A000011124","Distilled spirits","Exports","Kilolitres","195","thousands","3","v108417","1.20.7","167.47","","","","2"
"2023","Canada","2021A000011124","Distilled spirits","Exports","Kilolitres","195","thousands","3","v108417","1.20.7","160.46","","","","2"
"2024","Canada","2021A000011124","Distilled spirits","Exports","Kilolitres","195","thousands","3","v108417","1.20.7","144.87","","","","2"
"2025","Canada","2021A000011124","Distilled spirits","Exports","Kilolitres","195","thousands","3","v108417","1.20.7","132.91","","","","2"
"2021","Canada","2021A000011124","Wines","Imports","Kilolitres","195","thousands","3","v108426","1.21.5","442.69","","","","2"
"2022","Canada","2021A000011124","Wines","Imports","Kilolitres","195","thousands","3","v108426","1.21.5","415.70","","","","2"
"2023","Canada","2021A000011124","Wines","Imports","Kilolitres","195","thousands","3","v108426","1.21.5","407.38","","","","2"
"2024","Canada","2021A000011124","Wines","Imports","Kilolitres","195","thousands","3","v108426","1.21.5","359.95","","","","2"
"2025","Canada","2021A000011124","Wines","Imports","Kilolitres","195","thousands","3","v108426","1.21.5","388.71","","","","2"
"2021","Canada","2021A000011124","Wines","Total disposition","Kilolitres","195","thousands","3","v54326424","1.21.11","715.93","","","","2"
"2022","Canada","2021A000011124","Wines","Total disposition","Kilolitres","195","thousands","3","v54326424","1.21.11","719.71","","","","2"
"2023","Canada","2021A000011124","Wines","Total disposition","Kilolitres","195","thousands","3","v54326424","1.21.11","720.22","","","","2"
"2024","Canada","2021A000011124","Wines","Total disposition","Kilolitres","195","thousands","3","v54326424","1.21.11","706.08","","","","2"
"2025","Canada","2021A000011124","Wines","Total disposition","Kilolitres","195","thousands","3","v54326424","1.21.11","647.49","","","","2"
"2021","Canada","2021A000011124","Wines","Domestic disappearance","Kilolitres","195","thousands","3","v108422","1.21.1","537.41","","","","2"
"2022","Canada","2021A000011124","Wines","Domestic disappearance","Kilolitres","195","thousands","3","v108422","1.21.1","516.10","","","","2"
"2023","Canada","2021A000011124","Wines","Domestic disappearance","Kilolitres","195","thousands","3","v108422","1.21.1","500.44","","","","2"
"2024","Canada","2021A000011124","Wines","Domestic disappearance","Kilolitres","195","thousands","3","v108422","1.21.1","476.37","","","","2"
"2025","Canada","2021A000011124","Wines","Domestic disappearance","Kilolitres","195","thousands","3","v108422","1.21.1","460.37","","","","2"
"2021","Canada","2021A000011124","Wines","Exports","Kilolitres","195","thousands","3","v108428","1.21.7","178.52","","","","2"
"2022","Canada","2021A000011124","Wines","Exports","Kilolitres","195","thousands","3","v108428","1.21.7","203.61","","","","2"
"2023","Canada","2021A000011124","Wines","Exports","Kilolitres","195","thousands","3","v108428","1.21.7","219.78","","","","2"
"2024","Canada","2021A000011124","Wines","Exports","Kilolitres","195","thousands","3","v108428","1.21.7","229.72","","","","2"
"2025","Canada","2021A000011124","Wines","Exports","Kilolitres","195","thousands","3","v108428","1.21.7","187.12","","","","2"
"2021","Canada","2021A000011124","Ciders, coolers and other refreshment beverages","Imports","Kilolitres","195","thousands","3","v107740353","1.193.5","74.02","","","","2"
"2022","Canada","2021A000011124","Ciders, coolers and other refreshment beverages","Imports","Kilolitres","195","thousands","3","v107740353","1.193.5","66.40","","","","2"
"2023","Canada","2021A000011124","Ciders, coolers and other refreshment beverages","Imports","Kilolitres","195","thousands","3","v107740353","1.193.5","71.12","","","","2"
"2024","Canada","2021A000011124","Ciders, coolers and other refreshment beverages","Imports","Kilolitres","195","thousands","3","v107740353","1.193.5","63.45","","","","2"
"2025","Canada","2021A000011124","Ciders, coolers and other refreshment beverages","Imports","Kilolitres","195","thousands","3","v107740353","1.193.5","46.81","","","","2"
"2021","Canada","2021A000011124","Ciders, coolers and other refreshment beverages","Total disposition","Kilolitres","195","thousands","3","v107740354","1.193.11","390.33","","","","2"
"2022","Canada","2021A000011124","Ciders, coolers and other refreshment beverages","Total disposition","Kilolitres","195","thousands","3","v107740354","1.193.11","441.49","","","","2"
"2023","Canada","2021A000011124","Ciders, coolers and other refreshment beverages","Total disposition","Kilolitres","195","thousands","3","v107740354","1.193.11","423.59","","","","2"
"2024","Canada","2021A000011124","Ciders, coolers and other refreshment beverages","Total disposition","Kilolitres","195","thousands","3","v107740354","1.193.11","430.71","","","","2"
"2025","Canada","2021A000011124","Ciders, coolers and other refreshment beverages","Total disposition","Kilolitres","195","thousands","3","v107740354","1.193.11","460.33","","","","2"
"2021","Canada","2021A000011124","Ciders, coolers and other refreshment beverages","Domestic disappearance","Kilolitres","195","thousands","3","v107740355","1.193.1","330.46","","","","2"
"2022","Canada","2021A000011124","Ciders, coolers and other refreshment beverages","Domestic disappearance","Kilolitres","195","thousands","3","v107740355","1.193.1","369.85","","","","2"
"2023","Canada","2021A000011124","Ciders, coolers and other refreshment beverages","Domestic disappearance","Kilolitres","195","thousands","3","v107740355","1.193.1","372.03","","","","2"
"2024","Canada","2021A000011124","Ciders, coolers and other refreshment beverages","Domestic disappearance","Kilolitres","195","thousands","3","v107740355","1.193.1","376.91","","","","2"
"2025","Canada","2021A000011124","Ciders, coolers and other refreshment beverages","Domestic disappearance","Kilolitres","195","thousands","3","v107740355","1.193.1","385.10","","","","2"
"2021","Canada","2021A000011124","Ciders, coolers and other refreshment beverages","Exports","Kilolitres","195","thousands","3","v107740356","1.193.7","59.86","","","","2"
"2022","Canada","2021A000011124","Ciders, coolers and other refreshment beverages","Exports","Kilolitres","195","thousands","3","v107740356","1.193.7","71.64","","","","2"
"2023","Canada","2021A000011124","Ciders, coolers and other refreshment beverages","Exports","Kilolitres","195","thousands","3","v107740356","1.193.7","51.56","","","","2"
"2024","Canada","2021A000011124","Ciders, coolers and other refreshment beverages","Exports","Kilolitres","195","thousands","3","v107740356","1.193.7","53.81","","","","2"
"2025","Canada","2021A000011124","Ciders, coolers and other refreshment beverages","Exports","Kilolitres","195","thousands","3","v107740356","1.193.7","75.23","","","","2"
"2021","Canada","2021A000011124","Soft drinks","Imports","Kilolitres","195","thousands","3","v108437","1.22.5","334.42","","","","2"
"2022","Canada","2021A000011124","Soft drinks","Imports","Kilolitres","195","thousands","3","v108437","1.22.5","369.57","","","","2"
"2023","Canada","2021A000011124","Soft drinks","Imports","Kilolitres","195","thousands","3","v108437","1.22.5","397.16","","","","2"
"2024","Canada","2021A000011124","Soft drinks","Imports","Kilolitres","195","thousands","3","v108437","1.22.5","","..","","","2"
"2025","Canada","2021A000011124","Soft drinks","Imports","Kilolitres","195","thousands","3","v108437","1.22.5","416.23","","","","2"
"2021","Canada","2021A000011124","Soft drinks","Total disposition","Kilolitres","195","thousands","3","v54326425","1.22.11","2150.73","","","","2"
"2022","Canada","2021A000011124","Soft drinks","Total disposition","Kilolitres","195","thousands","3","v54326425","1.22.11","2050.99","","","","2"
"2023","Canada","2021A000011124","Soft drinks","Total disposition","Kilolitres","195","thousands","3","v54326425","1.22.11","2031.18","","","","2"
"2024","Canada","2021A000011124","Soft drinks","Total disposition","Kilolitres","195","thousands","3","v54326425","1.22.11","","..","","","2"
"2025","Canada","2021A000011124","Soft drinks","Total disposition","Kilolitres","195","thousands","3","v54326425","1.22.11","1996.89","","","","2"
"2021","Canada","2021A000011124","Soft drinks","Domestic disappearance","Kilolitres","195","thousands","3","v108433","1.22.1","1961.89","","","","2"
"2022","Canada","2021A000011124","Soft drinks","Domestic disappearance","Kilolitres","195","thousands","3","v108433","1.22.1","1891.30","","","","2"
"2023","Canada","2021A000011124","Soft drinks","Domestic disappearance","Kilolitres","195","thousands","3","v108433","1.22.1","1829.48","","","","2"
"2024","Canada","2021A000011124","Soft drinks","Domestic disappearance","Kilolitres","195","thousands","3","v108433","1.22.1","","..","","","2"
"2025","Canada","2021A000011124","Soft drinks","Domestic disappearance","Kilolitres","195","thousands","3","v108433","1.22.1","1771.41","","","","2"
"2021","Canada","2021A000011124","Soft drinks","Exports","Kilolitres","195","thousands","3","v108439","1.22.7","188.85","","","","2"
"2022","Canada","2021A000011124","Soft drinks","Exports","Kilolitres","195","thousands","3","v108439","1.22.7","159.69","","","","2"
"2023","Canada","2021A000011124","Soft drinks","Exports","Kilolitres","195","thousands","3","v108439","1.22.7","201.70","","","","2"
"2024","Canada","2021A000011124","Soft drinks","Exports","Kilolitres","195","thousands","3","v108439","1.22.7","","..","","","2"
"2025","Canada","2021A000011124","Soft drinks","Exports","Kilolitres","195","thousands","3","v108439","1.22.7","225.48","","","","2"
"2021","Canada","2021A000011124","Cheddar cheese","Total supply","Tonnes","288","thousands","3","v108445","1.24.2","216.77","","","","2"
"2022","Canada","2021A000011124","Cheddar cheese","Total supply","Tonnes","288","thousands","3","v108445","1.24.2","211.86","","","","2"
"2023","Canada","2021A000011124","Cheddar cheese","Total supply","Tonnes","288","thousands","3","v108445","1.24.2","212.51","","","","2"
"2024","Canada","2021A000011124","Cheddar cheese","Total supply","Tonnes","288","thousands","3","v108445","1.24.2","214.86","","","","2"
"2025","Canada","2021A000011124","Cheddar cheese","Total supply","Tonnes","288","thousands","3","v108445","1.24.2","217.46","","","","2"
"2021","Canada","2021A000011124","Cheddar cheese","Beginning stocks","Tonnes","288","thousands","3","v108446","1.24.3","42.37","","","","2"
"2022","Canada","2021A000011124","Cheddar cheese","Beginning stocks","Tonnes","288","thousands","3","v108446","1.24.3","41.44","","","","2"
"2023","Canada","2021A000011124","Cheddar cheese","Beginning stocks","Tonnes","288","thousands","3","v108446","1.24.3","43.83","","","","2"
"2024","Canada","2021A000011124","Cheddar cheese","Beginning stocks","Tonnes","288","thousands","3","v108446","1.24.3","43.28","","","","2"
"2025","Canada","2021A000011124","Cheddar cheese","Beginning stocks","Tonnes","288","thousands","3","v108446","1.24.3","39.20","","","","2"
"2021","Canada","2021A000011124","Cheddar cheese","Production","Tonnes","288","thousands","3","v108447","1.24.4","168.07","","","","2"
"2022","Canada","2021A000011124","Cheddar cheese","Production","Tonnes","288","thousands","3","v108447","1.24.4","162.66","","","","2"
"2023","Canada","2021A000011124","Cheddar cheese","Production","Tonnes","288","thousands","3","v108447","1.24.4","160.23","","","","2"
"2024","Canada","2021A000011124","Cheddar cheese","Production","Tonnes","288","thousands","3","v108447","1.24.4","161.32","","","","2"
"2025","Canada","2021A000011124","Cheddar cheese","Production","Tonnes","288","thousands","3","v108447","1.24.4","167.23","","","","2"
"2021","Canada","2021A000011124","Cheddar cheese","Imports","Tonnes","288","thousands","3","v108448","1.24.5","6.34","","","","2"
"2022","Canada","2021A000011124","Cheddar cheese","Imports","Tonnes","288","thousands","3","v108448","1.24.5","7.76","","","","2"
"2023","Canada","2021A000011124","Cheddar cheese","Imports","Tonnes","288","thousands","3","v108448","1.24.5","8.45","","","","2"
"2024","Canada","2021A000011124","Cheddar cheese","Imports","Tonnes","288","thousands","3","v108448","1.24.5","10.26","","","","2"
"2025","Canada","2021A000011124","Cheddar cheese","Imports","Tonnes","288","thousands","3","v108448","1.24.5","11.03","","","","2"
"2021","Canada","2021A000011124","Cheddar cheese","Total disposition","Tonnes","288","thousands","3","v54326437","1.24.11","175.33","","","","2"
"2022","Canada","2021A000011124","Cheddar cheese","Total disposition","Tonnes","288","thousands","3","v54326437","1.24.11","168.04","","","","2"
"2023","Canada","2021A000011124","Cheddar cheese","Total disposition","Tonnes","288","thousands","3","v54326437","1.24.11","169.23","","","","2"
"2024","Canada","2021A000011124","Cheddar cheese","Total disposition","Tonnes","288","thousands","3","v54326437","1.24.11","175.66","","","","2"
"2025","Canada","2021A000011124","Cheddar cheese","Total disposition","Tonnes","288","thousands","3","v54326437","1.24.11","174.69","","","","2"
"2021","Canada","2021A000011124","Cheddar cheese","Domestic disappearance","Tonnes","288","thousands","3","v108444","1.24.1","145.16","","","","2"
"2022","Canada","2021A000011124","Cheddar cheese","Domestic disappearance","Tonnes","288","thousands","3","v108444","1.24.1","139.34","","","","2"
"2023","Canada","2021A000011124","Cheddar cheese","Domestic disappearance","Tonnes","288","thousands","3","v108444","1.24.1","141.13","","","","2"
"2024","Canada","2021A000011124","Cheddar cheese","Domestic disappearance","Tonnes","288","thousands","3","v108444","1.24.1","147.23","","","","2"
"2025","Canada","2021A000011124","Cheddar cheese","Domestic disappearance","Tonnes","288","thousands","3","v108444","1.24.1","145.67","","","","2"
"2021","Canada","2021A000011124","Cheddar cheese","Exports","Tonnes","288","thousands","3","v108450","1.24.7","1.59","","","","2"
"2022","Canada","2021A000011124","Cheddar cheese","Exports","Tonnes","288","thousands","3","v108450","1.24.7","1.04","","","","2"
"2023","Canada","2021A000011124","Cheddar cheese","Exports","Tonnes","288","thousands","3","v108450","1.24.7","0.86","","","","2"
"2024","Canada","2021A000011124","Cheddar cheese","Exports","Tonnes","288","thousands","3","v108450","1.24.7","1.00","","","","2"
"2025","Canada","2021A000011124","Cheddar cheese","Exports","Tonnes","288","thousands","3","v108450","1.24.7","0.60","","","","2"
"2021","Canada","2021A000011124","Cheddar cheese","Manufacturing","Tonnes","288","thousands","3","v108451","1.24.8","28.57","","","","2"
"2022","Canada","2021A000011124","Cheddar cheese","Manufacturing","Tonnes","288","thousands","3","v108451","1.24.8","27.65","","","","2"
"2023","Canada","2021A000011124","Cheddar cheese","Manufacturing","Tonnes","288","thousands","3","v108451","1.24.8","27.24","","","","2"
"2024","Canada","2021A000011124","Cheddar cheese","Manufacturing","Tonnes","288","thousands","3","v108451","1.24.8","27.42","","","","2"
"2025","Canada","2021A000011124","Cheddar cheese","Manufacturing","Tonnes","288","thousands","3","v108451","1.24.8","28.43","","","","2"
"2021","Canada","2021A000011124","Cheddar cheese","Ending stocks","Tonnes","288","thousands","3","v108453","1.24.10","41.44","","","","2"
"2022","Canada","2021A000011124","Cheddar cheese","Ending stocks","Tonnes","288","thousands","3","v108453","1.24.10","43.83","","","","2"
"2023","Canada","2021A000011124","Cheddar cheese","Ending stocks","Tonnes","288","thousands","3","v108453","1.24.10","43.28","","","","2"
"2024","Canada","2021A000011124","Cheddar cheese","Ending stocks","Tonnes","288","thousands","3","v108453","1.24.10","39.20","","","","2"
"2025","Canada","2021A000011124","Cheddar cheese","Ending stocks","Tonnes","288","thousands","3","v108453","1.24.10","42.76","","","","2"
"2021","Canada","2021A000011124","Processed cheese","Total supply","Tonnes","288","thousands","3","v108577","1.25.2","83.66","","","","2"
"2022","Canada","2021A000011124","Processed cheese","Total supply","Tonnes","288","thousands","3","v108577","1.25.2","87.37","","","","2"
"2023","Canada","2021A000011124","Processed cheese","Total supply","Tonnes","288","thousands","3","v108577","1.25.2","83.37","","","","2"
"2024","Canada","2021A000011124","Processed cheese","Total supply","Tonnes","288","thousands","3","v108577","1.25.2","87.18","","","","2"
"2025","Canada","2021A000011124","Processed cheese","Total supply","Tonnes","288","thousands","3","v108577","1.25.2","84.99","","","","2"
"2021","Canada","2021A000011124","Processed cheese","Beginning stocks","Tonnes","288","thousands","3","v108578","1.25.3","11.01","","","","2"
"2022","Canada","2021A000011124","Processed cheese","Beginning stocks","Tonnes","288","thousands","3","v108578","1.25.3","10.13","","","","2"
"2023","Canada","2021A000011124","Processed cheese","Beginning stocks","Tonnes","288","thousands","3","v108578","1.25.3","10.72","","","","2"
"2024","Canada","2021A000011124","Processed cheese","Beginning stocks","Tonnes","288","thousands","3","v108578","1.25.3","10.54","","","","2"
"2025","Canada","2021A000011124","Processed cheese","Beginning stocks","Tonnes","288","thousands","3","v108578","1.25.3","10.99","","","","2"
"2021","Canada","2021A000011124","Processed cheese","Production","Tonnes","288","thousands","3","v108579","1.25.4","70.61","","","","2"
"2022","Canada","2021A000011124","Processed cheese","Production","Tonnes","288","thousands","3","v108579","1.25.4","75.20","","","","2"
"2023","Canada","2021A000011124","Processed cheese","Production","Tonnes","288","thousands","3","v108579","1.25.4","70.38","","","","2"
"2024","Canada","2021A000011124","Processed cheese","Production","Tonnes","288","thousands","3","v108579","1.25.4","74.33","","","","2"
"2025","Canada","2021A000011124","Processed cheese","Production","Tonnes","288","thousands","3","v108579","1.25.4","71.78","","","","2"
"2021","Canada","2021A000011124","Processed cheese","Imports","Tonnes","288","thousands","3","v108580","1.25.5","2.04","","","","2"
"2022","Canada","2021A000011124","Processed cheese","Imports","Tonnes","288","thousands","3","v108580","1.25.5","2.04","","","","2"
"2023","Canada","2021A000011124","Processed cheese","Imports","Tonnes","288","thousands","3","v108580","1.25.5","2.28","","","","2"
"2024","Canada","2021A000011124","Processed cheese","Imports","Tonnes","288","thousands","3","v108580","1.25.5","2.30","","","","2"
"2025","Canada","2021A000011124","Processed cheese","Imports","Tonnes","288","thousands","3","v108580","1.25.5","2.22","","","","2"
"2021","Canada","2021A000011124","Processed cheese","Total disposition","Tonnes","288","thousands","3","v54326448","1.25.11","73.53","","","","2"
"2022","Canada","2021A000011124","Processed cheese","Total disposition","Tonnes","288","thousands","3","v54326448","1.25.11","76.66","","","","2"
"2023","Canada","2021A000011124","Processed cheese","Total disposition","Tonnes","288","thousands","3","v54326448","1.25.11","72.83","","","","2"
"2024","Canada","2021A000011124","Processed cheese","Total disposition","Tonnes","288","thousands","3","v54326448","1.25.11","76.19","","","","2"
"2025","Canada","2021A000011124","Processed cheese","Total disposition","Tonnes","288","thousands","3","v54326448","1.25.11","74.15","","","","2"
"2021","Canada","2021A000011124","Processed cheese","Domestic disappearance","Tonnes","288","thousands","3","v108576","1.25.1","73.50","","","","2"
"2022","Canada","2021A000011124","Processed cheese","Domestic disappearance","Tonnes","288","thousands","3","v108576","1.25.1","76.62","","","","2"
"2023","Canada","2021A000011124","Processed cheese","Domestic disappearance","Tonnes","288","thousands","3","v108576","1.25.1","72.78","","","","2"
"2024","Canada","2021A000011124","Processed cheese","Domestic disappearance","Tonnes","288","thousands","3","v108576","1.25.1","76.15","","","","2"
"2025","Canada","2021A000011124","Processed cheese","Domestic disappearance","Tonnes","288","thousands","3","v108576","1.25.1","74.11","","","","2"
"2021","Canada","2021A000011124","Processed cheese","Exports","Tonnes","288","thousands","3","v108582","1.25.7","0.04","","","","2"
"2022","Canada","2021A000011124","Processed cheese","Exports","Tonnes","288","thousands","3","v108582","1.25.7","0.04","","","","2"
"2023","Canada","2021A000011124","Processed cheese","Exports","Tonnes","288","thousands","3","v108582","1.25.7","0.04","","","","2"
"2024","Canada","2021A000011124","Processed cheese","Exports","Tonnes","288","thousands","3","v108582","1.25.7","0.04","","","","2"
"2025","Canada","2021A000011124","Processed cheese","Exports","Tonnes","288","thousands","3","v108582","1.25.7","0.04","","","","2"
"2021","Canada","2021A000011124","Processed cheese","Ending stocks","Tonnes","288","thousands","3","v108585","1.25.10","10.13","","","","2"
"2022","Canada","2021A000011124","Processed cheese","Ending stocks","Tonnes","288","thousands","3","v108585","1.25.10","10.72","","","","2"
"2023","Canada","2021A000011124","Processed cheese","Ending stocks","Tonnes","288","thousands","3","v108585","1.25.10","10.54","","","","2"
"2024","Canada","2021A000011124","Processed cheese","Ending stocks","Tonnes","288","thousands","3","v108585","1.25.10","10.99","","","","2"
"2025","Canada","2021A000011124","Processed cheese","Ending stocks","Tonnes","288","thousands","3","v108585","1.25.10","10.84","","","","2"
"2021","Canada","2021A000011124","Specialty cheese","Total supply","Tonnes","288","thousands","3","v108709","1.26.2","408.40","","","","2"
"2022","Canada","2021A000011124","Specialty cheese","Total supply","Tonnes","288","thousands","3","v108709","1.26.2","396.75","","","","2"
"2023","Canada","2021A000011124","Specialty cheese","Total supply","Tonnes","288","thousands","3","v108709","1.26.2","406.89","","","","2"
"2024","Canada","2021A000011124","Specialty cheese","Total supply","Tonnes","288","thousands","3","v108709","1.26.2","408.92","","","","2"
"2025","Canada","2021A000011124","Specialty cheese","Total supply","Tonnes","288","thousands","3","v108709","1.26.2","398.35","","","","2"
"2021","Canada","2021A000011124","Specialty cheese","Beginning stocks","Tonnes","288","thousands","3","v108710","1.26.3","38.47","","","","2"
"2022","Canada","2021A000011124","Specialty cheese","Beginning stocks","Tonnes","288","thousands","3","v108710","1.26.3","37.64","","","","2"
"2023","Canada","2021A000011124","Specialty cheese","Beginning stocks","Tonnes","288","thousands","3","v108710","1.26.3","37.45","","","","2"
"2024","Canada","2021A000011124","Specialty cheese","Beginning stocks","Tonnes","288","thousands","3","v108710","1.26.3","37.54","","","","2"
"2025","Canada","2021A000011124","Specialty cheese","Beginning stocks","Tonnes","288","thousands","3","v108710","1.26.3","35.31","","","","2"
"2021","Canada","2021A000011124","Specialty cheese","Production","Tonnes","288","thousands","3","v108711","1.26.4","330.61","","","","2"
"2022","Canada","2021A000011124","Specialty cheese","Production","Tonnes","288","thousands","3","v108711","1.26.4","317.35","","","","2"
"2023","Canada","2021A000011124","Specialty cheese","Production","Tonnes","288","thousands","3","v108711","1.26.4","324.40","","","","2"
"2024","Canada","2021A000011124","Specialty cheese","Production","Tonnes","288","thousands","3","v108711","1.26.4","324.41","","","","2"
"2025","Canada","2021A000011124","Specialty cheese","Production","Tonnes","288","thousands","3","v108711","1.26.4","312.34","","","","2"
"2021","Canada","2021A000011124","Specialty cheese","Imports","Tonnes","288","thousands","3","v108712","1.26.5","39.32","","","","2"
"2022","Canada","2021A000011124","Specialty cheese","Imports","Tonnes","288","thousands","3","v108712","1.26.5","41.76","","","","2"
"2023","Canada","2021A000011124","Specialty cheese","Imports","Tonnes","288","thousands","3","v108712","1.26.5","45.04","","","","2"
"2024","Canada","2021A000011124","Specialty cheese","Imports","Tonnes","288","thousands","3","v108712","1.26.5","46.97","","","","2"
"2025","Canada","2021A000011124","Specialty cheese","Imports","Tonnes","288","thousands","3","v108712","1.26.5","50.70","","","","2"
"2021","Canada","2021A000011124","Specialty cheese","Total disposition","Tonnes","288","thousands","3","v54326458","1.26.11","370.76","","","","2"
"2022","Canada","2021A000011124","Specialty cheese","Total disposition","Tonnes","288","thousands","3","v54326458","1.26.11","359.30","","","","2"
"2023","Canada","2021A000011124","Specialty cheese","Total disposition","Tonnes","288","thousands","3","v54326458","1.26.11","369.35","","","","2"
"2024","Canada","2021A000011124","Specialty cheese","Total disposition","Tonnes","288","thousands","3","v54326458","1.26.11","373.61","","","","2"
"2025","Canada","2021A000011124","Specialty cheese","Total disposition","Tonnes","288","thousands","3","v54326458","1.26.11","362.39","","","","2"
"2021","Canada","2021A000011124","Specialty cheese","Domestic disappearance","Tonnes","288","thousands","3","v108708","1.26.1","334.53","","","","2"
"2022","Canada","2021A000011124","Specialty cheese","Domestic disappearance","Tonnes","288","thousands","3","v108708","1.26.1","323.70","","","","2"
"2023","Canada","2021A000011124","Specialty cheese","Domestic disappearance","Tonnes","288","thousands","3","v108708","1.26.1","332.04","","","","2"
"2024","Canada","2021A000011124","Specialty cheese","Domestic disappearance","Tonnes","288","thousands","3","v108708","1.26.1","333.68","","","","2"
"2025","Canada","2021A000011124","Specialty cheese","Domestic disappearance","Tonnes","288","thousands","3","v108708","1.26.1","324.22","","","","2"
"2021","Canada","2021A000011124","Specialty cheese","Exports","Tonnes","288","thousands","3","v108714","1.26.7","6.80","","","","2"
"2022","Canada","2021A000011124","Specialty cheese","Exports","Tonnes","288","thousands","3","v108714","1.26.7","7.36","","","","2"
"2023","Canada","2021A000011124","Specialty cheese","Exports","Tonnes","288","thousands","3","v108714","1.26.7","8.43","","","","2"
"2024","Canada","2021A000011124","Specialty cheese","Exports","Tonnes","288","thousands","3","v108714","1.26.7","11.07","","","","2"
"2025","Canada","2021A000011124","Specialty cheese","Exports","Tonnes","288","thousands","3","v108714","1.26.7","10.38","","","","2"
"2021","Canada","2021A000011124","Specialty cheese","Manufacturing","Tonnes","288","thousands","3","v108715","1.26.8","29.42","","","","2"
"2022","Canada","2021A000011124","Specialty cheese","Manufacturing","Tonnes","288","thousands","3","v108715","1.26.8","28.24","","","","2"
"2023","Canada","2021A000011124","Specialty cheese","Manufacturing","Tonnes","288","thousands","3","v108715","1.26.8","28.87","","","","2"
"2024","Canada","2021A000011124","Specialty cheese","Manufacturing","Tonnes","288","thousands","3","v108715","1.26.8","28.87","","","","2"
"2025","Canada","2021A000011124","Specialty cheese","Manufacturing","Tonnes","288","thousands","3","v108715","1.26.8","27.80","","","","2"
"2021","Canada","2021A000011124","Specialty cheese","Ending stocks","Tonnes","288","thousands","3","v108717","1.26.10","37.64","","","","2"
"2022","Canada","2021A000011124","Specialty cheese","Ending stocks","Tonnes","288","thousands","3","v108717","1.26.10","37.45","","","","2"
"2023","Canada","2021A000011124","Specialty cheese","Ending stocks","Tonnes","288","thousands","3","v108717","1.26.10","37.54","","","","2"
"2024","Canada","2021A000011124","Specialty cheese","Ending stocks","Tonnes","288","thousands","3","v108717","1.26.10","35.31","","","","2"
"2025","Canada","2021A000011124","Specialty cheese","Ending stocks","Tonnes","288","thousands","3","v108717","1.26.10","35.95","","","","2"
"2021","Canada","2021A000011124","Cottage cheese","Total supply","Tonnes","288","thousands","3","v108721","1.27.2","23.18","","","","2"
"2022","Canada","2021A000011124","Cottage cheese","Total supply","Tonnes","288","thousands","3","v108721","1.27.2","22.07","","","","2"
"2023","Canada","2021A000011124","Cottage cheese","Total supply","Tonnes","288","thousands","3","v108721","1.27.2","23.47","","","","2"
"2024","Canada","2021A000011124","Cottage cheese","Total supply","Tonnes","288","thousands","3","v108721","1.27.2","28.14","","","","2"
"2025","Canada","2021A000011124","Cottage cheese","Total supply","Tonnes","288","thousands","3","v108721","1.27.2","35.46","","","","2"
"2021","Canada","2021A000011124","Cottage cheese","Production","Tonnes","288","thousands","3","v108723","1.27.4","23.18","","","","2"
"2022","Canada","2021A000011124","Cottage cheese","Production","Tonnes","288","thousands","3","v108723","1.27.4","22.07","","","","2"
"2023","Canada","2021A000011124","Cottage cheese","Production","Tonnes","288","thousands","3","v108723","1.27.4","23.47","","","","2"
"2024","Canada","2021A000011124","Cottage cheese","Production","Tonnes","288","thousands","3","v108723","1.27.4","28.14","","","","2"
"2025","Canada","2021A000011124","Cottage cheese","Production","Tonnes","288","thousands","3","v108723","1.27.4","35.46","","","","2"
"2021","Canada","2021A000011124","Cottage cheese","Total disposition","Tonnes","288","thousands","3","v54326459","1.27.11","23.18","","","","2"
"2022","Canada","2021A000011124","Cottage cheese","Total disposition","Tonnes","288","thousands","3","v54326459","1.27.11","22.07","","","","2"
"2023","Canada","2021A000011124","Cottage cheese","Total disposition","Tonnes","288","thousands","3","v54326459","1.27.11","23.47","","","","2"
"2024","Canada","2021A000011124","Cottage cheese","Total disposition","Tonnes","288","thousands","3","v54326459","1.27.11","28.14","","","","2"
"2025","Canada","2021A000011124","Cottage cheese","Total disposition","Tonnes","288","thousands","3","v54326459","1.27.11","35.46","","","","2"
"2021","Canada","2021A000011124","Cottage cheese","Domestic disappearance","Tonnes","288","thousands","3","v108720","1.27.1","23.18","","","","2"
"2022","Canada","2021A000011124","Cottage cheese","Domestic disappearance","Tonnes","288","thousands","3","v108720","1.27.1","22.07","","","","2"
"2023","Canada","2021A000011124","Cottage cheese","Domestic disappearance","Tonnes","288","thousands","3","v108720","1.27.1","23.47","","","","2"
"2024","Canada","2021A000011124","Cottage cheese","Domestic disappearance","Tonnes","288","thousands","3","v108720","1.27.1","28.14","","","","2"
"2025","Canada","2021A000011124","Cottage cheese","Domestic disappearance","Tonnes","288","thousands","3","v108720","1.27.1","35.46","","","","2"
"2021","Canada","2021A000011124","Powder skim milk","Total supply","Tonnes","288","thousands","3","v108733","1.28.2","114.80","","","","2"
"2022","Canada","2021A000011124","Powder skim milk","Total supply","Tonnes","288","thousands","3","v108733","1.28.2","113.73","","","","2"
"2023","Canada","2021A000011124","Powder skim milk","Total supply","Tonnes","288","thousands","3","v108733","1.28.2","111.69","","","","2"
"2024","Canada","2021A000011124","Powder skim milk","Total supply","Tonnes","288","thousands","3","v108733","1.28.2","113.74","","","","2"
"2025","Canada","2021A000011124","Powder skim milk","Total supply","Tonnes","288","thousands","3","v108733","1.28.2","115.98","","","","2"
"2021","Canada","2021A000011124","Powder skim milk","Beginning stocks","Tonnes","288","thousands","3","v108734","1.28.3","26.76","","","","2"
"2022","Canada","2021A000011124","Powder skim milk","Beginning stocks","Tonnes","288","thousands","3","v108734","1.28.3","27.44","","","","2"
"2023","Canada","2021A000011124","Powder skim milk","Beginning stocks","Tonnes","288","thousands","3","v108734","1.28.3","27.35","","","","2"
"2024","Canada","2021A000011124","Powder skim milk","Beginning stocks","Tonnes","288","thousands","3","v108734","1.28.3","26.30","","","","2"
"2025","Canada","2021A000011124","Powder skim milk","Beginning stocks","Tonnes","288","thousands","3","v108734","1.28.3","26.28","","","","2"
"2021","Canada","2021A000011124","Powder skim milk","Production","Tonnes","288","thousands","3","v108735","1.28.4","85.27","","","","2"
"2022","Canada","2021A000011124","Powder skim milk","Production","Tonnes","288","thousands","3","v108735","1.28.4","84.04","","","","2"
"2023","Canada","2021A000011124","Powder skim milk","Production","Tonnes","288","thousands","3","v108735","1.28.4","82.10","","","","2"
"2024","Canada","2021A000011124","Powder skim milk","Production","Tonnes","288","thousands","3","v108735","1.28.4","85.11","","","","2"
"2025","Canada","2021A000011124","Powder skim milk","Production","Tonnes","288","thousands","3","v108735","1.28.4","86.96","","","","2"
"2021","Canada","2021A000011124","Powder skim milk","Imports","Tonnes","288","thousands","3","v108736","1.28.5","2.78","","","","2"
"2022","Canada","2021A000011124","Powder skim milk","Imports","Tonnes","288","thousands","3","v108736","1.28.5","2.26","","","","2"
"2023","Canada","2021A000011124","Powder skim milk","Imports","Tonnes","288","thousands","3","v108736","1.28.5","2.23","","","","2"
"2024","Canada","2021A000011124","Powder skim milk","Imports","Tonnes","288","thousands","3","v108736","1.28.5","2.33","","","","2"
"2025","Canada","2021A000011124","Powder skim milk","Imports","Tonnes","288","thousands","3","v108736","1.28.5","2.74","","","","2"
"2021","Canada","2021A000011124","Powder skim milk","Total disposition","Tonnes","288","thousands","3","v54326460","1.28.11","87.36","","","","2"
"2022","Canada","2021A000011124","Powder skim milk","Total disposition","Tonnes","288","thousands","3","v54326460","1.28.11","86.38","","","","2"
"2023","Canada","2021A000011124","Powder skim milk","Total disposition","Tonnes","288","thousands","3","v54326460","1.28.11","85.39","","","","2"
"2024","Canada","2021A000011124","Powder skim milk","Total disposition","Tonnes","288","thousands","3","v54326460","1.28.11","87.45","","","","2"
"2025","Canada","2021A000011124","Powder skim milk","Total disposition","Tonnes","288","thousands","3","v54326460","1.28.11","88.46","","","","2"
"2021","Canada","2021A000011124","Powder skim milk","Domestic disappearance","Tonnes","288","thousands","3","v108732","1.28.1","39.25","","","","2"
"2022","Canada","2021A000011124","Powder skim milk","Domestic disappearance","Tonnes","288","thousands","3","v108732","1.28.1","30.82","","","","2"
"2023","Canada","2021A000011124","Powder skim milk","Domestic disappearance","Tonnes","288","thousands","3","v108732","1.28.1","29.48","","","","2"
"2024","Canada","2021A000011124","Powder skim milk","Domestic disappearance","Tonnes","288","thousands","3","v108732","1.28.1","37.13","","","","2"
"2025","Canada","2021A000011124","Powder skim milk","Domestic disappearance","Tonnes","288","thousands","3","v108732","1.28.1","43.73","","","","2"
"2021","Canada","2021A000011124","Powder skim milk","Exports","Tonnes","288","thousands","3","v108738","1.28.7","18.75","","","","2"
"2022","Canada","2021A000011124","Powder skim milk","Exports","Tonnes","288","thousands","3","v108738","1.28.7","26.09","","","","2"
"2023","Canada","2021A000011124","Powder skim milk","Exports","Tonnes","288","thousands","3","v108738","1.28.7","26.69","","","","2"
"2024","Canada","2021A000011124","Powder skim milk","Exports","Tonnes","288","thousands","3","v108738","1.28.7","20.41","","","","2"
"2025","Canada","2021A000011124","Powder skim milk","Exports","Tonnes","288","thousands","3","v108738","1.28.7","14.26","","","","2"
"2021","Canada","2021A000011124","Powder skim milk","Manufacturing","Tonnes","288","thousands","3","v108739","1.28.8","29.36","","","","2"
"2022","Canada","2021A000011124","Powder skim milk","Manufacturing","Tonnes","288","thousands","3","v108739","1.28.8","29.47","","","","2"
"2023","Canada","2021A000011124","Powder skim milk","Manufacturing","Tonnes","288","thousands","3","v108739","1.28.8","29.22","","","","2"
"2024","Canada","2021A000011124","Powder skim milk","Manufacturing","Tonnes","288","thousands","3","v108739","1.28.8","29.91","","","","2"
"2025","Canada","2021A000011124","Powder skim milk","Manufacturing","Tonnes","288","thousands","3","v108739","1.28.8","30.47","","","","2"
"2021","Canada","2021A000011124","Powder skim milk","Ending stocks","Tonnes","288","thousands","3","v108741","1.28.10","27.44","","","","2"
"2022","Canada","2021A000011124","Powder skim milk","Ending stocks","Tonnes","288","thousands","3","v108741","1.28.10","27.35","","","","2"
"2023","Canada","2021A000011124","Powder skim milk","Ending stocks","Tonnes","288","thousands","3","v108741","1.28.10","26.30","","","","2"
"2024","Canada","2021A000011124","Powder skim milk","Ending stocks","Tonnes","288","thousands","3","v108741","1.28.10","26.28","","","","2"
"2025","Canada","2021A000011124","Powder skim milk","Ending stocks","Tonnes","288","thousands","3","v108741","1.28.10","27.52","","","","2"
"2021","Canada","2021A000011124","Powder buttermilk","Total supply","Tonnes","288","thousands","3","v108745","1.29.2","17.30","","","","2"
"2022","Canada","2021A000011124","Powder buttermilk","Total supply","Tonnes","288","thousands","3","v108745","1.29.2","16.53","","","","2"
"2023","Canada","2021A000011124","Powder buttermilk","Total supply","Tonnes","288","thousands","3","v108745","1.29.2","15.84","","","","2"
"2024","Canada","2021A000011124","Powder buttermilk","Total supply","Tonnes","288","thousands","3","v108745","1.29.2","15.51","","","","2"
"2025","Canada","2021A000011124","Powder buttermilk","Total supply","Tonnes","288","thousands","3","v108745","1.29.2","17.28","","","","2"
"2021","Canada","2021A000011124","Powder buttermilk","Beginning stocks","Tonnes","288","thousands","3","v108746","1.29.3","0.80","","","","2"
"2022","Canada","2021A000011124","Powder buttermilk","Beginning stocks","Tonnes","288","thousands","3","v108746","1.29.3","0.70","","","","2"
"2023","Canada","2021A000011124","Powder buttermilk","Beginning stocks","Tonnes","288","thousands","3","v108746","1.29.3","0.69","","","","2"
"2024","Canada","2021A000011124","Powder buttermilk","Beginning stocks","Tonnes","288","thousands","3","v108746","1.29.3","0.67","","","","2"
"2025","Canada","2021A000011124","Powder buttermilk","Beginning stocks","Tonnes","288","thousands","3","v108746","1.29.3","0.65","","","","2"
"2021","Canada","2021A000011124","Powder buttermilk","Production","Tonnes","288","thousands","3","v108747","1.29.4","16.46","","","","2"
"2022","Canada","2021A000011124","Powder buttermilk","Production","Tonnes","288","thousands","3","v108747","1.29.4","15.72","","","","2"
"2023","Canada","2021A000011124","Powder buttermilk","Production","Tonnes","288","thousands","3","v108747","1.29.4","15.13","","","","2"
"2024","Canada","2021A000011124","Powder buttermilk","Production","Tonnes","288","thousands","3","v108747","1.29.4","14.84","","","","2"
"2025","Canada","2021A000011124","Powder buttermilk","Production","Tonnes","288","thousands","3","v108747","1.29.4","16.62","","","","2"
"2021","Canada","2021A000011124","Powder buttermilk","Imports","Tonnes","288","thousands","3","v108748","1.29.5","0.04","","","","2"
"2022","Canada","2021A000011124","Powder buttermilk","Imports","Tonnes","288","thousands","3","v108748","1.29.5","0.11","","","","2"
"2023","Canada","2021A000011124","Powder buttermilk","Imports","Tonnes","288","thousands","3","v108748","1.29.5","0.02","","","","2"
"2024","Canada","2021A000011124","Powder buttermilk","Imports","Tonnes","288","thousands","3","v108748","1.29.5","0.01","","","","2"
"2025","Canada","2021A000011124","Powder buttermilk","Imports","Tonnes","288","thousands","3","v108748","1.29.5","","0s","","","2"
"2021","Canada","2021A000011124","Powder buttermilk","Total disposition","Tonnes","288","thousands","3","v54326461","1.29.11","16.60","","","","2"
"2022","Canada","2021A000011124","Powder buttermilk","Total disposition","Tonnes","288","thousands","3","v54326461","1.29.11","15.84","","","","2"
"2023","Canada","2021A000011124","Powder buttermilk","Total disposition","Tonnes","288","thousands","3","v54326461","1.29.11","15.18","","","","2"
"2024","Canada","2021A000011124","Powder buttermilk","Total disposition","Tonnes","288","thousands","3","v54326461","1.29.11","14.86","","","","2"
"2025","Canada","2021A000011124","Powder buttermilk","Total disposition","Tonnes","288","thousands","3","v54326461","1.29.11","16.81","","","","2"
"2021","Canada","2021A000011124","Powder buttermilk","Domestic disappearance","Tonnes","288","thousands","3","v108744","1.29.1","15.57","","","","2"
"2022","Canada","2021A000011124","Powder buttermilk","Domestic disappearance","Tonnes","288","thousands","3","v108744","1.29.1","15.09","","","","2"
"2023","Canada","2021A000011124","Powder buttermilk","Domestic disappearance","Tonnes","288","thousands","3","v108744","1.29.1","14.67","","","","2"
"2024","Canada","2021A000011124","Powder buttermilk","Domestic disappearance","Tonnes","288","thousands","3","v108744","1.29.1","14.60","","","","2"
"2025","Canada","2021A000011124","Powder buttermilk","Domestic disappearance","Tonnes","288","thousands","3","v108744","1.29.1","14.20","","","","2"
"2021","Canada","2021A000011124","Powder buttermilk","Ending stocks","Tonnes","288","thousands","3","v108753","1.29.10","0.70","","","","2"
"2022","Canada","2021A000011124","Powder buttermilk","Ending stocks","Tonnes","288","thousands","3","v108753","1.29.10","0.69","","","","2"
"2023","Canada","2021A000011124","Powder buttermilk","Ending stocks","Tonnes","288","thousands","3","v108753","1.29.10","0.67","","","","2"
"2024","Canada","2021A000011124","Powder buttermilk","Ending stocks","Tonnes","288","thousands","3","v108753","1.29.10","0.65","","","","2"
"2025","Canada","2021A000011124","Powder buttermilk","Ending stocks","Tonnes","288","thousands","3","v108753","1.29.10","0.47","","","","2"
"2021","Canada","2021A000011124","Powder whey","Total supply","Tonnes","288","thousands","3","v108757","1.30.2","44.28","","","","2"
"2022","Canada","2021A000011124","Powder whey","Total supply","Tonnes","288","thousands","3","v108757","1.30.2","40.87","","","","2"
"2023","Canada","2021A000011124","Powder whey","Total supply","Tonnes","288","thousands","3","v108757","1.30.2","40.29","","","","2"
"2024","Canada","2021A000011124","Powder whey","Total supply","Tonnes","288","thousands","3","v108757","1.30.2","42.51","","","","2"
"2025","Canada","2021A000011124","Powder whey","Total supply","Tonnes","288","thousands","3","v108757","1.30.2","40.59","","","","2"
"2021","Canada","2021A000011124","Powder whey","Beginning stocks","Tonnes","288","thousands","3","v108758","1.30.3","7.95","","","","2"
"2022","Canada","2021A000011124","Powder whey","Beginning stocks","Tonnes","288","thousands","3","v108758","1.30.3","8.38","","","","2"
"2023","Canada","2021A000011124","Powder whey","Beginning stocks","Tonnes","288","thousands","3","v108758","1.30.3","8.52","","","","2"
"2024","Canada","2021A000011124","Powder whey","Beginning stocks","Tonnes","288","thousands","3","v108758","1.30.3","11.05","","","","2"
"2025","Canada","2021A000011124","Powder whey","Beginning stocks","Tonnes","288","thousands","3","v108758","1.30.3","9.17","","","","2"
"2021","Canada","2021A000011124","Powder whey","Production","Tonnes","288","thousands","3","v108759","1.30.4","33.66","","","","2"
"2022","Canada","2021A000011124","Powder whey","Production","Tonnes","288","thousands","3","v108759","1.30.4","30.07","","","","2"
"2023","Canada","2021A000011124","Powder whey","Production","Tonnes","288","thousands","3","v108759","1.30.4","29.70","","","","2"
"2024","Canada","2021A000011124","Powder whey","Production","Tonnes","288","thousands","3","v108759","1.30.4","29.47","","","","2"
"2025","Canada","2021A000011124","Powder whey","Production","Tonnes","288","thousands","3","v108759","1.30.4","30.18","","","","2"
"2021","Canada","2021A000011124","Powder whey","Imports","Tonnes","288","thousands","3","v108760","1.30.5","2.67","","","","2"
"2022","Canada","2021A000011124","Powder whey","Imports","Tonnes","288","thousands","3","v108760","1.30.5","2.41","","","","2"
"2023","Canada","2021A000011124","Powder whey","Imports","Tonnes","288","thousands","3","v108760","1.30.5","2.07","","","","2"
"2024","Canada","2021A000011124","Powder whey","Imports","Tonnes","288","thousands","3","v108760","1.30.5","1.99","","","","2"
"2025","Canada","2021A000011124","Powder whey","Imports","Tonnes","288","thousands","3","v108760","1.30.5","1.23","","","","2"
"2021","Canada","2021A000011124","Powder whey","Total disposition","Tonnes","288","thousands","3","v54326462","1.30.11","35.90","","","","2"
"2022","Canada","2021A000011124","Powder whey","Total disposition","Tonnes","288","thousands","3","v54326462","1.30.11","32.34","","","","2"
"2023","Canada","2021A000011124","Powder whey","Total disposition","Tonnes","288","thousands","3","v54326462","1.30.11","29.24","","","","2"
"2024","Canada","2021A000011124","Powder whey","Total disposition","Tonnes","288","thousands","3","v54326462","1.30.11","33.34","","","","2"
"2025","Canada","2021A000011124","Powder whey","Total disposition","Tonnes","288","thousands","3","v54326462","1.30.11","33.40","","","","2"
"2021","Canada","2021A000011124","Powder whey","Domestic disappearance","Tonnes","288","thousands","3","v108756","1.30.1","8.47","","","","2"
"2022","Canada","2021A000011124","Powder whey","Domestic disappearance","Tonnes","288","thousands","3","v108756","1.30.1","5.94","","","","2"
"2023","Canada","2021A000011124","Powder whey","Domestic disappearance","Tonnes","288","thousands","3","v108756","1.30.1","2.58","","","","2"
"2024","Canada","2021A000011124","Powder whey","Domestic disappearance","Tonnes","288","thousands","3","v108756","1.30.1","6.62","","","","2"
"2025","Canada","2021A000011124","Powder whey","Domestic disappearance","Tonnes","288","thousands","3","v108756","1.30.1","7.03","","","","2"
"2021","Canada","2021A000011124","Powder whey","Manufacturing","Tonnes","288","thousands","3","v108763","1.30.8","27.43","","","","2"
"2022","Canada","2021A000011124","Powder whey","Manufacturing","Tonnes","288","thousands","3","v108763","1.30.8","26.40","","","","2"
"2023","Canada","2021A000011124","Powder whey","Manufacturing","Tonnes","288","thousands","3","v108763","1.30.8","26.65","","","","2"
"2024","Canada","2021A000011124","Powder whey","Manufacturing","Tonnes","288","thousands","3","v108763","1.30.8","26.71","","","","2"
"2025","Canada","2021A000011124","Powder whey","Manufacturing","Tonnes","288","thousands","3","v108763","1.30.8","26.38","","","","2"
"2021","Canada","2021A000011124","Powder whey","Ending stocks","Tonnes","288","thousands","3","v108765","1.30.10","8.38","","","","2"
"2022","Canada","2021A000011124","Powder whey","Ending stocks","Tonnes","288","thousands","3","v108765","1.30.10","8.52","","","","2"
"2023","Canada","2021A000011124","Powder whey","Ending stocks","Tonnes","288","thousands","3","v108765","1.30.10","11.05","","","","2"
"2024","Canada","2021A000011124","Powder whey","Ending stocks","Tonnes","288","thousands","3","v108765","1.30.10","9.17","","","","2"
"2025","Canada","2021A000011124","Powder whey","Ending stocks","Tonnes","288","thousands","3","v108765","1.30.10","7.19","","","","2"
"2021","Canada","2021A000011124","Other whole milk products","Total supply","Tonnes","288","thousands","3","v108769","1.31.2","17.16","","","","2"
"2022","Canada","2021A000011124","Other whole milk products","Total supply","Tonnes","288","thousands","3","v108769","1.31.2","16.35","","","","2"
"2023","Canada","2021A000011124","Other whole milk products","Total supply","Tonnes","288","thousands","3","v108769","1.31.2","15.93","","","","2"
"2024","Canada","2021A000011124","Other whole milk products","Total supply","Tonnes","288","thousands","3","v108769","1.31.2","13.33","","","","2"
"2025","Canada","2021A000011124","Other whole milk products","Total supply","Tonnes","288","thousands","3","v108769","1.31.2","15.62","","","","2"
"2021","Canada","2021A000011124","Other whole milk products","Beginning stocks","Tonnes","288","thousands","3","v108770","1.31.3","0.56","","","","2"
"2022","Canada","2021A000011124","Other whole milk products","Beginning stocks","Tonnes","288","thousands","3","v108770","1.31.3","","x","","","2"
"2023","Canada","2021A000011124","Other whole milk products","Beginning stocks","Tonnes","288","thousands","3","v108770","1.31.3","","x","","","2"
"2024","Canada","2021A000011124","Other whole milk products","Beginning stocks","Tonnes","288","thousands","3","v108770","1.31.3","","x","","","2"
"2025","Canada","2021A000011124","Other whole milk products","Beginning stocks","Tonnes","288","thousands","3","v108770","1.31.3","","x","","","2"
"2021","Canada","2021A000011124","Other whole milk products","Production","Tonnes","288","thousands","3","v108771","1.31.4","","x","","","2"
"2022","Canada","2021A000011124","Other whole milk products","Production","Tonnes","288","thousands","3","v108771","1.31.4","12.73","","","","2"
"2023","Canada","2021A000011124","Other whole milk products","Production","Tonnes","288","thousands","3","v108771","1.31.4","11.94","","","","2"
"2024","Canada","2021A000011124","Other whole milk products","Production","Tonnes","288","thousands","3","v108771","1.31.4","10.74","","","","2"
"2025","Canada","2021A000011124","Other whole milk products","Production","Tonnes","288","thousands","3","v108771","1.31.4","12.81","","","","2"
"2021","Canada","2021A000011124","Other whole milk products","Imports","Tonnes","288","thousands","3","v108772","1.31.5","","x","","","2"
"2022","Canada","2021A000011124","Other whole milk products","Imports","Tonnes","288","thousands","3","v108772","1.31.5","","x","","","2"
"2023","Canada","2021A000011124","Other whole milk products","Imports","Tonnes","288","thousands","3","v108772","1.31.5","","x","","","2"
"2024","Canada","2021A000011124","Other whole milk products","Imports","Tonnes","288","thousands","3","v108772","1.31.5","","x","","","2"
"2025","Canada","2021A000011124","Other whole milk products","Imports","Tonnes","288","thousands","3","v108772","1.31.5","","x","","","2"
"2021","Canada","2021A000011124","Other whole milk products","Total disposition","Tonnes","288","thousands","3","v54326463","1.31.11","16.63","","","","2"
"2022","Canada","2021A000011124","Other whole milk products","Total disposition","Tonnes","288","thousands","3","v54326463","1.31.11","15.92","","","","2"
"2023","Canada","2021A000011124","Other whole milk products","Total disposition","Tonnes","288","thousands","3","v54326463","1.31.11","15.57","","","","2"
"2024","Canada","2021A000011124","Other whole milk products","Total disposition","Tonnes","288","thousands","3","v54326463","1.31.11","12.92","","","","2"
"2025","Canada","2021A000011124","Other whole milk products","Total disposition","Tonnes","288","thousands","3","v54326463","1.31.11","15.28","","","","2"
"2021","Canada","2021A000011124","Other whole milk products","Domestic disappearance","Tonnes","288","thousands","3","v108768","1.31.1","15.37","","","","2"
"2022","Canada","2021A000011124","Other whole milk products","Domestic disappearance","Tonnes","288","thousands","3","v108768","1.31.1","15.52","","","","2"
"2023","Canada","2021A000011124","Other whole milk products","Domestic disappearance","Tonnes","288","thousands","3","v108768","1.31.1","14.78","","","","2"
"2024","Canada","2021A000011124","Other whole milk products","Domestic disappearance","Tonnes","288","thousands","3","v108768","1.31.1","11.84","","","","2"
"2025","Canada","2021A000011124","Other whole milk products","Domestic disappearance","Tonnes","288","thousands","3","v108768","1.31.1","14.54","","","","2"
"2021","Canada","2021A000011124","Other whole milk products","Exports","Tonnes","288","thousands","3","v108774","1.31.7","1.26","","","","2"
"2022","Canada","2021A000011124","Other whole milk products","Exports","Tonnes","288","thousands","3","v108774","1.31.7","0.40","","","","2"
"2023","Canada","2021A000011124","Other whole milk products","Exports","Tonnes","288","thousands","3","v108774","1.31.7","0.79","","","","2"
"2024","Canada","2021A000011124","Other whole milk products","Exports","Tonnes","288","thousands","3","v108774","1.31.7","1.08","","","","2"
"2025","Canada","2021A000011124","Other whole milk products","Exports","Tonnes","288","thousands","3","v108774","1.31.7","0.75","","","","2"
"2021","Canada","2021A000011124","Other whole milk products","Ending stocks","Tonnes","288","thousands","3","v108777","1.31.10","","x","","","2"
"2022","Canada","2021A000011124","Other whole milk products","Ending stocks","Tonnes","288","thousands","3","v108777","1.31.10","","x","","","2"
"2023","Canada","2021A000011124","Other whole milk products","Ending stocks","Tonnes","288","thousands","3","v108777","1.31.10","","x","","","2"
"2024","Canada","2021A000011124","Other whole milk products","Ending stocks","Tonnes","288","thousands","3","v108777","1.31.10","","x","","","2"
"2025","Canada","2021A000011124","Other whole milk products","Ending stocks","Tonnes","288","thousands","3","v108777","1.31.10","","x","","","2"
"2021","Canada","2021A000011124","Concentrated whole milk","Total supply","Kilolitres","195","thousands","3","v108457","1.33.2","22.62","","","","2"
"2022","Canada","2021A000011124","Concentrated whole milk","Total supply","Kilolitres","195","thousands","3","v108457","1.33.2","21.33","","","","2"
"2023","Canada","2021A000011124","Concentrated whole milk","Total supply","Kilolitres","195","thousands","3","v108457","1.33.2","20.78","","","","2"
"2024","Canada","2021A000011124","Concentrated whole milk","Total supply","Kilolitres","195","thousands","3","v108457","1.33.2","20.48","","","","2"
"2025","Canada","2021A000011124","Concentrated whole milk","Total supply","Kilolitres","195","thousands","3","v108457","1.33.2","18.68","","","","2"
"2021","Canada","2021A000011124","Concentrated whole milk","Beginning stocks","Kilolitres","195","thousands","3","v108458","1.33.3","0.76","","","","2"
"2022","Canada","2021A000011124","Concentrated whole milk","Beginning stocks","Kilolitres","195","thousands","3","v108458","1.33.3","0.88","","","","2"
"2023","Canada","2021A000011124","Concentrated whole milk","Beginning stocks","Kilolitres","195","thousands","3","v108458","1.33.3","1.01","","","","2"
"2024","Canada","2021A000011124","Concentrated whole milk","Beginning stocks","Kilolitres","195","thousands","3","v108458","1.33.3","0.83","","","","2"
"2025","Canada","2021A000011124","Concentrated whole milk","Beginning stocks","Kilolitres","195","thousands","3","v108458","1.33.3","0.84","","","","2"
"2021","Canada","2021A000011124","Concentrated whole milk","Production","Kilolitres","195","thousands","3","v108459","1.33.4","","x","","","2"
"2022","Canada","2021A000011124","Concentrated whole milk","Production","Kilolitres","195","thousands","3","v108459","1.33.4","","x","","","2"
"2023","Canada","2021A000011124","Concentrated whole milk","Production","Kilolitres","195","thousands","3","v108459","1.33.4","","x","","","2"
"2024","Canada","2021A000011124","Concentrated whole milk","Production","Kilolitres","195","thousands","3","v108459","1.33.4","","x","","","2"
"2025","Canada","2021A000011124","Concentrated whole milk","Production","Kilolitres","195","thousands","3","v108459","1.33.4","","x","","","2"
"2021","Canada","2021A000011124","Concentrated whole milk","Imports","Kilolitres","195","thousands","3","v108460","1.33.5","","x","","","2"
"2022","Canada","2021A000011124","Concentrated whole milk","Imports","Kilolitres","195","thousands","3","v108460","1.33.5","","x","","","2"
"2023","Canada","2021A000011124","Concentrated whole milk","Imports","Kilolitres","195","thousands","3","v108460","1.33.5","","x","","","2"
"2024","Canada","2021A000011124","Concentrated whole milk","Imports","Kilolitres","195","thousands","3","v108460","1.33.5","","x","","","2"
"2025","Canada","2021A000011124","Concentrated whole milk","Imports","Kilolitres","195","thousands","3","v108460","1.33.5","","x","","","2"
"2021","Canada","2021A000011124","Concentrated whole milk","Total disposition","Kilolitres","195","thousands","3","v54326438","1.33.11","21.75","","","","2"
"2022","Canada","2021A000011124","Concentrated whole milk","Total disposition","Kilolitres","195","thousands","3","v54326438","1.33.11","20.32","","","","2"
"2023","Canada","2021A000011124","Concentrated whole milk","Total disposition","Kilolitres","195","thousands","3","v54326438","1.33.11","19.95","","","","2"
"2024","Canada","2021A000011124","Concentrated whole milk","Total disposition","Kilolitres","195","thousands","3","v54326438","1.33.11","19.64","","","","2"
"2025","Canada","2021A000011124","Concentrated whole milk","Total disposition","Kilolitres","195","thousands","3","v54326438","1.33.11","17.84","","","","2"
"2021","Canada","2021A000011124","Concentrated whole milk","Domestic disappearance","Kilolitres","195","thousands","3","v108456","1.33.1","21.68","","","","2"
"2022","Canada","2021A000011124","Concentrated whole milk","Domestic disappearance","Kilolitres","195","thousands","3","v108456","1.33.1","20.30","","","","2"
"2023","Canada","2021A000011124","Concentrated whole milk","Domestic disappearance","Kilolitres","195","thousands","3","v108456","1.33.1","19.82","","","","2"
"2024","Canada","2021A000011124","Concentrated whole milk","Domestic disappearance","Kilolitres","195","thousands","3","v108456","1.33.1","19.47","","","","2"
"2025","Canada","2021A000011124","Concentrated whole milk","Domestic disappearance","Kilolitres","195","thousands","3","v108456","1.33.1","17.78","","","","2"
"2021","Canada","2021A000011124","Concentrated whole milk","Exports","Kilolitres","195","thousands","3","v108462","1.33.7","0.07","","","","2"
"2022","Canada","2021A000011124","Concentrated whole milk","Exports","Kilolitres","195","thousands","3","v108462","1.33.7","0.02","","","","2"
"2023","Canada","2021A000011124","Concentrated whole milk","Exports","Kilolitres","195","thousands","3","v108462","1.33.7","0.13","","","","2"
"2024","Canada","2021A000011124","Concentrated whole milk","Exports","Kilolitres","195","thousands","3","v108462","1.33.7","0.17","","","","2"
"2025","Canada","2021A000011124","Concentrated whole milk","Exports","Kilolitres","195","thousands","3","v108462","1.33.7","0.05","","","","2"
"2021","Canada","2021A000011124","Concentrated whole milk","Ending stocks","Kilolitres","195","thousands","3","v108465","1.33.10","0.88","","","","2"
"2022","Canada","2021A000011124","Concentrated whole milk","Ending stocks","Kilolitres","195","thousands","3","v108465","1.33.10","1.01","","","","2"
"2023","Canada","2021A000011124","Concentrated whole milk","Ending stocks","Kilolitres","195","thousands","3","v108465","1.33.10","0.83","","","","2"
"2024","Canada","2021A000011124","Concentrated whole milk","Ending stocks","Kilolitres","195","thousands","3","v108465","1.33.10","0.84","","","","2"
"2025","Canada","2021A000011124","Concentrated whole milk","Ending stocks","Kilolitres","195","thousands","3","v108465","1.33.10","","x","","","2"
"2021","Canada","2021A000011124","Sweetened concentrated whole milk","Total supply","Kilolitres","195","thousands","3","v108469","1.34.2","","x","","","2"
"2022","Canada","2021A000011124","Sweetened concentrated whole milk","Total supply","Kilolitres","195","thousands","3","v108469","1.34.2","","x","","","2"
"2023","Canada","2021A000011124","Sweetened concentrated whole milk","Total supply","Kilolitres","195","thousands","3","v108469","1.34.2","","x","","","2"
"2024","Canada","2021A000011124","Sweetened concentrated whole milk","Total supply","Kilolitres","195","thousands","3","v108469","1.34.2","","x","","","2"
"2025","Canada","2021A000011124","Sweetened concentrated whole milk","Total supply","Kilolitres","195","thousands","3","v108469","1.34.2","","x","","","2"
"2021","Canada","2021A000011124","Sweetened concentrated whole milk","Beginning stocks","Kilolitres","195","thousands","3","v108470","1.34.3","","x","","","2"
"2022","Canada","2021A000011124","Sweetened concentrated whole milk","Beginning stocks","Kilolitres","195","thousands","3","v108470","1.34.3","","x","","","2"
"2023","Canada","2021A000011124","Sweetened concentrated whole milk","Beginning stocks","Kilolitres","195","thousands","3","v108470","1.34.3","","x","","","2"
"2024","Canada","2021A000011124","Sweetened concentrated whole milk","Beginning stocks","Kilolitres","195","thousands","3","v108470","1.34.3","","x","","","2"
"2025","Canada","2021A000011124","Sweetened concentrated whole milk","Beginning stocks","Kilolitres","195","thousands","3","v108470","1.34.3","","x","","","2"
"2021","Canada","2021A000011124","Sweetened concentrated whole milk","Production","Kilolitres","195","thousands","3","v108471","1.34.4","","x","","","2"
"2022","Canada","2021A000011124","Sweetened concentrated whole milk","Production","Kilolitres","195","thousands","3","v108471","1.34.4","","x","","","2"
"2023","Canada","2021A000011124","Sweetened concentrated whole milk","Production","Kilolitres","195","thousands","3","v108471","1.34.4","","x","","","2"
"2024","Canada","2021A000011124","Sweetened concentrated whole milk","Production","Kilolitres","195","thousands","3","v108471","1.34.4","","x","","","2"
"2025","Canada","2021A000011124","Sweetened concentrated whole milk","Production","Kilolitres","195","thousands","3","v108471","1.34.4","","x","","","2"
"2021","Canada","2021A000011124","Sweetened concentrated whole milk","Imports","Kilolitres","195","thousands","3","v108472","1.34.5","","0s","","","2"
"2022","Canada","2021A000011124","Sweetened concentrated whole milk","Imports","Kilolitres","195","thousands","3","v108472","1.34.5","","0s","","","2"
"2023","Canada","2021A000011124","Sweetened concentrated whole milk","Imports","Kilolitres","195","thousands","3","v108472","1.34.5","","0s","","","2"
"2024","Canada","2021A000011124","Sweetened concentrated whole milk","Imports","Kilolitres","195","thousands","3","v108472","1.34.5","","0s","","","2"
"2025","Canada","2021A000011124","Sweetened concentrated whole milk","Imports","Kilolitres","195","thousands","3","v108472","1.34.5","","0s","","","2"
"2021","Canada","2021A000011124","Sweetened concentrated whole milk","Total disposition","Kilolitres","195","thousands","3","v54326439","1.34.11","","x","","","2"
"2022","Canada","2021A000011124","Sweetened concentrated whole milk","Total disposition","Kilolitres","195","thousands","3","v54326439","1.34.11","","x","","","2"
"2023","Canada","2021A000011124","Sweetened concentrated whole milk","Total disposition","Kilolitres","195","thousands","3","v54326439","1.34.11","","x","","","2"
"2024","Canada","2021A000011124","Sweetened concentrated whole milk","Total disposition","Kilolitres","195","thousands","3","v54326439","1.34.11","","x","","","2"
"2025","Canada","2021A000011124","Sweetened concentrated whole milk","Total disposition","Kilolitres","195","thousands","3","v54326439","1.34.11","","x","","","2"
"2021","Canada","2021A000011124","Sweetened concentrated whole milk","Domestic disappearance","Kilolitres","195","thousands","3","v108468","1.34.1","","x","","","2"
"2022","Canada","2021A000011124","Sweetened concentrated whole milk","Domestic disappearance","Kilolitres","195","thousands","3","v108468","1.34.1","","x","","","2"
"2023","Canada","2021A000011124","Sweetened concentrated whole milk","Domestic disappearance","Kilolitres","195","thousands","3","v108468","1.34.1","","x","","","2"
"2024","Canada","2021A000011124","Sweetened concentrated whole milk","Domestic disappearance","Kilolitres","195","thousands","3","v108468","1.34.1","","x","","","2"
"2025","Canada","2021A000011124","Sweetened concentrated whole milk","Domestic disappearance","Kilolitres","195","thousands","3","v108468","1.34.1","","x","","","2"
"2021","Canada","2021A000011124","Sweetened concentrated whole milk","Exports","Kilolitres","195","thousands","3","v108474","1.34.7","0.48","","","","2"
"2022","Canada","2021A000011124","Sweetened concentrated whole milk","Exports","Kilolitres","195","thousands","3","v108474","1.34.7","0.59","","","","2"
"2023","Canada","2021A000011124","Sweetened concentrated whole milk","Exports","Kilolitres","195","thousands","3","v108474","1.34.7","0.87","","","","2"
"2024","Canada","2021A000011124","Sweetened concentrated whole milk","Exports","Kilolitres","195","thousands","3","v108474","1.34.7","0.59","","","","2"
"2025","Canada","2021A000011124","Sweetened concentrated whole milk","Exports","Kilolitres","195","thousands","3","v108474","1.34.7","0.68","","","","2"
"2021","Canada","2021A000011124","Sweetened concentrated whole milk","Ending stocks","Kilolitres","195","thousands","3","v108477","1.34.10","","x","","","2"
"2022","Canada","2021A000011124","Sweetened concentrated whole milk","Ending stocks","Kilolitres","195","thousands","3","v108477","1.34.10","","x","","","2"
"2023","Canada","2021A000011124","Sweetened concentrated whole milk","Ending stocks","Kilolitres","195","thousands","3","v108477","1.34.10","","x","","","2"
"2024","Canada","2021A000011124","Sweetened concentrated whole milk","Ending stocks","Kilolitres","195","thousands","3","v108477","1.34.10","","x","","","2"
"2025","Canada","2021A000011124","Sweetened concentrated whole milk","Ending stocks","Kilolitres","195","thousands","3","v108477","1.34.10","","x","","","2"
"2021","Canada","2021A000011124","Concentrated skim milk","Total supply","Kilolitres","195","thousands","3","v108481","1.35.2","","x","","","2"
"2022","Canada","2021A000011124","Concentrated skim milk","Total supply","Kilolitres","195","thousands","3","v108481","1.35.2","","x","","","2"
"2023","Canada","2021A000011124","Concentrated skim milk","Total supply","Kilolitres","195","thousands","3","v108481","1.35.2","","x","","","2"
"2024","Canada","2021A000011124","Concentrated skim milk","Total supply","Kilolitres","195","thousands","3","v108481","1.35.2","","x","","","2"
"2025","Canada","2021A000011124","Concentrated skim milk","Total supply","Kilolitres","195","thousands","3","v108481","1.35.2","","x","","","2"
"2021","Canada","2021A000011124","Concentrated skim milk","Beginning stocks","Kilolitres","195","thousands","3","v108482","1.35.3","","x","","","2"
"2022","Canada","2021A000011124","Concentrated skim milk","Beginning stocks","Kilolitres","195","thousands","3","v108482","1.35.3","","x","","","2"
"2023","Canada","2021A000011124","Concentrated skim milk","Beginning stocks","Kilolitres","195","thousands","3","v108482","1.35.3","","x","","","2"
"2024","Canada","2021A000011124","Concentrated skim milk","Beginning stocks","Kilolitres","195","thousands","3","v108482","1.35.3","","x","","","2"
"2025","Canada","2021A000011124","Concentrated skim milk","Beginning stocks","Kilolitres","195","thousands","3","v108482","1.35.3","","x","","","2"
"2021","Canada","2021A000011124","Concentrated skim milk","Production","Kilolitres","195","thousands","3","v108483","1.35.4","","x","","","2"
"2022","Canada","2021A000011124","Concentrated skim milk","Production","Kilolitres","195","thousands","3","v108483","1.35.4","","x","","","2"
"2023","Canada","2021A000011124","Concentrated skim milk","Production","Kilolitres","195","thousands","3","v108483","1.35.4","","x","","","2"
"2024","Canada","2021A000011124","Concentrated skim milk","Production","Kilolitres","195","thousands","3","v108483","1.35.4","","x","","","2"
"2025","Canada","2021A000011124","Concentrated skim milk","Production","Kilolitres","195","thousands","3","v108483","1.35.4","","x","","","2"
"2021","Canada","2021A000011124","Concentrated skim milk","Total disposition","Kilolitres","195","thousands","3","v54326440","1.35.11","","x","","","2"
"2022","Canada","2021A000011124","Concentrated skim milk","Total disposition","Kilolitres","195","thousands","3","v54326440","1.35.11","","x","","","2"
"2023","Canada","2021A000011124","Concentrated skim milk","Total disposition","Kilolitres","195","thousands","3","v54326440","1.35.11","","x","","","2"
"2024","Canada","2021A000011124","Concentrated skim milk","Total disposition","Kilolitres","195","thousands","3","v54326440","1.35.11","","x","","","2"
"2025","Canada","2021A000011124","Concentrated skim milk","Total disposition","Kilolitres","195","thousands","3","v54326440","1.35.11","","x","","","2"
"2021","Canada","2021A000011124","Concentrated skim milk","Domestic disappearance","Kilolitres","195","thousands","3","v108480","1.35.1","","x","","","2"
"2022","Canada","2021A000011124","Concentrated skim milk","Domestic disappearance","Kilolitres","195","thousands","3","v108480","1.35.1","","x","","","2"
"2023","Canada","2021A000011124","Concentrated skim milk","Domestic disappearance","Kilolitres","195","thousands","3","v108480","1.35.1","","x","","","2"
"2024","Canada","2021A000011124","Concentrated skim milk","Domestic disappearance","Kilolitres","195","thousands","3","v108480","1.35.1","","x","","","2"
"2025","Canada","2021A000011124","Concentrated skim milk","Domestic disappearance","Kilolitres","195","thousands","3","v108480","1.35.1","","x","","","2"
"2021","Canada","2021A000011124","Concentrated skim milk","Ending stocks","Kilolitres","195","thousands","3","v108489","1.35.10","","x","","","2"
"2022","Canada","2021A000011124","Concentrated skim milk","Ending stocks","Kilolitres","195","thousands","3","v108489","1.35.10","","x","","","2"
"2023","Canada","2021A000011124","Concentrated skim milk","Ending stocks","Kilolitres","195","thousands","3","v108489","1.35.10","","x","","","2"
"2024","Canada","2021A000011124","Concentrated skim milk","Ending stocks","Kilolitres","195","thousands","3","v108489","1.35.10","","x","","","2"
"2025","Canada","2021A000011124","Concentrated skim milk","Ending stocks","Kilolitres","195","thousands","3","v108489","1.35.10","","x","","","2"
"2021","Canada","2021A000011124","Sweetened concentrated skim milk","Total supply","Kilolitres","195","thousands","3","v108493","1.36.2","","x","","","2"
"2022","Canada","2021A000011124","Sweetened concentrated skim milk","Total supply","Kilolitres","195","thousands","3","v108493","1.36.2","","x","","","2"
"2023","Canada","2021A000011124","Sweetened concentrated skim milk","Total supply","Kilolitres","195","thousands","3","v108493","1.36.2","","x","","","2"
"2024","Canada","2021A000011124","Sweetened concentrated skim milk","Total supply","Kilolitres","195","thousands","3","v108493","1.36.2","","x","","","2"
"2025","Canada","2021A000011124","Sweetened concentrated skim milk","Total supply","Kilolitres","195","thousands","3","v108493","1.36.2","","x","","","2"
"2021","Canada","2021A000011124","Sweetened concentrated skim milk","Beginning stocks","Kilolitres","195","thousands","3","v108494","1.36.3","0.04","","","","2"
"2022","Canada","2021A000011124","Sweetened concentrated skim milk","Beginning stocks","Kilolitres","195","thousands","3","v108494","1.36.3","","x","","","2"
"2023","Canada","2021A000011124","Sweetened concentrated skim milk","Beginning stocks","Kilolitres","195","thousands","3","v108494","1.36.3","","x","","","2"
"2024","Canada","2021A000011124","Sweetened concentrated skim milk","Beginning stocks","Kilolitres","195","thousands","3","v108494","1.36.3","","x","","","2"
"2025","Canada","2021A000011124","Sweetened concentrated skim milk","Beginning stocks","Kilolitres","195","thousands","3","v108494","1.36.3","","x","","","2"
"2021","Canada","2021A000011124","Sweetened concentrated skim milk","Production","Kilolitres","195","thousands","3","v108495","1.36.4","","x","","","2"
"2022","Canada","2021A000011124","Sweetened concentrated skim milk","Production","Kilolitres","195","thousands","3","v108495","1.36.4","","x","","","2"
"2023","Canada","2021A000011124","Sweetened concentrated skim milk","Production","Kilolitres","195","thousands","3","v108495","1.36.4","","x","","","2"
"2024","Canada","2021A000011124","Sweetened concentrated skim milk","Production","Kilolitres","195","thousands","3","v108495","1.36.4","","x","","","2"
"2025","Canada","2021A000011124","Sweetened concentrated skim milk","Production","Kilolitres","195","thousands","3","v108495","1.36.4","","x","","","2"
"2021","Canada","2021A000011124","Sweetened concentrated skim milk","Total disposition","Kilolitres","195","thousands","3","v54326441","1.36.11","0.71","","","","2"
"2022","Canada","2021A000011124","Sweetened concentrated skim milk","Total disposition","Kilolitres","195","thousands","3","v54326441","1.36.11","0.44","","","","2"
"2023","Canada","2021A000011124","Sweetened concentrated skim milk","Total disposition","Kilolitres","195","thousands","3","v54326441","1.36.11","0.47","","","","2"
"2024","Canada","2021A000011124","Sweetened concentrated skim milk","Total disposition","Kilolitres","195","thousands","3","v54326441","1.36.11","0.44","","","","2"
"2025","Canada","2021A000011124","Sweetened concentrated skim milk","Total disposition","Kilolitres","195","thousands","3","v54326441","1.36.11","0.61","","","","2"
"2021","Canada","2021A000011124","Sweetened concentrated skim milk","Domestic disappearance","Kilolitres","195","thousands","3","v108492","1.36.1","0.71","","","","2"
"2022","Canada","2021A000011124","Sweetened concentrated skim milk","Domestic disappearance","Kilolitres","195","thousands","3","v108492","1.36.1","0.44","","","","2"
"2023","Canada","2021A000011124","Sweetened concentrated skim milk","Domestic disappearance","Kilolitres","195","thousands","3","v108492","1.36.1","0.47","","","","2"
"2024","Canada","2021A000011124","Sweetened concentrated skim milk","Domestic disappearance","Kilolitres","195","thousands","3","v108492","1.36.1","0.44","","","","2"
"2025","Canada","2021A000011124","Sweetened concentrated skim milk","Domestic disappearance","Kilolitres","195","thousands","3","v108492","1.36.1","0.61","","","","2"
"2021","Canada","2021A000011124","Sweetened concentrated skim milk","Ending stocks","Kilolitres","195","thousands","3","v108501","1.36.10","","x","","","2"
"2022","Canada","2021A000011124","Sweetened concentrated skim milk","Ending stocks","Kilolitres","195","thousands","3","v108501","1.36.10","","x","","","2"
"2023","Canada","2021A000011124","Sweetened concentrated skim milk","Ending stocks","Kilolitres","195","thousands","3","v108501","1.36.10","","x","","","2"
"2024","Canada","2021A000011124","Sweetened concentrated skim milk","Ending stocks","Kilolitres","195","thousands","3","v108501","1.36.10","","x","","","2"
"2025","Canada","2021A000011124","Sweetened concentrated skim milk","Ending stocks","Kilolitres","195","thousands","3","v108501","1.36.10","","x","","","2"
"2021","Canada","2021A000011124","Milkshake","Total supply","Kilolitres","195","thousands","3","v108505","1.37.2","2.64","","","","2"
"2022","Canada","2021A000011124","Milkshake","Total supply","Kilolitres","195","thousands","3","v108505","1.37.2","2.59","","","","2"
"2023","Canada","2021A000011124","Milkshake","Total supply","Kilolitres","195","thousands","3","v108505","1.37.2","2.79","","","","2"
"2024","Canada","2021A000011124","Milkshake","Total supply","Kilolitres","195","thousands","3","v108505","1.37.2","2.81","","","","2"
"2025","Canada","2021A000011124","Milkshake","Total supply","Kilolitres","195","thousands","3","v108505","1.37.2","3.19","","","","2"
"2021","Canada","2021A000011124","Milkshake","Production","Kilolitres","195","thousands","3","v108507","1.37.4","2.64","","","","2"
"2022","Canada","2021A000011124","Milkshake","Production","Kilolitres","195","thousands","3","v108507","1.37.4","2.59","","","","2"
"2023","Canada","2021A000011124","Milkshake","Production","Kilolitres","195","thousands","3","v108507","1.37.4","2.79","","","","2"
"2024","Canada","2021A000011124","Milkshake","Production","Kilolitres","195","thousands","3","v108507","1.37.4","2.81","","","","2"
"2025","Canada","2021A000011124","Milkshake","Production","Kilolitres","195","thousands","3","v108507","1.37.4","3.19","","","","2"
"2021","Canada","2021A000011124","Milkshake","Total disposition","Kilolitres","195","thousands","3","v54326442","1.37.11","2.64","","","","2"
"2022","Canada","2021A000011124","Milkshake","Total disposition","Kilolitres","195","thousands","3","v54326442","1.37.11","2.59","","","","2"
"2023","Canada","2021A000011124","Milkshake","Total disposition","Kilolitres","195","thousands","3","v54326442","1.37.11","2.79","","","","2"
"2024","Canada","2021A000011124","Milkshake","Total disposition","Kilolitres","195","thousands","3","v54326442","1.37.11","2.81","","","","2"
"2025","Canada","2021A000011124","Milkshake","Total disposition","Kilolitres","195","thousands","3","v54326442","1.37.11","3.19","","","","2"
"2021","Canada","2021A000011124","Milkshake","Domestic disappearance","Kilolitres","195","thousands","3","v108504","1.37.1","2.64","","","","2"
"2022","Canada","2021A000011124","Milkshake","Domestic disappearance","Kilolitres","195","thousands","3","v108504","1.37.1","2.59","","","","2"
"2023","Canada","2021A000011124","Milkshake","Domestic disappearance","Kilolitres","195","thousands","3","v108504","1.37.1","2.79","","","","2"
"2024","Canada","2021A000011124","Milkshake","Domestic disappearance","Kilolitres","195","thousands","3","v108504","1.37.1","2.81","","","","2"
"2025","Canada","2021A000011124","Milkshake","Domestic disappearance","Kilolitres","195","thousands","3","v108504","1.37.1","3.19","","","","2"
"2021","Canada","2021A000011124","Ice cream","Total supply","Kilolitres","195","thousands","3","v108517","1.38.2","185.79","","","","2"
"2022","Canada","2021A000011124","Ice cream","Total supply","Kilolitres","195","thousands","3","v108517","1.38.2","177.65","","","","2"
"2023","Canada","2021A000011124","Ice cream","Total supply","Kilolitres","195","thousands","3","v108517","1.38.2","195.66","","","","2"
"2024","Canada","2021A000011124","Ice cream","Total supply","Kilolitres","195","thousands","3","v108517","1.38.2","194.41","","","","2"
"2025","Canada","2021A000011124","Ice cream","Total supply","Kilolitres","195","thousands","3","v108517","1.38.2","199.47","","","","2"
"2021","Canada","2021A000011124","Ice cream","Production","Kilolitres","195","thousands","3","v108519","1.38.4","","x","","","2"
"2022","Canada","2021A000011124","Ice cream","Production","Kilolitres","195","thousands","3","v108519","1.38.4","","x","","","2"
"2023","Canada","2021A000011124","Ice cream","Production","Kilolitres","195","thousands","3","v108519","1.38.4","","x","","","2"
"2024","Canada","2021A000011124","Ice cream","Production","Kilolitres","195","thousands","3","v108519","1.38.4","","x","","","2"
"2025","Canada","2021A000011124","Ice cream","Production","Kilolitres","195","thousands","3","v108519","1.38.4","","x","","","2"
"2021","Canada","2021A000011124","Ice cream","Imports","Kilolitres","195","thousands","3","v108520","1.38.5","","x","","","2"
"2022","Canada","2021A000011124","Ice cream","Imports","Kilolitres","195","thousands","3","v108520","1.38.5","","x","","","2"
"2023","Canada","2021A000011124","Ice cream","Imports","Kilolitres","195","thousands","3","v108520","1.38.5","","x","","","2"
"2024","Canada","2021A000011124","Ice cream","Imports","Kilolitres","195","thousands","3","v108520","1.38.5","","x","","","2"
"2025","Canada","2021A000011124","Ice cream","Imports","Kilolitres","195","thousands","3","v108520","1.38.5","","x","","","2"
"2021","Canada","2021A000011124","Ice cream","Total disposition","Kilolitres","195","thousands","3","v54326443","1.38.11","185.79","","","","2"
"2022","Canada","2021A000011124","Ice cream","Total disposition","Kilolitres","195","thousands","3","v54326443","1.38.11","177.65","","","","2"
"2023","Canada","2021A000011124","Ice cream","Total disposition","Kilolitres","195","thousands","3","v54326443","1.38.11","195.66","","","","2"
"2024","Canada","2021A000011124","Ice cream","Total disposition","Kilolitres","195","thousands","3","v54326443","1.38.11","194.41","","","","2"
"2025","Canada","2021A000011124","Ice cream","Total disposition","Kilolitres","195","thousands","3","v54326443","1.38.11","199.47","","","","2"
"2021","Canada","2021A000011124","Ice cream","Domestic disappearance","Kilolitres","195","thousands","3","v108516","1.38.1","185.40","","","","2"
"2022","Canada","2021A000011124","Ice cream","Domestic disappearance","Kilolitres","195","thousands","3","v108516","1.38.1","175.50","","","","2"
"2023","Canada","2021A000011124","Ice cream","Domestic disappearance","Kilolitres","195","thousands","3","v108516","1.38.1","190.41","","","","2"
"2024","Canada","2021A000011124","Ice cream","Domestic disappearance","Kilolitres","195","thousands","3","v108516","1.38.1","187.31","","","","2"
"2025","Canada","2021A000011124","Ice cream","Domestic disappearance","Kilolitres","195","thousands","3","v108516","1.38.1","193.46","","","","2"
"2021","Canada","2021A000011124","Ice cream","Exports","Kilolitres","195","thousands","3","v108522","1.38.7","0.39","","","","2"
"2022","Canada","2021A000011124","Ice cream","Exports","Kilolitres","195","thousands","3","v108522","1.38.7","2.15","","","","2"
"2023","Canada","2021A000011124","Ice cream","Exports","Kilolitres","195","thousands","3","v108522","1.38.7","5.25","","","","2"
"2024","Canada","2021A000011124","Ice cream","Exports","Kilolitres","195","thousands","3","v108522","1.38.7","7.09","","","","2"
"2025","Canada","2021A000011124","Ice cream","Exports","Kilolitres","195","thousands","3","v108522","1.38.7","6.01","","","","2"
"2021","Canada","2021A000011124","Sherbet","Total supply","Kilolitres","195","thousands","3","v108529","1.39.2","","x","","","2"
"2022","Canada","2021A000011124","Sherbet","Total supply","Kilolitres","195","thousands","3","v108529","1.39.2","","x","","","2"
"2023","Canada","2021A000011124","Sherbet","Total supply","Kilolitres","195","thousands","3","v108529","1.39.2","","x","","","2"
"2024","Canada","2021A000011124","Sherbet","Total supply","Kilolitres","195","thousands","3","v108529","1.39.2","","x","","","2"
"2025","Canada","2021A000011124","Sherbet","Total supply","Kilolitres","195","thousands","3","v108529","1.39.2","","x","","","2"
"2021","Canada","2021A000011124","Sherbet","Production","Kilolitres","195","thousands","3","v108531","1.39.4","","x","","","2"
"2022","Canada","2021A000011124","Sherbet","Production","Kilolitres","195","thousands","3","v108531","1.39.4","","x","","","2"
"2023","Canada","2021A000011124","Sherbet","Production","Kilolitres","195","thousands","3","v108531","1.39.4","","x","","","2"
"2024","Canada","2021A000011124","Sherbet","Production","Kilolitres","195","thousands","3","v108531","1.39.4","","x","","","2"
"2025","Canada","2021A000011124","Sherbet","Production","Kilolitres","195","thousands","3","v108531","1.39.4","","x","","","2"
"2021","Canada","2021A000011124","Sherbet","Total disposition","Kilolitres","195","thousands","3","v54326444","1.39.11","","x","","","2"
"2022","Canada","2021A000011124","Sherbet","Total disposition","Kilolitres","195","thousands","3","v54326444","1.39.11","","x","","","2"
"2023","Canada","2021A000011124","Sherbet","Total disposition","Kilolitres","195","thousands","3","v54326444","1.39.11","","x","","","2"
"2024","Canada","2021A000011124","Sherbet","Total disposition","Kilolitres","195","thousands","3","v54326444","1.39.11","","x","","","2"
"2025","Canada","2021A000011124","Sherbet","Total disposition","Kilolitres","195","thousands","3","v54326444","1.39.11","","x","","","2"
"2021","Canada","2021A000011124","Sherbet","Domestic disappearance","Kilolitres","195","thousands","3","v108528","1.39.1","","x","","","2"
"2022","Canada","2021A000011124","Sherbet","Domestic disappearance","Kilolitres","195","thousands","3","v108528","1.39.1","","x","","","2"
"2023","Canada","2021A000011124","Sherbet","Domestic disappearance","Kilolitres","195","thousands","3","v108528","1.39.1","","x","","","2"
"2024","Canada","2021A000011124","Sherbet","Domestic disappearance","Kilolitres","195","thousands","3","v108528","1.39.1","","x","","","2"
"2025","Canada","2021A000011124","Sherbet","Domestic disappearance","Kilolitres","195","thousands","3","v108528","1.39.1","","x","","","2"
"2021","Canada","2021A000011124","Ice milk","Total supply","Kilolitres","195","thousands","3","v108541","1.40.2","65.65","","","","2"
"2022","Canada","2021A000011124","Ice milk","Total supply","Kilolitres","195","thousands","3","v108541","1.40.2","65.48","","","","2"
"2023","Canada","2021A000011124","Ice milk","Total supply","Kilolitres","195","thousands","3","v108541","1.40.2","59.84","","","","2"
"2024","Canada","2021A000011124","Ice milk","Total supply","Kilolitres","195","thousands","3","v108541","1.40.2","52.55","","","","2"
"2025","Canada","2021A000011124","Ice milk","Total supply","Kilolitres","195","thousands","3","v108541","1.40.2","40.97","","","","2"
"2021","Canada","2021A000011124","Ice milk","Production","Kilolitres","195","thousands","3","v108543","1.40.4","65.65","","","","2"
"2022","Canada","2021A000011124","Ice milk","Production","Kilolitres","195","thousands","3","v108543","1.40.4","65.48","","","","2"
"2023","Canada","2021A000011124","Ice milk","Production","Kilolitres","195","thousands","3","v108543","1.40.4","59.84","","","","2"
"2024","Canada","2021A000011124","Ice milk","Production","Kilolitres","195","thousands","3","v108543","1.40.4","52.55","","","","2"
"2025","Canada","2021A000011124","Ice milk","Production","Kilolitres","195","thousands","3","v108543","1.40.4","40.97","","","","2"
"2021","Canada","2021A000011124","Ice milk","Total disposition","Kilolitres","195","thousands","3","v54326445","1.40.11","65.65","","","","2"
"2022","Canada","2021A000011124","Ice milk","Total disposition","Kilolitres","195","thousands","3","v54326445","1.40.11","65.48","","","","2"
"2023","Canada","2021A000011124","Ice milk","Total disposition","Kilolitres","195","thousands","3","v54326445","1.40.11","59.84","","","","2"
"2024","Canada","2021A000011124","Ice milk","Total disposition","Kilolitres","195","thousands","3","v54326445","1.40.11","52.55","","","","2"
"2025","Canada","2021A000011124","Ice milk","Total disposition","Kilolitres","195","thousands","3","v54326445","1.40.11","40.97","","","","2"
"2021","Canada","2021A000011124","Ice milk","Domestic disappearance","Kilolitres","195","thousands","3","v108540","1.40.1","65.65","","","","2"
"2022","Canada","2021A000011124","Ice milk","Domestic disappearance","Kilolitres","195","thousands","3","v108540","1.40.1","65.48","","","","2"
"2023","Canada","2021A000011124","Ice milk","Domestic disappearance","Kilolitres","195","thousands","3","v108540","1.40.1","59.84","","","","2"
"2024","Canada","2021A000011124","Ice milk","Domestic disappearance","Kilolitres","195","thousands","3","v108540","1.40.1","52.55","","","","2"
"2025","Canada","2021A000011124","Ice milk","Domestic disappearance","Kilolitres","195","thousands","3","v108540","1.40.1","40.97","","","","2"
"2021","Canada","2021A000011124","Standard milk 3.25%","Total supply","Kilolitres","195","thousands","3","v108553","1.41.2","431.26","","","","2"
"2022","Canada","2021A000011124","Standard milk 3.25%","Total supply","Kilolitres","195","thousands","3","v108553","1.41.2","435.31","","","","2"
"2023","Canada","2021A000011124","Standard milk 3.25%","Total supply","Kilolitres","195","thousands","3","v108553","1.41.2","462.07","","","","2"
"2024","Canada","2021A000011124","Standard milk 3.25%","Total supply","Kilolitres","195","thousands","3","v108553","1.41.2","486.97","","","","2"
"2025","Canada","2021A000011124","Standard milk 3.25%","Total supply","Kilolitres","195","thousands","3","v108553","1.41.2","512.62","","","","2"
"2021","Canada","2021A000011124","Standard milk 3.25%","Production","Kilolitres","195","thousands","3","v108555","1.41.4","431.26","","","","2"
"2022","Canada","2021A000011124","Standard milk 3.25%","Production","Kilolitres","195","thousands","3","v108555","1.41.4","435.31","","","","2"
"2023","Canada","2021A000011124","Standard milk 3.25%","Production","Kilolitres","195","thousands","3","v108555","1.41.4","462.07","","","","2"
"2024","Canada","2021A000011124","Standard milk 3.25%","Production","Kilolitres","195","thousands","3","v108555","1.41.4","486.97","","","","2"
"2025","Canada","2021A000011124","Standard milk 3.25%","Production","Kilolitres","195","thousands","3","v108555","1.41.4","512.62","","","","2"
"2021","Canada","2021A000011124","Standard milk 3.25%","Total disposition","Kilolitres","195","thousands","3","v54326446","1.41.11","431.26","","","","2"
"2022","Canada","2021A000011124","Standard milk 3.25%","Total disposition","Kilolitres","195","thousands","3","v54326446","1.41.11","435.31","","","","2"
"2023","Canada","2021A000011124","Standard milk 3.25%","Total disposition","Kilolitres","195","thousands","3","v54326446","1.41.11","462.07","","","","2"
"2024","Canada","2021A000011124","Standard milk 3.25%","Total disposition","Kilolitres","195","thousands","3","v54326446","1.41.11","486.97","","","","2"
"2025","Canada","2021A000011124","Standard milk 3.25%","Total disposition","Kilolitres","195","thousands","3","v54326446","1.41.11","512.62","","","","2"
"2021","Canada","2021A000011124","Standard milk 3.25%","Domestic disappearance","Kilolitres","195","thousands","3","v108552","1.41.1","431.26","","","","2"
"2022","Canada","2021A000011124","Standard milk 3.25%","Domestic disappearance","Kilolitres","195","thousands","3","v108552","1.41.1","435.31","","","","2"
"2023","Canada","2021A000011124","Standard milk 3.25%","Domestic disappearance","Kilolitres","195","thousands","3","v108552","1.41.1","462.07","","","","2"
"2024","Canada","2021A000011124","Standard milk 3.25%","Domestic disappearance","Kilolitres","195","thousands","3","v108552","1.41.1","486.97","","","","2"
"2025","Canada","2021A000011124","Standard milk 3.25%","Domestic disappearance","Kilolitres","195","thousands","3","v108552","1.41.1","512.62","","","","2"
"2021","Canada","2021A000011124","Buttermilk","Total supply","Kilolitres","195","thousands","3","v108565","1.42.2","16.99","","","","2"
"2022","Canada","2021A000011124","Buttermilk","Total supply","Kilolitres","195","thousands","3","v108565","1.42.2","15.69","","","","2"
"2023","Canada","2021A000011124","Buttermilk","Total supply","Kilolitres","195","thousands","3","v108565","1.42.2","14.91","","","","2"
"2024","Canada","2021A000011124","Buttermilk","Total supply","Kilolitres","195","thousands","3","v108565","1.42.2","14.79","","","","2"
"2025","Canada","2021A000011124","Buttermilk","Total supply","Kilolitres","195","thousands","3","v108565","1.42.2","15.05","","","","2"
"2021","Canada","2021A000011124","Buttermilk","Production","Kilolitres","195","thousands","3","v108567","1.42.4","16.99","","","","2"
"2022","Canada","2021A000011124","Buttermilk","Production","Kilolitres","195","thousands","3","v108567","1.42.4","15.69","","","","2"
"2023","Canada","2021A000011124","Buttermilk","Production","Kilolitres","195","thousands","3","v108567","1.42.4","14.91","","","","2"
"2024","Canada","2021A000011124","Buttermilk","Production","Kilolitres","195","thousands","3","v108567","1.42.4","14.79","","","","2"
"2025","Canada","2021A000011124","Buttermilk","Production","Kilolitres","195","thousands","3","v108567","1.42.4","15.05","","","","2"
"2021","Canada","2021A000011124","Buttermilk","Total disposition","Kilolitres","195","thousands","3","v54326447","1.42.11","16.99","","","","2"
"2022","Canada","2021A000011124","Buttermilk","Total disposition","Kilolitres","195","thousands","3","v54326447","1.42.11","15.69","","","","2"
"2023","Canada","2021A000011124","Buttermilk","Total disposition","Kilolitres","195","thousands","3","v54326447","1.42.11","14.91","","","","2"
"2024","Canada","2021A000011124","Buttermilk","Total disposition","Kilolitres","195","thousands","3","v54326447","1.42.11","14.79","","","","2"
"2025","Canada","2021A000011124","Buttermilk","Total disposition","Kilolitres","195","thousands","3","v54326447","1.42.11","15.05","","","","2"
"2021","Canada","2021A000011124","Buttermilk","Domestic disappearance","Kilolitres","195","thousands","3","v108564","1.42.1","16.99","","","","2"
"2022","Canada","2021A000011124","Buttermilk","Domestic disappearance","Kilolitres","195","thousands","3","v108564","1.42.1","15.69","","","","2"
"2023","Canada","2021A000011124","Buttermilk","Domestic disappearance","Kilolitres","195","thousands","3","v108564","1.42.1","14.91","","","","2"
"2024","Canada","2021A000011124","Buttermilk","Domestic disappearance","Kilolitres","195","thousands","3","v108564","1.42.1","14.79","","","","2"
"2025","Canada","2021A000011124","Buttermilk","Domestic disappearance","Kilolitres","195","thousands","3","v108564","1.42.1","15.05","","","","2"
"2021","Canada","2021A000011124","Partly skimmed milk 2%","Total supply","Kilolitres","195","thousands","3","v108589","1.43.2","1182.88","","","","2"
"2022","Canada","2021A000011124","Partly skimmed milk 2%","Total supply","Kilolitres","195","thousands","3","v108589","1.43.2","1164.15","","","","2"
"2023","Canada","2021A000011124","Partly skimmed milk 2%","Total supply","Kilolitres","195","thousands","3","v108589","1.43.2","1168.05","","","","2"
"2024","Canada","2021A000011124","Partly skimmed milk 2%","Total supply","Kilolitres","195","thousands","3","v108589","1.43.2","1174.29","","","","2"
"2025","Canada","2021A000011124","Partly skimmed milk 2%","Total supply","Kilolitres","195","thousands","3","v108589","1.43.2","1181.01","","","","2"
"2021","Canada","2021A000011124","Partly skimmed milk 2%","Production","Kilolitres","195","thousands","3","v108591","1.43.4","1182.88","","","","2"
"2022","Canada","2021A000011124","Partly skimmed milk 2%","Production","Kilolitres","195","thousands","3","v108591","1.43.4","1164.15","","","","2"
"2023","Canada","2021A000011124","Partly skimmed milk 2%","Production","Kilolitres","195","thousands","3","v108591","1.43.4","1168.05","","","","2"
"2024","Canada","2021A000011124","Partly skimmed milk 2%","Production","Kilolitres","195","thousands","3","v108591","1.43.4","1174.29","","","","2"
"2025","Canada","2021A000011124","Partly skimmed milk 2%","Production","Kilolitres","195","thousands","3","v108591","1.43.4","1181.01","","","","2"
"2021","Canada","2021A000011124","Partly skimmed milk 2%","Total disposition","Kilolitres","195","thousands","3","v54326449","1.43.11","1182.88","","","","2"
"2022","Canada","2021A000011124","Partly skimmed milk 2%","Total disposition","Kilolitres","195","thousands","3","v54326449","1.43.11","1164.15","","","","2"
"2023","Canada","2021A000011124","Partly skimmed milk 2%","Total disposition","Kilolitres","195","thousands","3","v54326449","1.43.11","1168.05","","","","2"
"2024","Canada","2021A000011124","Partly skimmed milk 2%","Total disposition","Kilolitres","195","thousands","3","v54326449","1.43.11","1174.29","","","","2"
"2025","Canada","2021A000011124","Partly skimmed milk 2%","Total disposition","Kilolitres","195","thousands","3","v54326449","1.43.11","1181.01","","","","2"
"2021","Canada","2021A000011124","Partly skimmed milk 2%","Domestic disappearance","Kilolitres","195","thousands","3","v108588","1.43.1","1182.88","","","","2"
"2022","Canada","2021A000011124","Partly skimmed milk 2%","Domestic disappearance","Kilolitres","195","thousands","3","v108588","1.43.1","1164.15","","","","2"
"2023","Canada","2021A000011124","Partly skimmed milk 2%","Domestic disappearance","Kilolitres","195","thousands","3","v108588","1.43.1","1168.05","","","","2"
"2024","Canada","2021A000011124","Partly skimmed milk 2%","Domestic disappearance","Kilolitres","195","thousands","3","v108588","1.43.1","1174.29","","","","2"
"2025","Canada","2021A000011124","Partly skimmed milk 2%","Domestic disappearance","Kilolitres","195","thousands","3","v108588","1.43.1","1181.01","","","","2"
"2021","Canada","2021A000011124","Partly skimmed milk 1%","Total supply","Kilolitres","195","thousands","3","v108601","1.44.2","400.58","","","","2"
"2022","Canada","2021A000011124","Partly skimmed milk 1%","Total supply","Kilolitres","195","thousands","3","v108601","1.44.2","377.57","","","","2"
"2023","Canada","2021A000011124","Partly skimmed milk 1%","Total supply","Kilolitres","195","thousands","3","v108601","1.44.2","361.62","","","","2"
"2024","Canada","2021A000011124","Partly skimmed milk 1%","Total supply","Kilolitres","195","thousands","3","v108601","1.44.2","350.99","","","","2"
"2025","Canada","2021A000011124","Partly skimmed milk 1%","Total supply","Kilolitres","195","thousands","3","v108601","1.44.2","335.40","","","","2"
"2021","Canada","2021A000011124","Partly skimmed milk 1%","Production","Kilolitres","195","thousands","3","v108603","1.44.4","400.58","","","","2"
"2022","Canada","2021A000011124","Partly skimmed milk 1%","Production","Kilolitres","195","thousands","3","v108603","1.44.4","377.57","","","","2"
"2023","Canada","2021A000011124","Partly skimmed milk 1%","Production","Kilolitres","195","thousands","3","v108603","1.44.4","361.62","","","","2"
"2024","Canada","2021A000011124","Partly skimmed milk 1%","Production","Kilolitres","195","thousands","3","v108603","1.44.4","350.99","","","","2"
"2025","Canada","2021A000011124","Partly skimmed milk 1%","Production","Kilolitres","195","thousands","3","v108603","1.44.4","335.40","","","","2"
"2021","Canada","2021A000011124","Partly skimmed milk 1%","Total disposition","Kilolitres","195","thousands","3","v54326450","1.44.11","400.58","","","","2"
"2022","Canada","2021A000011124","Partly skimmed milk 1%","Total disposition","Kilolitres","195","thousands","3","v54326450","1.44.11","377.57","","","","2"
"2023","Canada","2021A000011124","Partly skimmed milk 1%","Total disposition","Kilolitres","195","thousands","3","v54326450","1.44.11","361.62","","","","2"
"2024","Canada","2021A000011124","Partly skimmed milk 1%","Total disposition","Kilolitres","195","thousands","3","v54326450","1.44.11","350.99","","","","2"
"2025","Canada","2021A000011124","Partly skimmed milk 1%","Total disposition","Kilolitres","195","thousands","3","v54326450","1.44.11","335.40","","","","2"
"2021","Canada","2021A000011124","Partly skimmed milk 1%","Domestic disappearance","Kilolitres","195","thousands","3","v108600","1.44.1","400.58","","","","2"
"2022","Canada","2021A000011124","Partly skimmed milk 1%","Domestic disappearance","Kilolitres","195","thousands","3","v108600","1.44.1","377.57","","","","2"
"2023","Canada","2021A000011124","Partly skimmed milk 1%","Domestic disappearance","Kilolitres","195","thousands","3","v108600","1.44.1","361.62","","","","2"
"2024","Canada","2021A000011124","Partly skimmed milk 1%","Domestic disappearance","Kilolitres","195","thousands","3","v108600","1.44.1","350.99","","","","2"
"2025","Canada","2021A000011124","Partly skimmed milk 1%","Domestic disappearance","Kilolitres","195","thousands","3","v108600","1.44.1","335.40","","","","2"
"2021","Canada","2021A000011124","Skim milk","Total supply","Kilolitres","195","thousands","3","v108613","1.45.2","129.17","","","","2"
"2022","Canada","2021A000011124","Skim milk","Total supply","Kilolitres","195","thousands","3","v108613","1.45.2","119.18","","","","2"
"2023","Canada","2021A000011124","Skim milk","Total supply","Kilolitres","195","thousands","3","v108613","1.45.2","112.99","","","","2"
"2024","Canada","2021A000011124","Skim milk","Total supply","Kilolitres","195","thousands","3","v108613","1.45.2","109.46","","","","2"
"2025","Canada","2021A000011124","Skim milk","Total supply","Kilolitres","195","thousands","3","v108613","1.45.2","104.41","","","","2"
"2021","Canada","2021A000011124","Skim milk","Production","Kilolitres","195","thousands","3","v108615","1.45.4","129.17","","","","2"
"2022","Canada","2021A000011124","Skim milk","Production","Kilolitres","195","thousands","3","v108615","1.45.4","119.18","","","","2"
"2023","Canada","2021A000011124","Skim milk","Production","Kilolitres","195","thousands","3","v108615","1.45.4","112.99","","","","2"
"2024","Canada","2021A000011124","Skim milk","Production","Kilolitres","195","thousands","3","v108615","1.45.4","109.46","","","","2"
"2025","Canada","2021A000011124","Skim milk","Production","Kilolitres","195","thousands","3","v108615","1.45.4","104.41","","","","2"
"2021","Canada","2021A000011124","Skim milk","Total disposition","Kilolitres","195","thousands","3","v54326451","1.45.11","129.17","","","","2"
"2022","Canada","2021A000011124","Skim milk","Total disposition","Kilolitres","195","thousands","3","v54326451","1.45.11","119.18","","","","2"
"2023","Canada","2021A000011124","Skim milk","Total disposition","Kilolitres","195","thousands","3","v54326451","1.45.11","112.99","","","","2"
"2024","Canada","2021A000011124","Skim milk","Total disposition","Kilolitres","195","thousands","3","v54326451","1.45.11","109.46","","","","2"
"2025","Canada","2021A000011124","Skim milk","Total disposition","Kilolitres","195","thousands","3","v54326451","1.45.11","104.41","","","","2"
"2021","Canada","2021A000011124","Skim milk","Domestic disappearance","Kilolitres","195","thousands","3","v108612","1.45.1","129.17","","","","2"
"2022","Canada","2021A000011124","Skim milk","Domestic disappearance","Kilolitres","195","thousands","3","v108612","1.45.1","119.18","","","","2"
"2023","Canada","2021A000011124","Skim milk","Domestic disappearance","Kilolitres","195","thousands","3","v108612","1.45.1","112.99","","","","2"
"2024","Canada","2021A000011124","Skim milk","Domestic disappearance","Kilolitres","195","thousands","3","v108612","1.45.1","109.46","","","","2"
"2025","Canada","2021A000011124","Skim milk","Domestic disappearance","Kilolitres","195","thousands","3","v108612","1.45.1","104.41","","","","2"
"2021","Canada","2021A000011124","Chocolate and other flavoured milk","Total supply","Kilolitres","195","thousands","3","v108625","1.46.2","170.21","","","","2"
"2022","Canada","2021A000011124","Chocolate and other flavoured milk","Total supply","Kilolitres","195","thousands","3","v108625","1.46.2","169.65","","","","2"
"2023","Canada","2021A000011124","Chocolate and other flavoured milk","Total supply","Kilolitres","195","thousands","3","v108625","1.46.2","167.67","","","","2"
"2024","Canada","2021A000011124","Chocolate and other flavoured milk","Total supply","Kilolitres","195","thousands","3","v108625","1.46.2","165.86","","","","2"
"2025","Canada","2021A000011124","Chocolate and other flavoured milk","Total supply","Kilolitres","195","thousands","3","v108625","1.46.2","162.27","","","","2"
"2021","Canada","2021A000011124","Chocolate and other flavoured milk","Production","Kilolitres","195","thousands","3","v108627","1.46.4","170.21","","","","2"
"2022","Canada","2021A000011124","Chocolate and other flavoured milk","Production","Kilolitres","195","thousands","3","v108627","1.46.4","169.65","","","","2"
"2023","Canada","2021A000011124","Chocolate and other flavoured milk","Production","Kilolitres","195","thousands","3","v108627","1.46.4","167.67","","","","2"
"2024","Canada","2021A000011124","Chocolate and other flavoured milk","Production","Kilolitres","195","thousands","3","v108627","1.46.4","165.86","","","","2"
"2025","Canada","2021A000011124","Chocolate and other flavoured milk","Production","Kilolitres","195","thousands","3","v108627","1.46.4","162.27","","","","2"
"2021","Canada","2021A000011124","Chocolate and other flavoured milk","Total disposition","Kilolitres","195","thousands","3","v54326452","1.46.11","170.21","","","","2"
"2022","Canada","2021A000011124","Chocolate and other flavoured milk","Total disposition","Kilolitres","195","thousands","3","v54326452","1.46.11","169.65","","","","2"
"2023","Canada","2021A000011124","Chocolate and other flavoured milk","Total disposition","Kilolitres","195","thousands","3","v54326452","1.46.11","167.67","","","","2"
"2024","Canada","2021A000011124","Chocolate and other flavoured milk","Total disposition","Kilolitres","195","thousands","3","v54326452","1.46.11","165.86","","","","2"
"2025","Canada","2021A000011124","Chocolate and other flavoured milk","Total disposition","Kilolitres","195","thousands","3","v54326452","1.46.11","162.27","","","","2"
"2021","Canada","2021A000011124","Chocolate and other flavoured milk","Domestic disappearance","Kilolitres","195","thousands","3","v108624","1.46.1","170.21","","","","2"
"2022","Canada","2021A000011124","Chocolate and other flavoured milk","Domestic disappearance","Kilolitres","195","thousands","3","v108624","1.46.1","169.65","","","","2"
"2023","Canada","2021A000011124","Chocolate and other flavoured milk","Domestic disappearance","Kilolitres","195","thousands","3","v108624","1.46.1","167.67","","","","2"
"2024","Canada","2021A000011124","Chocolate and other flavoured milk","Domestic disappearance","Kilolitres","195","thousands","3","v108624","1.46.1","165.86","","","","2"
"2025","Canada","2021A000011124","Chocolate and other flavoured milk","Domestic disappearance","Kilolitres","195","thousands","3","v108624","1.46.1","162.27","","","","2"
"2021","Canada","2021A000011124","Cereal cream 10%","Total supply","Kilolitres","195","thousands","3","v108637","1.47.2","114.43","","","","2"
"2022","Canada","2021A000011124","Cereal cream 10%","Total supply","Kilolitres","195","thousands","3","v108637","1.47.2","112.28","","","","2"
"2023","Canada","2021A000011124","Cereal cream 10%","Total supply","Kilolitres","195","thousands","3","v108637","1.47.2","112.36","","","","2"
"2024","Canada","2021A000011124","Cereal cream 10%","Total supply","Kilolitres","195","thousands","3","v108637","1.47.2","110.32","","","","2"
"2025","Canada","2021A000011124","Cereal cream 10%","Total supply","Kilolitres","195","thousands","3","v108637","1.47.2","108.68","","","","2"
"2021","Canada","2021A000011124","Cereal cream 10%","Production","Kilolitres","195","thousands","3","v108639","1.47.4","114.43","","","","2"
"2022","Canada","2021A000011124","Cereal cream 10%","Production","Kilolitres","195","thousands","3","v108639","1.47.4","112.28","","","","2"
"2023","Canada","2021A000011124","Cereal cream 10%","Production","Kilolitres","195","thousands","3","v108639","1.47.4","112.36","","","","2"
"2024","Canada","2021A000011124","Cereal cream 10%","Production","Kilolitres","195","thousands","3","v108639","1.47.4","110.32","","","","2"
"2025","Canada","2021A000011124","Cereal cream 10%","Production","Kilolitres","195","thousands","3","v108639","1.47.4","108.68","","","","2"
"2021","Canada","2021A000011124","Cereal cream 10%","Total disposition","Kilolitres","195","thousands","3","v54326453","1.47.11","114.43","","","","2"
"2022","Canada","2021A000011124","Cereal cream 10%","Total disposition","Kilolitres","195","thousands","3","v54326453","1.47.11","112.28","","","","2"
"2023","Canada","2021A000011124","Cereal cream 10%","Total disposition","Kilolitres","195","thousands","3","v54326453","1.47.11","112.36","","","","2"
"2024","Canada","2021A000011124","Cereal cream 10%","Total disposition","Kilolitres","195","thousands","3","v54326453","1.47.11","110.32","","","","2"
"2025","Canada","2021A000011124","Cereal cream 10%","Total disposition","Kilolitres","195","thousands","3","v54326453","1.47.11","108.68","","","","2"
"2021","Canada","2021A000011124","Cereal cream 10%","Domestic disappearance","Kilolitres","195","thousands","3","v108636","1.47.1","114.43","","","","2"
"2022","Canada","2021A000011124","Cereal cream 10%","Domestic disappearance","Kilolitres","195","thousands","3","v108636","1.47.1","112.28","","","","2"
"2023","Canada","2021A000011124","Cereal cream 10%","Domestic disappearance","Kilolitres","195","thousands","3","v108636","1.47.1","112.36","","","","2"
"2024","Canada","2021A000011124","Cereal cream 10%","Domestic disappearance","Kilolitres","195","thousands","3","v108636","1.47.1","110.32","","","","2"
"2025","Canada","2021A000011124","Cereal cream 10%","Domestic disappearance","Kilolitres","195","thousands","3","v108636","1.47.1","108.68","","","","2"
"2021","Canada","2021A000011124","Table cream 18%","Total supply","Kilolitres","195","thousands","3","v108649","1.48.2","144.50","","","","2"
"2022","Canada","2021A000011124","Table cream 18%","Total supply","Kilolitres","195","thousands","3","v108649","1.48.2","148.67","","","","2"
"2023","Canada","2021A000011124","Table cream 18%","Total supply","Kilolitres","195","thousands","3","v108649","1.48.2","152.76","","","","2"
"2024","Canada","2021A000011124","Table cream 18%","Total supply","Kilolitres","195","thousands","3","v108649","1.48.2","154.78","","","","2"
"2025","Canada","2021A000011124","Table cream 18%","Total supply","Kilolitres","195","thousands","3","v108649","1.48.2","151.92","","","","2"
"2021","Canada","2021A000011124","Table cream 18%","Production","Kilolitres","195","thousands","3","v108651","1.48.4","144.50","","","","2"
"2022","Canada","2021A000011124","Table cream 18%","Production","Kilolitres","195","thousands","3","v108651","1.48.4","148.67","","","","2"
"2023","Canada","2021A000011124","Table cream 18%","Production","Kilolitres","195","thousands","3","v108651","1.48.4","152.76","","","","2"
"2024","Canada","2021A000011124","Table cream 18%","Production","Kilolitres","195","thousands","3","v108651","1.48.4","154.78","","","","2"
"2025","Canada","2021A000011124","Table cream 18%","Production","Kilolitres","195","thousands","3","v108651","1.48.4","151.92","","","","2"
"2021","Canada","2021A000011124","Table cream 18%","Total disposition","Kilolitres","195","thousands","3","v54326454","1.48.11","144.50","","","","2"
"2022","Canada","2021A000011124","Table cream 18%","Total disposition","Kilolitres","195","thousands","3","v54326454","1.48.11","148.67","","","","2"
"2023","Canada","2021A000011124","Table cream 18%","Total disposition","Kilolitres","195","thousands","3","v54326454","1.48.11","152.76","","","","2"
"2024","Canada","2021A000011124","Table cream 18%","Total disposition","Kilolitres","195","thousands","3","v54326454","1.48.11","154.78","","","","2"
"2025","Canada","2021A000011124","Table cream 18%","Total disposition","Kilolitres","195","thousands","3","v54326454","1.48.11","151.92","","","","2"
"2021","Canada","2021A000011124","Table cream 18%","Domestic disappearance","Kilolitres","195","thousands","3","v108648","1.48.1","144.50","","","","2"
"2022","Canada","2021A000011124","Table cream 18%","Domestic disappearance","Kilolitres","195","thousands","3","v108648","1.48.1","148.67","","","","2"
"2023","Canada","2021A000011124","Table cream 18%","Domestic disappearance","Kilolitres","195","thousands","3","v108648","1.48.1","152.76","","","","2"
"2024","Canada","2021A000011124","Table cream 18%","Domestic disappearance","Kilolitres","195","thousands","3","v108648","1.48.1","154.78","","","","2"
"2025","Canada","2021A000011124","Table cream 18%","Domestic disappearance","Kilolitres","195","thousands","3","v108648","1.48.1","151.92","","","","2"
"2021","Canada","2021A000011124","Whipping cream 32% or 35%","Total supply","Kilolitres","195","thousands","3","v108661","1.49.2","57.06","","","","2"
"2022","Canada","2021A000011124","Whipping cream 32% or 35%","Total supply","Kilolitres","195","thousands","3","v108661","1.49.2","59.59","","","","2"
"2023","Canada","2021A000011124","Whipping cream 32% or 35%","Total supply","Kilolitres","195","thousands","3","v108661","1.49.2","58.91","","","","2"
"2024","Canada","2021A000011124","Whipping cream 32% or 35%","Total supply","Kilolitres","195","thousands","3","v108661","1.49.2","60.76","","","","2"
"2025","Canada","2021A000011124","Whipping cream 32% or 35%","Total supply","Kilolitres","195","thousands","3","v108661","1.49.2","62.58","","","","2"
"2021","Canada","2021A000011124","Whipping cream 32% or 35%","Production","Kilolitres","195","thousands","3","v108663","1.49.4","57.06","","","","2"
"2022","Canada","2021A000011124","Whipping cream 32% or 35%","Production","Kilolitres","195","thousands","3","v108663","1.49.4","59.59","","","","2"
"2023","Canada","2021A000011124","Whipping cream 32% or 35%","Production","Kilolitres","195","thousands","3","v108663","1.49.4","58.91","","","","2"
"2024","Canada","2021A000011124","Whipping cream 32% or 35%","Production","Kilolitres","195","thousands","3","v108663","1.49.4","60.76","","","","2"
"2025","Canada","2021A000011124","Whipping cream 32% or 35%","Production","Kilolitres","195","thousands","3","v108663","1.49.4","62.58","","","","2"
"2021","Canada","2021A000011124","Whipping cream 32% or 35%","Total disposition","Kilolitres","195","thousands","3","v54326455","1.49.11","57.06","","","","2"
"2022","Canada","2021A000011124","Whipping cream 32% or 35%","Total disposition","Kilolitres","195","thousands","3","v54326455","1.49.11","59.59","","","","2"
"2023","Canada","2021A000011124","Whipping cream 32% or 35%","Total disposition","Kilolitres","195","thousands","3","v54326455","1.49.11","58.91","","","","2"
"2024","Canada","2021A000011124","Whipping cream 32% or 35%","Total disposition","Kilolitres","195","thousands","3","v54326455","1.49.11","60.76","","","","2"
"2025","Canada","2021A000011124","Whipping cream 32% or 35%","Total disposition","Kilolitres","195","thousands","3","v54326455","1.49.11","62.58","","","","2"
"2021","Canada","2021A000011124","Whipping cream 32% or 35%","Domestic disappearance","Kilolitres","195","thousands","3","v108660","1.49.1","57.06","","","","2"
"2022","Canada","2021A000011124","Whipping cream 32% or 35%","Domestic disappearance","Kilolitres","195","thousands","3","v108660","1.49.1","59.59","","","","2"
"2023","Canada","2021A000011124","Whipping cream 32% or 35%","Domestic disappearance","Kilolitres","195","thousands","3","v108660","1.49.1","58.91","","","","2"
"2024","Canada","2021A000011124","Whipping cream 32% or 35%","Domestic disappearance","Kilolitres","195","thousands","3","v108660","1.49.1","60.76","","","","2"
"2025","Canada","2021A000011124","Whipping cream 32% or 35%","Domestic disappearance","Kilolitres","195","thousands","3","v108660","1.49.1","62.58","","","","2"
"2021","Canada","2021A000011124","Sour cream","Total supply","Kilolitres","195","thousands","3","v108673","1.50.2","55.77","","","","2"
"2022","Canada","2021A000011124","Sour cream","Total supply","Kilolitres","195","thousands","3","v108673","1.50.2","54.39","","","","2"
"2023","Canada","2021A000011124","Sour cream","Total supply","Kilolitres","195","thousands","3","v108673","1.50.2","56.29","","","","2"
"2024","Canada","2021A000011124","Sour cream","Total supply","Kilolitres","195","thousands","3","v108673","1.50.2","56.08","","","","2"
"2025","Canada","2021A000011124","Sour cream","Total supply","Kilolitres","195","thousands","3","v108673","1.50.2","62.96","","","","2"
"2021","Canada","2021A000011124","Sour cream","Production","Kilolitres","195","thousands","3","v108675","1.50.4","55.77","","","","2"
"2022","Canada","2021A000011124","Sour cream","Production","Kilolitres","195","thousands","3","v108675","1.50.4","54.39","","","","2"
"2023","Canada","2021A000011124","Sour cream","Production","Kilolitres","195","thousands","3","v108675","1.50.4","56.29","","","","2"
"2024","Canada","2021A000011124","Sour cream","Production","Kilolitres","195","thousands","3","v108675","1.50.4","56.08","","","","2"
"2025","Canada","2021A000011124","Sour cream","Production","Kilolitres","195","thousands","3","v108675","1.50.4","62.96","","","","2"
"2021","Canada","2021A000011124","Sour cream","Total disposition","Kilolitres","195","thousands","3","v54326456","1.50.11","55.77","","","","2"
"2022","Canada","2021A000011124","Sour cream","Total disposition","Kilolitres","195","thousands","3","v54326456","1.50.11","54.39","","","","2"
"2023","Canada","2021A000011124","Sour cream","Total disposition","Kilolitres","195","thousands","3","v54326456","1.50.11","56.29","","","","2"
"2024","Canada","2021A000011124","Sour cream","Total disposition","Kilolitres","195","thousands","3","v54326456","1.50.11","56.08","","","","2"
"2025","Canada","2021A000011124","Sour cream","Total disposition","Kilolitres","195","thousands","3","v54326456","1.50.11","62.96","","","","2"
"2021","Canada","2021A000011124","Sour cream","Domestic disappearance","Kilolitres","195","thousands","3","v108672","1.50.1","55.77","","","","2"
"2022","Canada","2021A000011124","Sour cream","Domestic disappearance","Kilolitres","195","thousands","3","v108672","1.50.1","54.39","","","","2"
"2023","Canada","2021A000011124","Sour cream","Domestic disappearance","Kilolitres","195","thousands","3","v108672","1.50.1","56.29","","","","2"
"2024","Canada","2021A000011124","Sour cream","Domestic disappearance","Kilolitres","195","thousands","3","v108672","1.50.1","56.08","","","","2"
"2025","Canada","2021A000011124","Sour cream","Domestic disappearance","Kilolitres","195","thousands","3","v108672","1.50.1","62.96","","","","2"
"2021","Canada","2021A000011124","Yogurt","Total supply","Kilolitres","195","thousands","3","v108685","1.51.2","361.07","","","","2"
"2022","Canada","2021A000011124","Yogurt","Total supply","Kilolitres","195","thousands","3","v108685","1.51.2","359.64","","","","2"
"2023","Canada","2021A000011124","Yogurt","Total supply","Kilolitres","195","thousands","3","v108685","1.51.2","369.67","","","","2"
"2024","Canada","2021A000011124","Yogurt","Total supply","Kilolitres","195","thousands","3","v108685","1.51.2","374.57","","","","2"
"2025","Canada","2021A000011124","Yogurt","Total supply","Kilolitres","195","thousands","3","v108685","1.51.2","384.63","","","","2"
"2021","Canada","2021A000011124","Yogurt","Production","Kilolitres","195","thousands","3","v108687","1.51.4","360.11","","","","2"
"2022","Canada","2021A000011124","Yogurt","Production","Kilolitres","195","thousands","3","v108687","1.51.4","358.51","","","","2"
"2023","Canada","2021A000011124","Yogurt","Production","Kilolitres","195","thousands","3","v108687","1.51.4","368.86","","","","2"
"2024","Canada","2021A000011124","Yogurt","Production","Kilolitres","195","thousands","3","v108687","1.51.4","373.99","","","","2"
"2025","Canada","2021A000011124","Yogurt","Production","Kilolitres","195","thousands","3","v108687","1.51.4","384.15","","","","2"
"2021","Canada","2021A000011124","Yogurt","Imports","Kilolitres","195","thousands","3","v108688","1.51.5","0.96","","","","2"
"2022","Canada","2021A000011124","Yogurt","Imports","Kilolitres","195","thousands","3","v108688","1.51.5","1.13","","","","2"
"2023","Canada","2021A000011124","Yogurt","Imports","Kilolitres","195","thousands","3","v108688","1.51.5","0.81","","","","2"
"2024","Canada","2021A000011124","Yogurt","Imports","Kilolitres","195","thousands","3","v108688","1.51.5","0.58","","","","2"
"2025","Canada","2021A000011124","Yogurt","Imports","Kilolitres","195","thousands","3","v108688","1.51.5","0.48","","","","2"
"2021","Canada","2021A000011124","Yogurt","Total disposition","Kilolitres","195","thousands","3","v54326457","1.51.11","361.07","","","","2"
"2022","Canada","2021A000011124","Yogurt","Total disposition","Kilolitres","195","thousands","3","v54326457","1.51.11","359.64","","","","2"
"2023","Canada","2021A000011124","Yogurt","Total disposition","Kilolitres","195","thousands","3","v54326457","1.51.11","369.67","","","","2"
"2024","Canada","2021A000011124","Yogurt","Total disposition","Kilolitres","195","thousands","3","v54326457","1.51.11","374.57","","","","2"
"2025","Canada","2021A000011124","Yogurt","Total disposition","Kilolitres","195","thousands","3","v54326457","1.51.11","384.63","","","","2"
"2021","Canada","2021A000011124","Yogurt","Domestic disappearance","Kilolitres","195","thousands","3","v108684","1.51.1","349.71","","","","2"
"2022","Canada","2021A000011124","Yogurt","Domestic disappearance","Kilolitres","195","thousands","3","v108684","1.51.1","346.24","","","","2"
"2023","Canada","2021A000011124","Yogurt","Domestic disappearance","Kilolitres","195","thousands","3","v108684","1.51.1","351.74","","","","2"
"2024","Canada","2021A000011124","Yogurt","Domestic disappearance","Kilolitres","195","thousands","3","v108684","1.51.1","349.93","","","","2"
"2025","Canada","2021A000011124","Yogurt","Domestic disappearance","Kilolitres","195","thousands","3","v108684","1.51.1","348.32","","","","2"
"2021","Canada","2021A000011124","Yogurt","Exports","Kilolitres","195","thousands","3","v108690","1.51.7","11.36","","","","2"
"2022","Canada","2021A000011124","Yogurt","Exports","Kilolitres","195","thousands","3","v108690","1.51.7","13.40","","","","2"
"2023","Canada","2021A000011124","Yogurt","Exports","Kilolitres","195","thousands","3","v108690","1.51.7","17.92","","","","2"
"2024","Canada","2021A000011124","Yogurt","Exports","Kilolitres","195","thousands","3","v108690","1.51.7","24.64","","","","2"
"2025","Canada","2021A000011124","Yogurt","Exports","Kilolitres","195","thousands","3","v108690","1.51.7","36.30","","","","2"
"2021","Canada","2021A000011124","Chicken","Total supply","Tonnes","288","thousands","3","v108793","1.53.2","1515.86","","","","2"
"2022","Canada","2021A000011124","Chicken","Total supply","Tonnes","288","thousands","3","v108793","1.53.2","1560.05","","","","2"
"2023","Canada","2021A000011124","Chicken","Total supply","Tonnes","288","thousands","3","v108793","1.53.2","1616.72","","","","2"
"2024","Canada","2021A000011124","Chicken","Total supply","Tonnes","288","thousands","3","v108793","1.53.2","1645.56","","","","2"
"2025","Canada","2021A000011124","Chicken","Total supply","Tonnes","288","thousands","3","v108793","1.53.2","1689.97","","","","2"
"2021","Canada","2021A000011124","Chicken","Beginning stocks","Tonnes","288","thousands","3","v108794","1.53.3","58.86","","","","2"
"2022","Canada","2021A000011124","Chicken","Beginning stocks","Tonnes","288","thousands","3","v108794","1.53.3","58.58","","","","2"
"2023","Canada","2021A000011124","Chicken","Beginning stocks","Tonnes","288","thousands","3","v108794","1.53.3","60.78","","","","2"
"2024","Canada","2021A000011124","Chicken","Beginning stocks","Tonnes","288","thousands","3","v108794","1.53.3","71.85","","","","2"
"2025","Canada","2021A000011124","Chicken","Beginning stocks","Tonnes","288","thousands","3","v108794","1.53.3","58.45","","","","2"
"2021","Canada","2021A000011124","Chicken","Production","Tonnes","288","thousands","3","v108795","1.53.4","1304.64","","","","2"
"2022","Canada","2021A000011124","Chicken","Production","Tonnes","288","thousands","3","v108795","1.53.4","1341.90","","","","2"
"2023","Canada","2021A000011124","Chicken","Production","Tonnes","288","thousands","3","v108795","1.53.4","1386.77","","","","2"
"2024","Canada","2021A000011124","Chicken","Production","Tonnes","288","thousands","3","v108795","1.53.4","1388.39","","","","2"
"2025","Canada","2021A000011124","Chicken","Production","Tonnes","288","thousands","3","v108795","1.53.4","1416.55","","","","2"
"2021","Canada","2021A000011124","Chicken","Imports","Tonnes","288","thousands","3","v108796","1.53.5","152.35","","","","2"
"2022","Canada","2021A000011124","Chicken","Imports","Tonnes","288","thousands","3","v108796","1.53.5","159.57","","","","2"
"2023","Canada","2021A000011124","Chicken","Imports","Tonnes","288","thousands","3","v108796","1.53.5","169.17","","","","2"
"2024","Canada","2021A000011124","Chicken","Imports","Tonnes","288","thousands","3","v108796","1.53.5","185.33","","","","2"
"2025","Canada","2021A000011124","Chicken","Imports","Tonnes","288","thousands","3","v108796","1.53.5","214.96","","","","2"
"2021","Canada","2021A000011124","Chicken","Total disposition","Tonnes","288","thousands","3","v54326427","1.53.11","1457.28","","","","2"
"2022","Canada","2021A000011124","Chicken","Total disposition","Tonnes","288","thousands","3","v54326427","1.53.11","1499.27","","","","2"
"2023","Canada","2021A000011124","Chicken","Total disposition","Tonnes","288","thousands","3","v54326427","1.53.11","1544.87","","","","2"
"2024","Canada","2021A000011124","Chicken","Total disposition","Tonnes","288","thousands","3","v54326427","1.53.11","1587.11","","","","2"
"2025","Canada","2021A000011124","Chicken","Total disposition","Tonnes","288","thousands","3","v54326427","1.53.11","1628.31","","","","2"
"2021","Canada","2021A000011124","Chicken","Domestic disappearance","Tonnes","288","thousands","3","v108792","1.53.1","1315.08","","","","2"
"2022","Canada","2021A000011124","Chicken","Domestic disappearance","Tonnes","288","thousands","3","v108792","1.53.1","1372.43","","","","2"
"2023","Canada","2021A000011124","Chicken","Domestic disappearance","Tonnes","288","thousands","3","v108792","1.53.1","1406.71","","","","2"
"2024","Canada","2021A000011124","Chicken","Domestic disappearance","Tonnes","288","thousands","3","v108792","1.53.1","1433.22","","","","2"
"2025","Canada","2021A000011124","Chicken","Domestic disappearance","Tonnes","288","thousands","3","v108792","1.53.1","1484.37","","","","2"
"2021","Canada","2021A000011124","Chicken","Exports","Tonnes","288","thousands","3","v108798","1.53.7","142.19","","","","2"
"2022","Canada","2021A000011124","Chicken","Exports","Tonnes","288","thousands","3","v108798","1.53.7","126.84","","","","2"
"2023","Canada","2021A000011124","Chicken","Exports","Tonnes","288","thousands","3","v108798","1.53.7","138.16","","","","2"
"2024","Canada","2021A000011124","Chicken","Exports","Tonnes","288","thousands","3","v108798","1.53.7","153.89","","","","2"
"2025","Canada","2021A000011124","Chicken","Exports","Tonnes","288","thousands","3","v108798","1.53.7","143.93","","","","2"
"2021","Canada","2021A000011124","Chicken","Ending stocks","Tonnes","288","thousands","3","v108801","1.53.10","58.58","","","","2"
"2022","Canada","2021A000011124","Chicken","Ending stocks","Tonnes","288","thousands","3","v108801","1.53.10","60.78","","","","2"
"2023","Canada","2021A000011124","Chicken","Ending stocks","Tonnes","288","thousands","3","v108801","1.53.10","71.85","","","","2"
"2024","Canada","2021A000011124","Chicken","Ending stocks","Tonnes","288","thousands","3","v108801","1.53.10","58.45","","","","2"
"2025","Canada","2021A000011124","Chicken","Ending stocks","Tonnes","288","thousands","3","v108801","1.53.10","61.67","","","","2"
"2021","Canada","2021A000011124","Stewing hen","Total supply","Tonnes","288","thousands","3","v108804","1.54.2","102.81","","","","2"
"2022","Canada","2021A000011124","Stewing hen","Total supply","Tonnes","288","thousands","3","v108804","1.54.2","105.49","","","","2"
"2023","Canada","2021A000011124","Stewing hen","Total supply","Tonnes","288","thousands","3","v108804","1.54.2","118.20","","","","2"
"2024","Canada","2021A000011124","Stewing hen","Total supply","Tonnes","288","thousands","3","v108804","1.54.2","117.05","","","","2"
"2025","Canada","2021A000011124","Stewing hen","Total supply","Tonnes","288","thousands","3","v108804","1.54.2","148.76","","","","2"
"2021","Canada","2021A000011124","Stewing hen","Beginning stocks","Tonnes","288","thousands","3","v108805","1.54.3","1.25","","","","2"
"2022","Canada","2021A000011124","Stewing hen","Beginning stocks","Tonnes","288","thousands","3","v108805","1.54.3","1.04","","","","2"
"2023","Canada","2021A000011124","Stewing hen","Beginning stocks","Tonnes","288","thousands","3","v108805","1.54.3","1.16","","","","2"
"2024","Canada","2021A000011124","Stewing hen","Beginning stocks","Tonnes","288","thousands","3","v108805","1.54.3","1.30","","","","2"
"2025","Canada","2021A000011124","Stewing hen","Beginning stocks","Tonnes","288","thousands","3","v108805","1.54.3","0.62","","","","2"
"2021","Canada","2021A000011124","Stewing hen","Production","Tonnes","288","thousands","3","v108806","1.54.4","29.30","","","","2"
"2022","Canada","2021A000011124","Stewing hen","Production","Tonnes","288","thousands","3","v108806","1.54.4","28.90","","","","2"
"2023","Canada","2021A000011124","Stewing hen","Production","Tonnes","288","thousands","3","v108806","1.54.4","29.19","","","","2"
"2024","Canada","2021A000011124","Stewing hen","Production","Tonnes","288","thousands","3","v108806","1.54.4","30.96","","","","2"
"2025","Canada","2021A000011124","Stewing hen","Production","Tonnes","288","thousands","3","v108806","1.54.4","33.21","","","","2"
"2021","Canada","2021A000011124","Stewing hen","Imports","Tonnes","288","thousands","3","v108807","1.54.5","72.26","","","","2"
"2022","Canada","2021A000011124","Stewing hen","Imports","Tonnes","288","thousands","3","v108807","1.54.5","75.54","","","","2"
"2023","Canada","2021A000011124","Stewing hen","Imports","Tonnes","288","thousands","3","v108807","1.54.5","87.86","","","","2"
"2024","Canada","2021A000011124","Stewing hen","Imports","Tonnes","288","thousands","3","v108807","1.54.5","84.79","","","","2"
"2025","Canada","2021A000011124","Stewing hen","Imports","Tonnes","288","thousands","3","v108807","1.54.5","114.94","","","","2"
"2021","Canada","2021A000011124","Stewing hen","Total disposition","Tonnes","288","thousands","3","v54326428","1.54.11","101.77","","","","2"
"2022","Canada","2021A000011124","Stewing hen","Total disposition","Tonnes","288","thousands","3","v54326428","1.54.11","104.34","","","","2"
"2023","Canada","2021A000011124","Stewing hen","Total disposition","Tonnes","288","thousands","3","v54326428","1.54.11","116.90","","","","2"
"2024","Canada","2021A000011124","Stewing hen","Total disposition","Tonnes","288","thousands","3","v54326428","1.54.11","116.43","","","","2"
"2025","Canada","2021A000011124","Stewing hen","Total disposition","Tonnes","288","thousands","3","v54326428","1.54.11","148.27","","","","2"
"2021","Canada","2021A000011124","Stewing hen","Domestic disappearance","Tonnes","288","thousands","3","v108803","1.54.1","95.02","","","","2"
"2022","Canada","2021A000011124","Stewing hen","Domestic disappearance","Tonnes","288","thousands","3","v108803","1.54.1","99.59","","","","2"
"2023","Canada","2021A000011124","Stewing hen","Domestic disappearance","Tonnes","288","thousands","3","v108803","1.54.1","110.64","","","","2"
"2024","Canada","2021A000011124","Stewing hen","Domestic disappearance","Tonnes","288","thousands","3","v108803","1.54.1","109.52","","","","2"
"2025","Canada","2021A000011124","Stewing hen","Domestic disappearance","Tonnes","288","thousands","3","v108803","1.54.1","142.24","","","","2"
"2021","Canada","2021A000011124","Stewing hen","Exports","Tonnes","288","thousands","3","v108809","1.54.7","6.75","","","","2"
"2022","Canada","2021A000011124","Stewing hen","Exports","Tonnes","288","thousands","3","v108809","1.54.7","4.74","","","","2"
"2023","Canada","2021A000011124","Stewing hen","Exports","Tonnes","288","thousands","3","v108809","1.54.7","6.26","","","","2"
"2024","Canada","2021A000011124","Stewing hen","Exports","Tonnes","288","thousands","3","v108809","1.54.7","6.91","","","","2"
"2025","Canada","2021A000011124","Stewing hen","Exports","Tonnes","288","thousands","3","v108809","1.54.7","6.03","","","","2"
"2021","Canada","2021A000011124","Stewing hen","Ending stocks","Tonnes","288","thousands","3","v108812","1.54.10","1.04","","","","2"
"2022","Canada","2021A000011124","Stewing hen","Ending stocks","Tonnes","288","thousands","3","v108812","1.54.10","1.16","","","","2"
"2023","Canada","2021A000011124","Stewing hen","Ending stocks","Tonnes","288","thousands","3","v108812","1.54.10","1.30","","","","2"
"2024","Canada","2021A000011124","Stewing hen","Ending stocks","Tonnes","288","thousands","3","v108812","1.54.10","0.62","","","","2"
"2025","Canada","2021A000011124","Stewing hen","Ending stocks","Tonnes","288","thousands","3","v108812","1.54.10","0.49","","","","2"
"2021","Canada","2021A000011124","Chicken and stewing hen total","Total supply","Tonnes","288","thousands","3","v41356420","1.186.2","1618.67","","","","2"
"2022","Canada","2021A000011124","Chicken and stewing hen total","Total supply","Tonnes","288","thousands","3","v41356420","1.186.2","1665.54","","","","2"
"2023","Canada","2021A000011124","Chicken and stewing hen total","Total supply","Tonnes","288","thousands","3","v41356420","1.186.2","1734.92","","","","2"
"2024","Canada","2021A000011124","Chicken and stewing hen total","Total supply","Tonnes","288","thousands","3","v41356420","1.186.2","1762.61","","","","2"
"2025","Canada","2021A000011124","Chicken and stewing hen total","Total supply","Tonnes","288","thousands","3","v41356420","1.186.2","1838.73","","","","2"
"2021","Canada","2021A000011124","Chicken and stewing hen total","Beginning stocks","Tonnes","288","thousands","3","v41356421","1.186.3","60.11","","","","2"
"2022","Canada","2021A000011124","Chicken and stewing hen total","Beginning stocks","Tonnes","288","thousands","3","v41356421","1.186.3","59.63","","","","2"
"2023","Canada","2021A000011124","Chicken and stewing hen total","Beginning stocks","Tonnes","288","thousands","3","v41356421","1.186.3","61.93","","","","2"
"2024","Canada","2021A000011124","Chicken and stewing hen total","Beginning stocks","Tonnes","288","thousands","3","v41356421","1.186.3","73.15","","","","2"
"2025","Canada","2021A000011124","Chicken and stewing hen total","Beginning stocks","Tonnes","288","thousands","3","v41356421","1.186.3","59.07","","","","2"
"2021","Canada","2021A000011124","Chicken and stewing hen total","Production","Tonnes","288","thousands","3","v41356422","1.186.4","1333.95","","","","2"
"2022","Canada","2021A000011124","Chicken and stewing hen total","Production","Tonnes","288","thousands","3","v41356422","1.186.4","1370.80","","","","2"
"2023","Canada","2021A000011124","Chicken and stewing hen total","Production","Tonnes","288","thousands","3","v41356422","1.186.4","1415.96","","","","2"
"2024","Canada","2021A000011124","Chicken and stewing hen total","Production","Tonnes","288","thousands","3","v41356422","1.186.4","1419.34","","","","2"
"2025","Canada","2021A000011124","Chicken and stewing hen total","Production","Tonnes","288","thousands","3","v41356422","1.186.4","1449.76","","","","2"
"2021","Canada","2021A000011124","Chicken and stewing hen total","Imports","Tonnes","288","thousands","3","v41356423","1.186.5","224.61","","","","2"
"2022","Canada","2021A000011124","Chicken and stewing hen total","Imports","Tonnes","288","thousands","3","v41356423","1.186.5","235.11","","","","2"
"2023","Canada","2021A000011124","Chicken and stewing hen total","Imports","Tonnes","288","thousands","3","v41356423","1.186.5","257.03","","","","2"
"2024","Canada","2021A000011124","Chicken and stewing hen total","Imports","Tonnes","288","thousands","3","v41356423","1.186.5","270.12","","","","2"
"2025","Canada","2021A000011124","Chicken and stewing hen total","Imports","Tonnes","288","thousands","3","v41356423","1.186.5","329.90","","","","2"
"2021","Canada","2021A000011124","Chicken and stewing hen total","Total disposition","Tonnes","288","thousands","3","v54326429","1.186.11","1559.04","","","","2"
"2022","Canada","2021A000011124","Chicken and stewing hen total","Total disposition","Tonnes","288","thousands","3","v54326429","1.186.11","1603.61","","","","2"
"2023","Canada","2021A000011124","Chicken and stewing hen total","Total disposition","Tonnes","288","thousands","3","v54326429","1.186.11","1661.77","","","","2"
"2024","Canada","2021A000011124","Chicken and stewing hen total","Total disposition","Tonnes","288","thousands","3","v54326429","1.186.11","1703.54","","","","2"
"2025","Canada","2021A000011124","Chicken and stewing hen total","Total disposition","Tonnes","288","thousands","3","v54326429","1.186.11","1776.57","","","","2"
"2021","Canada","2021A000011124","Chicken and stewing hen total","Domestic disappearance","Tonnes","288","thousands","3","v41356419","1.186.1","1410.10","","","","2"
"2022","Canada","2021A000011124","Chicken and stewing hen total","Domestic disappearance","Tonnes","288","thousands","3","v41356419","1.186.1","1472.02","","","","2"
"2023","Canada","2021A000011124","Chicken and stewing hen total","Domestic disappearance","Tonnes","288","thousands","3","v41356419","1.186.1","1517.35","","","","2"
"2024","Canada","2021A000011124","Chicken and stewing hen total","Domestic disappearance","Tonnes","288","thousands","3","v41356419","1.186.1","1542.74","","","","2"
"2025","Canada","2021A000011124","Chicken and stewing hen total","Domestic disappearance","Tonnes","288","thousands","3","v41356419","1.186.1","1626.61","","","","2"
"2021","Canada","2021A000011124","Chicken and stewing hen total","Exports","Tonnes","288","thousands","3","v41356425","1.186.7","148.94","","","","2"
"2022","Canada","2021A000011124","Chicken and stewing hen total","Exports","Tonnes","288","thousands","3","v41356425","1.186.7","131.59","","","","2"
"2023","Canada","2021A000011124","Chicken and stewing hen total","Exports","Tonnes","288","thousands","3","v41356425","1.186.7","144.42","","","","2"
"2024","Canada","2021A000011124","Chicken and stewing hen total","Exports","Tonnes","288","thousands","3","v41356425","1.186.7","160.80","","","","2"
"2025","Canada","2021A000011124","Chicken and stewing hen total","Exports","Tonnes","288","thousands","3","v41356425","1.186.7","149.96","","","","2"
"2021","Canada","2021A000011124","Chicken and stewing hen total","Ending stocks","Tonnes","288","thousands","3","v41356428","1.186.10","59.63","","","","2"
"2022","Canada","2021A000011124","Chicken and stewing hen total","Ending stocks","Tonnes","288","thousands","3","v41356428","1.186.10","61.93","","","","2"
"2023","Canada","2021A000011124","Chicken and stewing hen total","Ending stocks","Tonnes","288","thousands","3","v41356428","1.186.10","73.15","","","","2"
"2024","Canada","2021A000011124","Chicken and stewing hen total","Ending stocks","Tonnes","288","thousands","3","v41356428","1.186.10","59.07","","","","2"
"2025","Canada","2021A000011124","Chicken and stewing hen total","Ending stocks","Tonnes","288","thousands","3","v41356428","1.186.10","62.16","","","","2"
"2021","Canada","2021A000011124","Turkey","Total supply","Tonnes","288","thousands","3","v108815","1.55.2","167.80","","","","2"
"2022","Canada","2021A000011124","Turkey","Total supply","Tonnes","288","thousands","3","v108815","1.55.2","164.21","","","","2"
"2023","Canada","2021A000011124","Turkey","Total supply","Tonnes","288","thousands","3","v108815","1.55.2","178.22","","","","2"
"2024","Canada","2021A000011124","Turkey","Total supply","Tonnes","288","thousands","3","v108815","1.55.2","180.29","","","","2"
"2025","Canada","2021A000011124","Turkey","Total supply","Tonnes","288","thousands","3","v108815","1.55.2","162.90","","","","2"
"2021","Canada","2021A000011124","Turkey","Beginning stocks","Tonnes","288","thousands","3","v108816","1.55.3","11.91","","","","2"
"2022","Canada","2021A000011124","Turkey","Beginning stocks","Tonnes","288","thousands","3","v108816","1.55.3","9.22","","","","2"
"2023","Canada","2021A000011124","Turkey","Beginning stocks","Tonnes","288","thousands","3","v108816","1.55.3","11.80","","","","2"
"2024","Canada","2021A000011124","Turkey","Beginning stocks","Tonnes","288","thousands","3","v108816","1.55.3","17.63","","","","2"
"2025","Canada","2021A000011124","Turkey","Beginning stocks","Tonnes","288","thousands","3","v108816","1.55.3","18.88","","","","2"
"2021","Canada","2021A000011124","Turkey","Production","Tonnes","288","thousands","3","v108817","1.55.4","150.39","","","","2"
"2022","Canada","2021A000011124","Turkey","Production","Tonnes","288","thousands","3","v108817","1.55.4","150.18","","","","2"
"2023","Canada","2021A000011124","Turkey","Production","Tonnes","288","thousands","3","v108817","1.55.4","159.29","","","","2"
"2024","Canada","2021A000011124","Turkey","Production","Tonnes","288","thousands","3","v108817","1.55.4","159.01","","","","2"
"2025","Canada","2021A000011124","Turkey","Production","Tonnes","288","thousands","3","v108817","1.55.4","139.50","","","","2"
"2021","Canada","2021A000011124","Turkey","Imports","Tonnes","288","thousands","3","v108818","1.55.5","5.50","","","","2"
"2022","Canada","2021A000011124","Turkey","Imports","Tonnes","288","thousands","3","v108818","1.55.5","4.82","","","","2"
"2023","Canada","2021A000011124","Turkey","Imports","Tonnes","288","thousands","3","v108818","1.55.5","7.13","","","","2"
"2024","Canada","2021A000011124","Turkey","Imports","Tonnes","288","thousands","3","v108818","1.55.5","3.65","","","","2"
"2025","Canada","2021A000011124","Turkey","Imports","Tonnes","288","thousands","3","v108818","1.55.5","4.52","","","","2"
"2021","Canada","2021A000011124","Turkey","Total disposition","Tonnes","288","thousands","3","v54326430","1.55.11","158.58","","","","2"
"2022","Canada","2021A000011124","Turkey","Total disposition","Tonnes","288","thousands","3","v54326430","1.55.11","152.41","","","","2"
"2023","Canada","2021A000011124","Turkey","Total disposition","Tonnes","288","thousands","3","v54326430","1.55.11","160.60","","","","2"
"2024","Canada","2021A000011124","Turkey","Total disposition","Tonnes","288","thousands","3","v54326430","1.55.11","161.41","","","","2"
"2025","Canada","2021A000011124","Turkey","Total disposition","Tonnes","288","thousands","3","v54326430","1.55.11","153.09","","","","2"
"2021","Canada","2021A000011124","Turkey","Domestic disappearance","Tonnes","288","thousands","3","v108814","1.55.1","138.49","","","","2"
"2022","Canada","2021A000011124","Turkey","Domestic disappearance","Tonnes","288","thousands","3","v108814","1.55.1","129.80","","","","2"
"2023","Canada","2021A000011124","Turkey","Domestic disappearance","Tonnes","288","thousands","3","v108814","1.55.1","137.67","","","","2"
"2024","Canada","2021A000011124","Turkey","Domestic disappearance","Tonnes","288","thousands","3","v108814","1.55.1","138.35","","","","2"
"2025","Canada","2021A000011124","Turkey","Domestic disappearance","Tonnes","288","thousands","3","v108814","1.55.1","137.91","","","","2"
"2021","Canada","2021A000011124","Turkey","Exports","Tonnes","288","thousands","3","v108820","1.55.7","20.08","","","","2"
"2022","Canada","2021A000011124","Turkey","Exports","Tonnes","288","thousands","3","v108820","1.55.7","22.61","","","","2"
"2023","Canada","2021A000011124","Turkey","Exports","Tonnes","288","thousands","3","v108820","1.55.7","22.92","","","","2"
"2024","Canada","2021A000011124","Turkey","Exports","Tonnes","288","thousands","3","v108820","1.55.7","23.05","","","","2"
"2025","Canada","2021A000011124","Turkey","Exports","Tonnes","288","thousands","3","v108820","1.55.7","15.18","","","","2"
"2021","Canada","2021A000011124","Turkey","Ending stocks","Tonnes","288","thousands","3","v108823","1.55.10","9.22","","","","2"
"2022","Canada","2021A000011124","Turkey","Ending stocks","Tonnes","288","thousands","3","v108823","1.55.10","11.80","","","","2"
"2023","Canada","2021A000011124","Turkey","Ending stocks","Tonnes","288","thousands","3","v108823","1.55.10","17.63","","","","2"
"2024","Canada","2021A000011124","Turkey","Ending stocks","Tonnes","288","thousands","3","v108823","1.55.10","18.88","","","","2"
"2025","Canada","2021A000011124","Turkey","Ending stocks","Tonnes","288","thousands","3","v108823","1.55.10","9.81","","","","2"
"2021","Canada","2021A000011124","Eggs","Total supply","Tonnes","288","thousands","3","v108826","1.56.2","664.21","","","","2"
"2022","Canada","2021A000011124","Eggs","Total supply","Tonnes","288","thousands","3","v108826","1.56.2","677.27","","","","2"
"2023","Canada","2021A000011124","Eggs","Total supply","Tonnes","288","thousands","3","v108826","1.56.2","680.06","","","","2"
"2024","Canada","2021A000011124","Eggs","Total supply","Tonnes","288","thousands","3","v108826","1.56.2","714.66","","","","2"
"2025","Canada","2021A000011124","Eggs","Total supply","Tonnes","288","thousands","3","v108826","1.56.2","754.19","","","","2"
"2021","Canada","2021A000011124","Eggs","Beginning stocks","Tonnes","288","thousands","3","v108827","1.56.3","2.37","","","","2"
"2022","Canada","2021A000011124","Eggs","Beginning stocks","Tonnes","288","thousands","3","v108827","1.56.3","2.85","","","","2"
"2023","Canada","2021A000011124","Eggs","Beginning stocks","Tonnes","288","thousands","3","v108827","1.56.3","3.13","","","","2"
"2024","Canada","2021A000011124","Eggs","Beginning stocks","Tonnes","288","thousands","3","v108827","1.56.3","2.63","","","","2"
"2025","Canada","2021A000011124","Eggs","Beginning stocks","Tonnes","288","thousands","3","v108827","1.56.3","2.86","","","","2"
"2021","Canada","2021A000011124","Eggs","Production","Tonnes","288","thousands","3","v108828","1.56.4","603.85","","","","2"
"2022","Canada","2021A000011124","Eggs","Production","Tonnes","288","thousands","3","v108828","1.56.4","617.35","","","","2"
"2023","Canada","2021A000011124","Eggs","Production","Tonnes","288","thousands","3","v108828","1.56.4","624.05","","","","2"
"2024","Canada","2021A000011124","Eggs","Production","Tonnes","288","thousands","3","v108828","1.56.4","650.44","","","","2"
"2025","Canada","2021A000011124","Eggs","Production","Tonnes","288","thousands","3","v108828","1.56.4","710.11","","","","2"
"2021","Canada","2021A000011124","Eggs","Imports","Tonnes","288","thousands","3","v108829","1.56.5","58.00","","","","2"
"2022","Canada","2021A000011124","Eggs","Imports","Tonnes","288","thousands","3","v108829","1.56.5","57.07","","","","2"
"2023","Canada","2021A000011124","Eggs","Imports","Tonnes","288","thousands","3","v108829","1.56.5","52.89","","","","2"
"2024","Canada","2021A000011124","Eggs","Imports","Tonnes","288","thousands","3","v108829","1.56.5","61.59","","","","2"
"2025","Canada","2021A000011124","Eggs","Imports","Tonnes","288","thousands","3","v108829","1.56.5","41.22","","","","2"
"2021","Canada","2021A000011124","Eggs","Total disposition","Tonnes","288","thousands","3","v54326412","1.56.11","661.36","","","","2"
"2022","Canada","2021A000011124","Eggs","Total disposition","Tonnes","288","thousands","3","v54326412","1.56.11","674.15","","","","2"
"2023","Canada","2021A000011124","Eggs","Total disposition","Tonnes","288","thousands","3","v54326412","1.56.11","677.43","","","","2"
"2024","Canada","2021A000011124","Eggs","Total disposition","Tonnes","288","thousands","3","v54326412","1.56.11","711.80","","","","2"
"2025","Canada","2021A000011124","Eggs","Total disposition","Tonnes","288","thousands","3","v54326412","1.56.11","751.58","","","","2"
"2021","Canada","2021A000011124","Eggs","Domestic disappearance","Tonnes","288","thousands","3","v108825","1.56.1","582.90","","","","2"
"2022","Canada","2021A000011124","Eggs","Domestic disappearance","Tonnes","288","thousands","3","v108825","1.56.1","595.14","","","","2"
"2023","Canada","2021A000011124","Eggs","Domestic disappearance","Tonnes","288","thousands","3","v108825","1.56.1","600.64","","","","2"
"2024","Canada","2021A000011124","Eggs","Domestic disappearance","Tonnes","288","thousands","3","v108825","1.56.1","631.66","","","","2"
"2025","Canada","2021A000011124","Eggs","Domestic disappearance","Tonnes","288","thousands","3","v108825","1.56.1","668.17","","","","2"
"2021","Canada","2021A000011124","Eggs","Exports","Tonnes","288","thousands","3","v108831","1.56.7","13.78","","","","2"
"2022","Canada","2021A000011124","Eggs","Exports","Tonnes","288","thousands","3","v108831","1.56.7","12.49","","","","2"
"2023","Canada","2021A000011124","Eggs","Exports","Tonnes","288","thousands","3","v108831","1.56.7","9.20","","","","2"
"2024","Canada","2021A000011124","Eggs","Exports","Tonnes","288","thousands","3","v108831","1.56.7","10.31","","","","2"
"2025","Canada","2021A000011124","Eggs","Exports","Tonnes","288","thousands","3","v108831","1.56.7","10.51","","","","2"
"2021","Canada","2021A000011124","Eggs","Manufacturing","Tonnes","288","thousands","3","v108832","1.56.8","52.91","","","","2"
"2022","Canada","2021A000011124","Eggs","Manufacturing","Tonnes","288","thousands","3","v108832","1.56.8","54.48","","","","2"
"2023","Canada","2021A000011124","Eggs","Manufacturing","Tonnes","288","thousands","3","v108832","1.56.8","55.42","","","","2"
"2024","Canada","2021A000011124","Eggs","Manufacturing","Tonnes","288","thousands","3","v108832","1.56.8","57.15","","","","2"
"2025","Canada","2021A000011124","Eggs","Manufacturing","Tonnes","288","thousands","3","v108832","1.56.8","59.05","","","","2"
"2021","Canada","2021A000011124","Eggs","Waste","Tonnes","288","thousands","3","v108833","1.56.9","11.77","","","","2"
"2022","Canada","2021A000011124","Eggs","Waste","Tonnes","288","thousands","3","v108833","1.56.9","12.04","","","","2"
"2023","Canada","2021A000011124","Eggs","Waste","Tonnes","288","thousands","3","v108833","1.56.9","12.17","","","","2"
"2024","Canada","2021A000011124","Eggs","Waste","Tonnes","288","thousands","3","v108833","1.56.9","12.68","","","","2"
"2025","Canada","2021A000011124","Eggs","Waste","Tonnes","288","thousands","3","v108833","1.56.9","13.85","","","","2"
"2021","Canada","2021A000011124","Eggs","Ending stocks","Tonnes","288","thousands","3","v108834","1.56.10","2.85","","","","2"
"2022","Canada","2021A000011124","Eggs","Ending stocks","Tonnes","288","thousands","3","v108834","1.56.10","3.13","","","","2"
"2023","Canada","2021A000011124","Eggs","Ending stocks","Tonnes","288","thousands","3","v108834","1.56.10","2.63","","","","2"
"2024","Canada","2021A000011124","Eggs","Ending stocks","Tonnes","288","thousands","3","v108834","1.56.10","2.86","","","","2"
"2025","Canada","2021A000011124","Eggs","Ending stocks","Tonnes","288","thousands","3","v108834","1.56.10","2.61","","","","2"
"2021","Canada","2021A000011124","Pork","Total supply","Tonnes","288","thousands","3","v108837","1.57.2","2620.58","","","","2"
"2022","Canada","2021A000011124","Pork","Total supply","Tonnes","288","thousands","3","v108837","1.57.2","2583.22","","","","2"
"2023","Canada","2021A000011124","Pork","Total supply","Tonnes","288","thousands","3","v108837","1.57.2","2631.63","","","","2"
"2024","Canada","2021A000011124","Pork","Total supply","Tonnes","288","thousands","3","v108837","1.57.2","2607.91","","","","2"
"2025","Canada","2021A000011124","Pork","Total supply","Tonnes","288","thousands","3","v108837","1.57.2","2646.13","","","","2"
"2021","Canada","2021A000011124","Pork","Beginning stocks","Tonnes","288","thousands","3","v108838","1.57.3","66.62","","","","2"
"2022","Canada","2021A000011124","Pork","Beginning stocks","Tonnes","288","thousands","3","v108838","1.57.3","89.77","","","","2"
"2023","Canada","2021A000011124","Pork","Beginning stocks","Tonnes","288","thousands","3","v108838","1.57.3","78.71","","","","2"
"2024","Canada","2021A000011124","Pork","Beginning stocks","Tonnes","288","thousands","3","v108838","1.57.3","77.78","","","","2"
"2025","Canada","2021A000011124","Pork","Beginning stocks","Tonnes","288","thousands","3","v108838","1.57.3","81.42","","","","2"
"2021","Canada","2021A000011124","Pork","Production","Tonnes","288","thousands","3","v108839","1.57.4","2285.42","","","","2"
"2022","Canada","2021A000011124","Pork","Production","Tonnes","288","thousands","3","v108839","1.57.4","2257.20","","","","2"
"2023","Canada","2021A000011124","Pork","Production","Tonnes","288","thousands","3","v108839","1.57.4","2286.28","","","","2"
"2024","Canada","2021A000011124","Pork","Production","Tonnes","288","thousands","3","v108839","1.57.4","2275.82","","","","2"
"2025","Canada","2021A000011124","Pork","Production","Tonnes","288","thousands","3","v108839","1.57.4","2337.26","","","","2"
"2021","Canada","2021A000011124","Pork","Imports","Tonnes","288","thousands","3","v108840","1.57.5","268.54","","","","2"
"2022","Canada","2021A000011124","Pork","Imports","Tonnes","288","thousands","3","v108840","1.57.5","236.25","","","","2"
"2023","Canada","2021A000011124","Pork","Imports","Tonnes","288","thousands","3","v108840","1.57.5","266.63","","","","2"
"2024","Canada","2021A000011124","Pork","Imports","Tonnes","288","thousands","3","v108840","1.57.5","254.31","","","","2"
"2025","Canada","2021A000011124","Pork","Imports","Tonnes","288","thousands","3","v108840","1.57.5","227.44","","","","2"
"2021","Canada","2021A000011124","Pork","Total disposition","Tonnes","288","thousands","3","v54326431","1.57.11","2530.81","","","","2"
"2022","Canada","2021A000011124","Pork","Total disposition","Tonnes","288","thousands","3","v54326431","1.57.11","2504.51","","","","2"
"2023","Canada","2021A000011124","Pork","Total disposition","Tonnes","288","thousands","3","v54326431","1.57.11","2553.85","","p","","2"
"2024","Canada","2021A000011124","Pork","Total disposition","Tonnes","288","thousands","3","v54326431","1.57.11","2526.48","","p","","2"
"2025","Canada","2021A000011124","Pork","Total disposition","Tonnes","288","thousands","3","v54326431","1.57.11","2572.30","","p","","2"
"2021","Canada","2021A000011124","Pork","Domestic disappearance","Tonnes","288","thousands","3","v108836","1.57.1","723.26","","","","2"
"2022","Canada","2021A000011124","Pork","Domestic disappearance","Tonnes","288","thousands","3","v108836","1.57.1","777.47","","","","2"
"2023","Canada","2021A000011124","Pork","Domestic disappearance","Tonnes","288","thousands","3","v108836","1.57.1","953.67","","p","","2"
"2024","Canada","2021A000011124","Pork","Domestic disappearance","Tonnes","288","thousands","3","v108836","1.57.1","796.17","","p","","2"
"2025","Canada","2021A000011124","Pork","Domestic disappearance","Tonnes","288","thousands","3","v108836","1.57.1","802.56","","p","","2"
"2021","Canada","2021A000011124","Pork","Exports","Tonnes","288","thousands","3","v108842","1.57.7","1572.16","","","","2"
"2022","Canada","2021A000011124","Pork","Exports","Tonnes","288","thousands","3","v108842","1.57.7","1494.55","","","","2"
"2023","Canada","2021A000011124","Pork","Exports","Tonnes","288","thousands","3","v108842","1.57.7","1364.69","","p","","2"
"2024","Canada","2021A000011124","Pork","Exports","Tonnes","288","thousands","3","v108842","1.57.7","1495.91","","p","","2"
"2025","Canada","2021A000011124","Pork","Exports","Tonnes","288","thousands","3","v108842","1.57.7","1529.00","","p","","2"
"2021","Canada","2021A000011124","Pork","Manufacturing","Tonnes","288","thousands","3","v108843","1.57.8","52.57","","","","2"
"2022","Canada","2021A000011124","Pork","Manufacturing","Tonnes","288","thousands","3","v108843","1.57.8","51.92","","","","2"
"2023","Canada","2021A000011124","Pork","Manufacturing","Tonnes","288","thousands","3","v108843","1.57.8","52.59","","","","2"
"2024","Canada","2021A000011124","Pork","Manufacturing","Tonnes","288","thousands","3","v108843","1.57.8","52.34","","","","2"
"2025","Canada","2021A000011124","Pork","Manufacturing","Tonnes","288","thousands","3","v108843","1.57.8","53.76","","","","2"
"2021","Canada","2021A000011124","Pork","Waste","Tonnes","288","thousands","3","v108844","1.57.9","182.83","","","","2"
"2022","Canada","2021A000011124","Pork","Waste","Tonnes","288","thousands","3","v108844","1.57.9","180.58","","","","2"
"2023","Canada","2021A000011124","Pork","Waste","Tonnes","288","thousands","3","v108844","1.57.9","182.90","","","","2"
"2024","Canada","2021A000011124","Pork","Waste","Tonnes","288","thousands","3","v108844","1.57.9","182.07","","","","2"
"2025","Canada","2021A000011124","Pork","Waste","Tonnes","288","thousands","3","v108844","1.57.9","186.98","","","","2"
"2021","Canada","2021A000011124","Pork","Ending stocks","Tonnes","288","thousands","3","v108845","1.57.10","89.77","","","","2"
"2022","Canada","2021A000011124","Pork","Ending stocks","Tonnes","288","thousands","3","v108845","1.57.10","78.71","","","","2"
"2023","Canada","2021A000011124","Pork","Ending stocks","Tonnes","288","thousands","3","v108845","1.57.10","77.78","","","","2"
"2024","Canada","2021A000011124","Pork","Ending stocks","Tonnes","288","thousands","3","v108845","1.57.10","81.42","","","","2"
"2025","Canada","2021A000011124","Pork","Ending stocks","Tonnes","288","thousands","3","v108845","1.57.10","73.83","","","","2"
"2021","Canada","2021A000011124","Beef","Total supply","Tonnes","288","thousands","3","v108849","1.58.2","1572.55","","","","2"
"2022","Canada","2021A000011124","Beef","Total supply","Tonnes","288","thousands","3","v108849","1.58.2","1606.57","","","","2"
"2023","Canada","2021A000011124","Beef","Total supply","Tonnes","288","thousands","3","v108849","1.58.2","1564.27","","","","2"
"2024","Canada","2021A000011124","Beef","Total supply","Tonnes","288","thousands","3","v108849","1.58.2","1532.77","","","","2"
"2025","Canada","2021A000011124","Beef","Total supply","Tonnes","288","thousands","3","v108849","1.58.2","1585.39","","","","2"
"2021","Canada","2021A000011124","Beef","Beginning stocks","Tonnes","288","thousands","3","v108850","1.58.3","38.12","","","","2"
"2022","Canada","2021A000011124","Beef","Beginning stocks","Tonnes","288","thousands","3","v108850","1.58.3","40.18","","","","2"
"2023","Canada","2021A000011124","Beef","Beginning stocks","Tonnes","288","thousands","3","v108850","1.58.3","41.35","","","","2"
"2024","Canada","2021A000011124","Beef","Beginning stocks","Tonnes","288","thousands","3","v108850","1.58.3","35.06","","","","2"
"2025","Canada","2021A000011124","Beef","Beginning stocks","Tonnes","288","thousands","3","v108850","1.58.3","36.45","","","","2"
"2021","Canada","2021A000011124","Beef","Production","Tonnes","288","thousands","3","v108851","1.58.4","1348.75","","","","2"
"2022","Canada","2021A000011124","Beef","Production","Tonnes","288","thousands","3","v108851","1.58.4","1378.71","","","","2"
"2023","Canada","2021A000011124","Beef","Production","Tonnes","288","thousands","3","v108851","1.58.4","1309.25","","","","2"
"2024","Canada","2021A000011124","Beef","Production","Tonnes","288","thousands","3","v108851","1.58.4","1259.25","","","","2"
"2025","Canada","2021A000011124","Beef","Production","Tonnes","288","thousands","3","v108851","1.58.4","1258.79","","","","2"
"2021","Canada","2021A000011124","Beef","Imports","Tonnes","288","thousands","3","v108852","1.58.5","185.67","","","","2"
"2022","Canada","2021A000011124","Beef","Imports","Tonnes","288","thousands","3","v108852","1.58.5","187.68","","","","2"
"2023","Canada","2021A000011124","Beef","Imports","Tonnes","288","thousands","3","v108852","1.58.5","213.67","","","","2"
"2024","Canada","2021A000011124","Beef","Imports","Tonnes","288","thousands","3","v108852","1.58.5","238.45","","","","2"
"2025","Canada","2021A000011124","Beef","Imports","Tonnes","288","thousands","3","v108852","1.58.5","290.15","","","","2"
"2021","Canada","2021A000011124","Beef","Total disposition","Tonnes","288","thousands","3","v54326432","1.58.11","1532.37","","","","2"
"2022","Canada","2021A000011124","Beef","Total disposition","Tonnes","288","thousands","3","v54326432","1.58.11","1565.22","","","","2"
"2023","Canada","2021A000011124","Beef","Total disposition","Tonnes","288","thousands","3","v54326432","1.58.11","1529.21","","","","2"
"2024","Canada","2021A000011124","Beef","Total disposition","Tonnes","288","thousands","3","v54326432","1.58.11","1496.32","","","","2"
"2025","Canada","2021A000011124","Beef","Total disposition","Tonnes","288","thousands","3","v54326432","1.58.11","1544.04","","","","2"
"2021","Canada","2021A000011124","Beef","Domestic disappearance","Tonnes","288","thousands","3","v108848","1.58.1","921.36","","","","2"
"2022","Canada","2021A000011124","Beef","Domestic disappearance","Tonnes","288","thousands","3","v108848","1.58.1","967.34","","","","2"
"2023","Canada","2021A000011124","Beef","Domestic disappearance","Tonnes","288","thousands","3","v108848","1.58.1","939.93","","","","2"
"2024","Canada","2021A000011124","Beef","Domestic disappearance","Tonnes","288","thousands","3","v108848","1.58.1","913.57","","","","2"
"2025","Canada","2021A000011124","Beef","Domestic disappearance","Tonnes","288","thousands","3","v108848","1.58.1","954.82","","","","2"
"2021","Canada","2021A000011124","Beef","Exports","Tonnes","288","thousands","3","v108854","1.58.7","611.01","","","","2"
"2022","Canada","2021A000011124","Beef","Exports","Tonnes","288","thousands","3","v108854","1.58.7","597.88","","","","2"
"2023","Canada","2021A000011124","Beef","Exports","Tonnes","288","thousands","3","v108854","1.58.7","589.28","","","","2"
"2024","Canada","2021A000011124","Beef","Exports","Tonnes","288","thousands","3","v108854","1.58.7","582.75","","","","2"
"2025","Canada","2021A000011124","Beef","Exports","Tonnes","288","thousands","3","v108854","1.58.7","589.22","","","","2"
"2021","Canada","2021A000011124","Beef","Ending stocks","Tonnes","288","thousands","3","v108857","1.58.10","40.18","","","","2"
"2022","Canada","2021A000011124","Beef","Ending stocks","Tonnes","288","thousands","3","v108857","1.58.10","41.35","","","","2"
"2023","Canada","2021A000011124","Beef","Ending stocks","Tonnes","288","thousands","3","v108857","1.58.10","35.06","","","","2"
"2024","Canada","2021A000011124","Beef","Ending stocks","Tonnes","288","thousands","3","v108857","1.58.10","36.45","","","","2"
"2025","Canada","2021A000011124","Beef","Ending stocks","Tonnes","288","thousands","3","v108857","1.58.10","41.35","","","","2"
"2021","Canada","2021A000011124","Veal","Total supply","Tonnes","288","thousands","3","v108861","1.59.2","40.09","","","","2"
"2022","Canada","2021A000011124","Veal","Total supply","Tonnes","288","thousands","3","v108861","1.59.2","39.39","","","","2"
"2023","Canada","2021A000011124","Veal","Total supply","Tonnes","288","thousands","3","v108861","1.59.2","39.57","","","","2"
"2024","Canada","2021A000011124","Veal","Total supply","Tonnes","288","thousands","3","v108861","1.59.2","38.04","","","","2"
"2025","Canada","2021A000011124","Veal","Total supply","Tonnes","288","thousands","3","v108861","1.59.2","35.30","","","","2"
"2021","Canada","2021A000011124","Veal","Beginning stocks","Tonnes","288","thousands","3","v108862","1.59.3","1.40","","","","2"
"2022","Canada","2021A000011124","Veal","Beginning stocks","Tonnes","288","thousands","3","v108862","1.59.3","1.47","","","","2"
"2023","Canada","2021A000011124","Veal","Beginning stocks","Tonnes","288","thousands","3","v108862","1.59.3","0.50","","","","2"
"2024","Canada","2021A000011124","Veal","Beginning stocks","Tonnes","288","thousands","3","v108862","1.59.3","0.47","","","","2"
"2025","Canada","2021A000011124","Veal","Beginning stocks","Tonnes","288","thousands","3","v108862","1.59.3","1.21","","","","2"
"2021","Canada","2021A000011124","Veal","Production","Tonnes","288","thousands","3","v108863","1.59.4","34.66","","","","2"
"2022","Canada","2021A000011124","Veal","Production","Tonnes","288","thousands","3","v108863","1.59.4","33.61","","","","2"
"2023","Canada","2021A000011124","Veal","Production","Tonnes","288","thousands","3","v108863","1.59.4","33.75","","","","2"
"2024","Canada","2021A000011124","Veal","Production","Tonnes","288","thousands","3","v108863","1.59.4","31.36","","","","2"
"2025","Canada","2021A000011124","Veal","Production","Tonnes","288","thousands","3","v108863","1.59.4","28.58","","","","2"
"2021","Canada","2021A000011124","Veal","Imports","Tonnes","288","thousands","3","v108864","1.59.5","4.03","","","","2"
"2022","Canada","2021A000011124","Veal","Imports","Tonnes","288","thousands","3","v108864","1.59.5","4.31","","","","2"
"2023","Canada","2021A000011124","Veal","Imports","Tonnes","288","thousands","3","v108864","1.59.5","5.32","","","","2"
"2024","Canada","2021A000011124","Veal","Imports","Tonnes","288","thousands","3","v108864","1.59.5","6.21","","","","2"
"2025","Canada","2021A000011124","Veal","Imports","Tonnes","288","thousands","3","v108864","1.59.5","5.51","","","","2"
"2021","Canada","2021A000011124","Veal","Total disposition","Tonnes","288","thousands","3","v54326433","1.59.11","38.62","","","","2"
"2022","Canada","2021A000011124","Veal","Total disposition","Tonnes","288","thousands","3","v54326433","1.59.11","38.89","","","","2"
"2023","Canada","2021A000011124","Veal","Total disposition","Tonnes","288","thousands","3","v54326433","1.59.11","39.10","","","","2"
"2024","Canada","2021A000011124","Veal","Total disposition","Tonnes","288","thousands","3","v54326433","1.59.11","36.83","","","","2"
"2025","Canada","2021A000011124","Veal","Total disposition","Tonnes","288","thousands","3","v54326433","1.59.11","34.51","","","","2"
"2021","Canada","2021A000011124","Veal","Domestic disappearance","Tonnes","288","thousands","3","v108860","1.59.1","34.79","","","","2"
"2022","Canada","2021A000011124","Veal","Domestic disappearance","Tonnes","288","thousands","3","v108860","1.59.1","35.00","","","","2"
"2023","Canada","2021A000011124","Veal","Domestic disappearance","Tonnes","288","thousands","3","v108860","1.59.1","35.30","","","","2"
"2024","Canada","2021A000011124","Veal","Domestic disappearance","Tonnes","288","thousands","3","v108860","1.59.1","33.05","","","","2"
"2025","Canada","2021A000011124","Veal","Domestic disappearance","Tonnes","288","thousands","3","v108860","1.59.1","29.38","","","","2"
"2021","Canada","2021A000011124","Veal","Exports","Tonnes","288","thousands","3","v108866","1.59.7","3.82","","","","2"
"2022","Canada","2021A000011124","Veal","Exports","Tonnes","288","thousands","3","v108866","1.59.7","3.89","","","","2"
"2023","Canada","2021A000011124","Veal","Exports","Tonnes","288","thousands","3","v108866","1.59.7","3.80","","","","2"
"2024","Canada","2021A000011124","Veal","Exports","Tonnes","288","thousands","3","v108866","1.59.7","3.79","","","","2"
"2025","Canada","2021A000011124","Veal","Exports","Tonnes","288","thousands","3","v108866","1.59.7","5.13","","","","2"
"2021","Canada","2021A000011124","Veal","Ending stocks","Tonnes","288","thousands","3","v108869","1.59.10","1.47","","","","2"
"2022","Canada","2021A000011124","Veal","Ending stocks","Tonnes","288","thousands","3","v108869","1.59.10","0.50","","","","2"
"2023","Canada","2021A000011124","Veal","Ending stocks","Tonnes","288","thousands","3","v108869","1.59.10","0.47","","","","2"
"2024","Canada","2021A000011124","Veal","Ending stocks","Tonnes","288","thousands","3","v108869","1.59.10","1.21","","","","2"
"2025","Canada","2021A000011124","Veal","Ending stocks","Tonnes","288","thousands","3","v108869","1.59.10","0.80","","","","2"
"2021","Canada","2021A000011124","Beef and veal total","Total supply","Tonnes","288","thousands","3","v41356430","1.187.2","1612.64","","","","2"
"2022","Canada","2021A000011124","Beef and veal total","Total supply","Tonnes","288","thousands","3","v41356430","1.187.2","1645.96","","","","2"
"2023","Canada","2021A000011124","Beef and veal total","Total supply","Tonnes","288","thousands","3","v41356430","1.187.2","1603.85","","","","2"
"2024","Canada","2021A000011124","Beef and veal total","Total supply","Tonnes","288","thousands","3","v41356430","1.187.2","1570.81","","","","2"
"2025","Canada","2021A000011124","Beef and veal total","Total supply","Tonnes","288","thousands","3","v41356430","1.187.2","1620.69","","","","2"
"2021","Canada","2021A000011124","Beef and veal total","Beginning stocks","Tonnes","288","thousands","3","v41356431","1.187.3","39.52","","","","2"
"2022","Canada","2021A000011124","Beef and veal total","Beginning stocks","Tonnes","288","thousands","3","v41356431","1.187.3","41.65","","","","2"
"2023","Canada","2021A000011124","Beef and veal total","Beginning stocks","Tonnes","288","thousands","3","v41356431","1.187.3","41.85","","","","2"
"2024","Canada","2021A000011124","Beef and veal total","Beginning stocks","Tonnes","288","thousands","3","v41356431","1.187.3","35.54","","","","2"
"2025","Canada","2021A000011124","Beef and veal total","Beginning stocks","Tonnes","288","thousands","3","v41356431","1.187.3","37.66","","","","2"
"2021","Canada","2021A000011124","Beef and veal total","Production","Tonnes","288","thousands","3","v41356432","1.187.4","1383.41","","","","2"
"2022","Canada","2021A000011124","Beef and veal total","Production","Tonnes","288","thousands","3","v41356432","1.187.4","1412.32","","","","2"
"2023","Canada","2021A000011124","Beef and veal total","Production","Tonnes","288","thousands","3","v41356432","1.187.4","1343.01","","","","2"
"2024","Canada","2021A000011124","Beef and veal total","Production","Tonnes","288","thousands","3","v41356432","1.187.4","1290.61","","","","2"
"2025","Canada","2021A000011124","Beef and veal total","Production","Tonnes","288","thousands","3","v41356432","1.187.4","1287.37","","","","2"
"2021","Canada","2021A000011124","Beef and veal total","Imports","Tonnes","288","thousands","3","v41356433","1.187.5","189.71","","","","2"
"2022","Canada","2021A000011124","Beef and veal total","Imports","Tonnes","288","thousands","3","v41356433","1.187.5","191.99","","","","2"
"2023","Canada","2021A000011124","Beef and veal total","Imports","Tonnes","288","thousands","3","v41356433","1.187.5","218.99","","","","2"
"2024","Canada","2021A000011124","Beef and veal total","Imports","Tonnes","288","thousands","3","v41356433","1.187.5","244.66","","","","2"
"2025","Canada","2021A000011124","Beef and veal total","Imports","Tonnes","288","thousands","3","v41356433","1.187.5","295.66","","","","2"
"2021","Canada","2021A000011124","Beef and veal total","Total disposition","Tonnes","288","thousands","3","v54326434","1.187.11","1570.98","","","","2"
"2022","Canada","2021A000011124","Beef and veal total","Total disposition","Tonnes","288","thousands","3","v54326434","1.187.11","1604.11","","","","2"
"2023","Canada","2021A000011124","Beef and veal total","Total disposition","Tonnes","288","thousands","3","v54326434","1.187.11","1568.31","","","","2"
"2024","Canada","2021A000011124","Beef and veal total","Total disposition","Tonnes","288","thousands","3","v54326434","1.187.11","1533.15","","","","2"
"2025","Canada","2021A000011124","Beef and veal total","Total disposition","Tonnes","288","thousands","3","v54326434","1.187.11","1578.55","","","","2"
"2021","Canada","2021A000011124","Beef and veal total","Domestic disappearance","Tonnes","288","thousands","3","v41356429","1.187.1","956.15","","","","2"
"2022","Canada","2021A000011124","Beef and veal total","Domestic disappearance","Tonnes","288","thousands","3","v41356429","1.187.1","1002.34","","","","2"
"2023","Canada","2021A000011124","Beef and veal total","Domestic disappearance","Tonnes","288","thousands","3","v41356429","1.187.1","975.23","","","","2"
"2024","Canada","2021A000011124","Beef and veal total","Domestic disappearance","Tonnes","288","thousands","3","v41356429","1.187.1","946.62","","","","2"
"2025","Canada","2021A000011124","Beef and veal total","Domestic disappearance","Tonnes","288","thousands","3","v41356429","1.187.1","984.20","","","","2"
"2021","Canada","2021A000011124","Beef and veal total","Exports","Tonnes","288","thousands","3","v41356435","1.187.7","614.83","","","","2"
"2022","Canada","2021A000011124","Beef and veal total","Exports","Tonnes","288","thousands","3","v41356435","1.187.7","601.77","","","","2"
"2023","Canada","2021A000011124","Beef and veal total","Exports","Tonnes","288","thousands","3","v41356435","1.187.7","593.07","","","","2"
"2024","Canada","2021A000011124","Beef and veal total","Exports","Tonnes","288","thousands","3","v41356435","1.187.7","586.53","","","","2"
"2025","Canada","2021A000011124","Beef and veal total","Exports","Tonnes","288","thousands","3","v41356435","1.187.7","594.35","","","","2"
"2021","Canada","2021A000011124","Beef and veal total","Ending stocks","Tonnes","288","thousands","3","v41356438","1.187.10","41.65","","","","2"
"2022","Canada","2021A000011124","Beef and veal total","Ending stocks","Tonnes","288","thousands","3","v41356438","1.187.10","41.85","","","","2"
"2023","Canada","2021A000011124","Beef and veal total","Ending stocks","Tonnes","288","thousands","3","v41356438","1.187.10","35.54","","","","2"
"2024","Canada","2021A000011124","Beef and veal total","Ending stocks","Tonnes","288","thousands","3","v41356438","1.187.10","37.66","","","","2"
"2025","Canada","2021A000011124","Beef and veal total","Ending stocks","Tonnes","288","thousands","3","v41356438","1.187.10","42.15","","","","2"
"2021","Canada","2021A000011124","Mutton and lamb","Total supply","Tonnes","288","thousands","3","v108872","1.60.2","40.82","","","","2"
"2022","Canada","2021A000011124","Mutton and lamb","Total supply","Tonnes","288","thousands","3","v108872","1.60.2","48.12","","","","2"
"2023","Canada","2021A000011124","Mutton and lamb","Total supply","Tonnes","288","thousands","3","v108872","1.60.2","45.95","","","","2"
"2024","Canada","2021A000011124","Mutton and lamb","Total supply","Tonnes","288","thousands","3","v108872","1.60.2","45.96","","","","2"
"2025","Canada","2021A000011124","Mutton and lamb","Total supply","Tonnes","288","thousands","3","v108872","1.60.2","50.57","","","","2"
"2021","Canada","2021A000011124","Mutton and lamb","Beginning stocks","Tonnes","288","thousands","3","v108873","1.60.3","2.45","","","","2"
"2022","Canada","2021A000011124","Mutton and lamb","Beginning stocks","Tonnes","288","thousands","3","v108873","1.60.3","3.08","","","","2"
"2023","Canada","2021A000011124","Mutton and lamb","Beginning stocks","Tonnes","288","thousands","3","v108873","1.60.3","5.21","","","","2"
"2024","Canada","2021A000011124","Mutton and lamb","Beginning stocks","Tonnes","288","thousands","3","v108873","1.60.3","3.38","","","","2"
"2025","Canada","2021A000011124","Mutton and lamb","Beginning stocks","Tonnes","288","thousands","3","v108873","1.60.3","3.34","","","","2"
"2021","Canada","2021A000011124","Mutton and lamb","Production","Tonnes","288","thousands","3","v108874","1.60.4","16.86","","","","2"
"2022","Canada","2021A000011124","Mutton and lamb","Production","Tonnes","288","thousands","3","v108874","1.60.4","17.12","","","","2"
"2023","Canada","2021A000011124","Mutton and lamb","Production","Tonnes","288","thousands","3","v108874","1.60.4","17.52","","","","2"
"2024","Canada","2021A000011124","Mutton and lamb","Production","Tonnes","288","thousands","3","v108874","1.60.4","17.17","","","","2"
"2025","Canada","2021A000011124","Mutton and lamb","Production","Tonnes","288","thousands","3","v108874","1.60.4","17.24","","","","2"
"2021","Canada","2021A000011124","Mutton and lamb","Imports","Tonnes","288","thousands","3","v108875","1.60.5","21.51","","","","2"
"2022","Canada","2021A000011124","Mutton and lamb","Imports","Tonnes","288","thousands","3","v108875","1.60.5","27.92","","","","2"
"2023","Canada","2021A000011124","Mutton and lamb","Imports","Tonnes","288","thousands","3","v108875","1.60.5","23.23","","","","2"
"2024","Canada","2021A000011124","Mutton and lamb","Imports","Tonnes","288","thousands","3","v108875","1.60.5","25.41","","","","2"
"2025","Canada","2021A000011124","Mutton and lamb","Imports","Tonnes","288","thousands","3","v108875","1.60.5","30.00","","","","2"
"2021","Canada","2021A000011124","Mutton and lamb","Total disposition","Tonnes","288","thousands","3","v54326435","1.60.11","37.74","","","","2"
"2022","Canada","2021A000011124","Mutton and lamb","Total disposition","Tonnes","288","thousands","3","v54326435","1.60.11","42.92","","","","2"
"2023","Canada","2021A000011124","Mutton and lamb","Total disposition","Tonnes","288","thousands","3","v54326435","1.60.11","42.57","","","","2"
"2024","Canada","2021A000011124","Mutton and lamb","Total disposition","Tonnes","288","thousands","3","v54326435","1.60.11","42.63","","","","2"
"2025","Canada","2021A000011124","Mutton and lamb","Total disposition","Tonnes","288","thousands","3","v54326435","1.60.11","47.50","","","","2"
"2021","Canada","2021A000011124","Mutton and lamb","Domestic disappearance","Tonnes","288","thousands","3","v108871","1.60.1","37.58","","","","2"
"2022","Canada","2021A000011124","Mutton and lamb","Domestic disappearance","Tonnes","288","thousands","3","v108871","1.60.1","42.84","","","","2"
"2023","Canada","2021A000011124","Mutton and lamb","Domestic disappearance","Tonnes","288","thousands","3","v108871","1.60.1","42.45","","","","2"
"2024","Canada","2021A000011124","Mutton and lamb","Domestic disappearance","Tonnes","288","thousands","3","v108871","1.60.1","42.53","","","","2"
"2025","Canada","2021A000011124","Mutton and lamb","Domestic disappearance","Tonnes","288","thousands","3","v108871","1.60.1","47.05","","","","2"
"2021","Canada","2021A000011124","Mutton and lamb","Exports","Tonnes","288","thousands","3","v108877","1.60.7","0.17","","","","2"
"2022","Canada","2021A000011124","Mutton and lamb","Exports","Tonnes","288","thousands","3","v108877","1.60.7","0.07","","","","2"
"2023","Canada","2021A000011124","Mutton and lamb","Exports","Tonnes","288","thousands","3","v108877","1.60.7","0.12","","","","2"
"2024","Canada","2021A000011124","Mutton and lamb","Exports","Tonnes","288","thousands","3","v108877","1.60.7","0.10","","","","2"
"2025","Canada","2021A000011124","Mutton and lamb","Exports","Tonnes","288","thousands","3","v108877","1.60.7","0.45","","","","2"
"2021","Canada","2021A000011124","Mutton and lamb","Ending stocks","Tonnes","288","thousands","3","v108880","1.60.10","3.08","","","","2"
"2022","Canada","2021A000011124","Mutton and lamb","Ending stocks","Tonnes","288","thousands","3","v108880","1.60.10","5.21","","","","2"
"2023","Canada","2021A000011124","Mutton and lamb","Ending stocks","Tonnes","288","thousands","3","v108880","1.60.10","3.38","","","","2"
"2024","Canada","2021A000011124","Mutton and lamb","Ending stocks","Tonnes","288","thousands","3","v108880","1.60.10","3.34","","","","2"
"2025","Canada","2021A000011124","Mutton and lamb","Ending stocks","Tonnes","288","thousands","3","v108880","1.60.10","3.07","","","","2"
"2021","Canada","2021A000011124","Offal","Total supply","Tonnes","288","thousands","3","v108883","1.61.2","243.38","","","","2"
"2022","Canada","2021A000011124","Offal","Total supply","Tonnes","288","thousands","3","v108883","1.61.2","252.67","","","","2"
"2023","Canada","2021A000011124","Offal","Total supply","Tonnes","288","thousands","3","v108883","1.61.2","266.60","","","","2"
"2024","Canada","2021A000011124","Offal","Total supply","Tonnes","288","thousands","3","v108883","1.61.2","273.75","","","","2"
"2025","Canada","2021A000011124","Offal","Total supply","Tonnes","288","thousands","3","v108883","1.61.2","276.04","","","","2"
"2021","Canada","2021A000011124","Offal","Beginning stocks","Tonnes","288","thousands","3","v108884","1.61.3","10.39","","","","2"
"2022","Canada","2021A000011124","Offal","Beginning stocks","Tonnes","288","thousands","3","v108884","1.61.3","15.98","","","","2"
"2023","Canada","2021A000011124","Offal","Beginning stocks","Tonnes","288","thousands","3","v108884","1.61.3","12.77","","","","2"
"2024","Canada","2021A000011124","Offal","Beginning stocks","Tonnes","288","thousands","3","v108884","1.61.3","11.38","","","","2"
"2025","Canada","2021A000011124","Offal","Beginning stocks","Tonnes","288","thousands","3","v108884","1.61.3","12.27","","","","2"
"2021","Canada","2021A000011124","Offal","Production","Tonnes","288","thousands","3","v108885","1.61.4","196.24","","","","2"
"2022","Canada","2021A000011124","Offal","Production","Tonnes","288","thousands","3","v108885","1.61.4","195.25","","","","2"
"2023","Canada","2021A000011124","Offal","Production","Tonnes","288","thousands","3","v108885","1.61.4","210.78","","","","2"
"2024","Canada","2021A000011124","Offal","Production","Tonnes","288","thousands","3","v108885","1.61.4","209.72","","","","2"
"2025","Canada","2021A000011124","Offal","Production","Tonnes","288","thousands","3","v108885","1.61.4","207.07","","","","2"
"2021","Canada","2021A000011124","Offal","Imports","Tonnes","288","thousands","3","v108886","1.61.5","36.76","","","","2"
"2022","Canada","2021A000011124","Offal","Imports","Tonnes","288","thousands","3","v108886","1.61.5","41.44","","","","2"
"2023","Canada","2021A000011124","Offal","Imports","Tonnes","288","thousands","3","v108886","1.61.5","43.05","","","","2"
"2024","Canada","2021A000011124","Offal","Imports","Tonnes","288","thousands","3","v108886","1.61.5","52.65","","","","2"
"2025","Canada","2021A000011124","Offal","Imports","Tonnes","288","thousands","3","v108886","1.61.5","56.70","","","","2"
"2021","Canada","2021A000011124","Offal","Total disposition","Tonnes","288","thousands","3","v54528458","1.61.11","227.40","","","","2"
"2022","Canada","2021A000011124","Offal","Total disposition","Tonnes","288","thousands","3","v54528458","1.61.11","239.90","","","","2"
"2023","Canada","2021A000011124","Offal","Total disposition","Tonnes","288","thousands","3","v54528458","1.61.11","255.22","","p","","2"
"2024","Canada","2021A000011124","Offal","Total disposition","Tonnes","288","thousands","3","v54528458","1.61.11","261.47","","p","","2"
"2025","Canada","2021A000011124","Offal","Total disposition","Tonnes","288","thousands","3","v54528458","1.61.11","261.49","","p","","2"
"2021","Canada","2021A000011124","Offal","Domestic disappearance","Tonnes","288","thousands","3","v108882","1.61.1","34.60","","","","2"
"2022","Canada","2021A000011124","Offal","Domestic disappearance","Tonnes","288","thousands","3","v108882","1.61.1","31.96","","","","2"
"2023","Canada","2021A000011124","Offal","Domestic disappearance","Tonnes","288","thousands","3","v108882","1.61.1","37.03","","p","","2"
"2024","Canada","2021A000011124","Offal","Domestic disappearance","Tonnes","288","thousands","3","v108882","1.61.1","37.49","","p","","2"
"2025","Canada","2021A000011124","Offal","Domestic disappearance","Tonnes","288","thousands","3","v108882","1.61.1","51.47","","p","","2"
"2021","Canada","2021A000011124","Offal","Exports","Tonnes","288","thousands","3","v108888","1.61.7","192.80","","","","2"
"2022","Canada","2021A000011124","Offal","Exports","Tonnes","288","thousands","3","v108888","1.61.7","207.94","","","","2"
"2023","Canada","2021A000011124","Offal","Exports","Tonnes","288","thousands","3","v108888","1.61.7","218.19","","p","","2"
"2024","Canada","2021A000011124","Offal","Exports","Tonnes","288","thousands","3","v108888","1.61.7","223.99","","p","","2"
"2025","Canada","2021A000011124","Offal","Exports","Tonnes","288","thousands","3","v108888","1.61.7","210.03","","p","","2"
"2021","Canada","2021A000011124","Offal","Ending stocks","Tonnes","288","thousands","3","v108891","1.61.10","15.98","","","","2"
"2022","Canada","2021A000011124","Offal","Ending stocks","Tonnes","288","thousands","3","v108891","1.61.10","12.77","","","","2"
"2023","Canada","2021A000011124","Offal","Ending stocks","Tonnes","288","thousands","3","v108891","1.61.10","11.38","","","","2"
"2024","Canada","2021A000011124","Offal","Ending stocks","Tonnes","288","thousands","3","v108891","1.61.10","12.27","","","","2"
"2025","Canada","2021A000011124","Offal","Ending stocks","Tonnes","288","thousands","3","v108891","1.61.10","14.54","","","","2"
"2021","Canada","2021A000011124","Butter","Total supply","Tonnes","288","thousands","3","v108697","1.52.2","162.96","","","","2"
"2022","Canada","2021A000011124","Butter","Total supply","Tonnes","288","thousands","3","v108697","1.52.2","161.33","","","","2"
"2023","Canada","2021A000011124","Butter","Total supply","Tonnes","288","thousands","3","v108697","1.52.2","168.51","","","","2"
"2024","Canada","2021A000011124","Butter","Total supply","Tonnes","288","thousands","3","v108697","1.52.2","165.90","","","","2"
"2025","Canada","2021A000011124","Butter","Total supply","Tonnes","288","thousands","3","v108697","1.52.2","178.75","","","","2"
"2021","Canada","2021A000011124","Butter","Beginning stocks","Tonnes","288","thousands","3","v108698","1.52.3","22.54","","","","2"
"2022","Canada","2021A000011124","Butter","Beginning stocks","Tonnes","288","thousands","3","v108698","1.52.3","20.95","","","","2"
"2023","Canada","2021A000011124","Butter","Beginning stocks","Tonnes","288","thousands","3","v108698","1.52.3","22.37","","","","2"
"2024","Canada","2021A000011124","Butter","Beginning stocks","Tonnes","288","thousands","3","v108698","1.52.3","21.30","","","","2"
"2025","Canada","2021A000011124","Butter","Beginning stocks","Tonnes","288","thousands","3","v108698","1.52.3","23.75","","","","2"
"2021","Canada","2021A000011124","Butter","Production","Tonnes","288","thousands","3","v108699","1.52.4","117.41","","","","2"
"2022","Canada","2021A000011124","Butter","Production","Tonnes","288","thousands","3","v108699","1.52.4","113.33","","","","2"
"2023","Canada","2021A000011124","Butter","Production","Tonnes","288","thousands","3","v108699","1.52.4","114.90","","","","2"
"2024","Canada","2021A000011124","Butter","Production","Tonnes","288","thousands","3","v108699","1.52.4","112.80","","","","2"
"2025","Canada","2021A000011124","Butter","Production","Tonnes","288","thousands","3","v108699","1.52.4","115.64","","","","2"
"2021","Canada","2021A000011124","Butter","Imports","Tonnes","288","thousands","3","v108700","1.52.5","23.01","","","","2"
"2022","Canada","2021A000011124","Butter","Imports","Tonnes","288","thousands","3","v108700","1.52.5","27.06","","","","2"
"2023","Canada","2021A000011124","Butter","Imports","Tonnes","288","thousands","3","v108700","1.52.5","31.23","","","","2"
"2024","Canada","2021A000011124","Butter","Imports","Tonnes","288","thousands","3","v108700","1.52.5","31.80","","","","2"
"2025","Canada","2021A000011124","Butter","Imports","Tonnes","288","thousands","3","v108700","1.52.5","39.36","","","","2"
"2021","Canada","2021A000011124","Butter","Total disposition","Tonnes","288","thousands","3","v54326464","1.52.11","142.01","","","","2"
"2022","Canada","2021A000011124","Butter","Total disposition","Tonnes","288","thousands","3","v54326464","1.52.11","138.96","","","","2"
"2023","Canada","2021A000011124","Butter","Total disposition","Tonnes","288","thousands","3","v54326464","1.52.11","147.21","","","","2"
"2024","Canada","2021A000011124","Butter","Total disposition","Tonnes","288","thousands","3","v54326464","1.52.11","142.15","","","","2"
"2025","Canada","2021A000011124","Butter","Total disposition","Tonnes","288","thousands","3","v54326464","1.52.11","155.09","","","","2"
"2021","Canada","2021A000011124","Butter","Domestic disappearance","Tonnes","288","thousands","3","v108696","1.52.1","141.94","","","","2"
"2022","Canada","2021A000011124","Butter","Domestic disappearance","Tonnes","288","thousands","3","v108696","1.52.1","138.95","","","","2"
"2023","Canada","2021A000011124","Butter","Domestic disappearance","Tonnes","288","thousands","3","v108696","1.52.1","146.98","","","","2"
"2024","Canada","2021A000011124","Butter","Domestic disappearance","Tonnes","288","thousands","3","v108696","1.52.1","141.73","","","","2"
"2025","Canada","2021A000011124","Butter","Domestic disappearance","Tonnes","288","thousands","3","v108696","1.52.1","153.45","","","","2"
"2021","Canada","2021A000011124","Butter","Exports","Tonnes","288","thousands","3","v108702","1.52.7","0.07","","","","2"
"2022","Canada","2021A000011124","Butter","Exports","Tonnes","288","thousands","3","v108702","1.52.7","0.01","","","","2"
"2023","Canada","2021A000011124","Butter","Exports","Tonnes","288","thousands","3","v108702","1.52.7","0.23","","","","2"
"2024","Canada","2021A000011124","Butter","Exports","Tonnes","288","thousands","3","v108702","1.52.7","0.42","","","","2"
"2025","Canada","2021A000011124","Butter","Exports","Tonnes","288","thousands","3","v108702","1.52.7","1.64","","","","2"
"2021","Canada","2021A000011124","Butter","Ending stocks","Tonnes","288","thousands","3","v108705","1.52.10","20.95","","","","2"
"2022","Canada","2021A000011124","Butter","Ending stocks","Tonnes","288","thousands","3","v108705","1.52.10","22.37","","","","2"
"2023","Canada","2021A000011124","Butter","Ending stocks","Tonnes","288","thousands","3","v108705","1.52.10","21.30","","","","2"
"2024","Canada","2021A000011124","Butter","Ending stocks","Tonnes","288","thousands","3","v108705","1.52.10","23.75","","","","2"
"2025","Canada","2021A000011124","Butter","Ending stocks","Tonnes","288","thousands","3","v108705","1.52.10","23.66","","","","2"
"2021","Canada","2021A000011124","Margarine","Imports","Tonnes","288","thousands","3","v108909","1.62.5","1.88","","","","2"
"2022","Canada","2021A000011124","Margarine","Imports","Tonnes","288","thousands","3","v108909","1.62.5","1.73","","","","2"
"2023","Canada","2021A000011124","Margarine","Imports","Tonnes","288","thousands","3","v108909","1.62.5","1.80","","","","2"
"2024","Canada","2021A000011124","Margarine","Imports","Tonnes","288","thousands","3","v108909","1.62.5","","..","","","2"
"2025","Canada","2021A000011124","Margarine","Imports","Tonnes","288","thousands","3","v108909","1.62.5","2.63","","","","2"
"2021","Canada","2021A000011124","Margarine","Exports","Tonnes","288","thousands","3","v108911","1.62.7","4.21","","","","2"
"2022","Canada","2021A000011124","Margarine","Exports","Tonnes","288","thousands","3","v108911","1.62.7","6.17","","","","2"
"2023","Canada","2021A000011124","Margarine","Exports","Tonnes","288","thousands","3","v108911","1.62.7","4.21","","","","2"
"2024","Canada","2021A000011124","Margarine","Exports","Tonnes","288","thousands","3","v108911","1.62.7","","..","","","2"
"2025","Canada","2021A000011124","Margarine","Exports","Tonnes","288","thousands","3","v108911","1.62.7","4.55","","","","2"
"2021","Canada","2021A000011124","Salad oils","Imports","Tonnes","288","thousands","3","v108921","1.63.5","136.73","","","","2"
"2022","Canada","2021A000011124","Salad oils","Imports","Tonnes","288","thousands","3","v108921","1.63.5","155.16","","","","2"
"2023","Canada","2021A000011124","Salad oils","Imports","Tonnes","288","thousands","3","v108921","1.63.5","140.60","","","","2"
"2024","Canada","2021A000011124","Salad oils","Imports","Tonnes","288","thousands","3","v108921","1.63.5","","..","","","2"
"2025","Canada","2021A000011124","Salad oils","Imports","Tonnes","288","thousands","3","v108921","1.63.5","150.45","","","","2"
"2021","Canada","2021A000011124","Salad oils","Total disposition","Tonnes","288","thousands","3","v54326465","1.63.11","","..","","","2"
"2022","Canada","2021A000011124","Salad oils","Total disposition","Tonnes","288","thousands","3","v54326465","1.63.11","","..","","","2"
"2023","Canada","2021A000011124","Salad oils","Total disposition","Tonnes","288","thousands","3","v54326465","1.63.11","","..","","","2"
"2024","Canada","2021A000011124","Salad oils","Total disposition","Tonnes","288","thousands","3","v54326465","1.63.11","","..","","","2"
"2025","Canada","2021A000011124","Salad oils","Total disposition","Tonnes","288","thousands","3","v54326465","1.63.11","","..","","","2"
"2021","Canada","2021A000011124","Salad oils","Exports","Tonnes","288","thousands","3","v108923","1.63.7","1903.74","","","","2"
"2022","Canada","2021A000011124","Salad oils","Exports","Tonnes","288","thousands","3","v108923","1.63.7","1789.96","","","","2"
"2023","Canada","2021A000011124","Salad oils","Exports","Tonnes","288","thousands","3","v108923","1.63.7","2216.65","","","","2"
"2024","Canada","2021A000011124","Salad oils","Exports","Tonnes","288","thousands","3","v108923","1.63.7","","..","","","2"
"2025","Canada","2021A000011124","Salad oils","Exports","Tonnes","288","thousands","3","v108923","1.63.7","1951.54","","","","2"
"2021","Canada","2021A000011124","Shortening and shortening oils","Imports","Tonnes","288","thousands","3","v108933","1.64.5","19.75","","","","2"
"2022","Canada","2021A000011124","Shortening and shortening oils","Imports","Tonnes","288","thousands","3","v108933","1.64.5","21.51","","","","2"
"2023","Canada","2021A000011124","Shortening and shortening oils","Imports","Tonnes","288","thousands","3","v108933","1.64.5","13.39","","","","2"
"2024","Canada","2021A000011124","Shortening and shortening oils","Imports","Tonnes","288","thousands","3","v108933","1.64.5","","..","","","2"
"2025","Canada","2021A000011124","Shortening and shortening oils","Imports","Tonnes","288","thousands","3","v108933","1.64.5","18.68","","","","2"
"2021","Canada","2021A000011124","Shortening and shortening oils","Total disposition","Tonnes","288","thousands","3","v54326466","1.64.11","","..","","","2"
"2022","Canada","2021A000011124","Shortening and shortening oils","Total disposition","Tonnes","288","thousands","3","v54326466","1.64.11","","..","","","2"
"2023","Canada","2021A000011124","Shortening and shortening oils","Total disposition","Tonnes","288","thousands","3","v54326466","1.64.11","","..","","","2"
"2024","Canada","2021A000011124","Shortening and shortening oils","Total disposition","Tonnes","288","thousands","3","v54326466","1.64.11","","..","","","2"
"2025","Canada","2021A000011124","Shortening and shortening oils","Total disposition","Tonnes","288","thousands","3","v54326466","1.64.11","","..","","","2"
"2021","Canada","2021A000011124","Shortening and shortening oils","Exports","Tonnes","288","thousands","3","v108935","1.64.7","81.06","","","","2"
"2022","Canada","2021A000011124","Shortening and shortening oils","Exports","Tonnes","288","thousands","3","v108935","1.64.7","78.41","","","","2"
"2023","Canada","2021A000011124","Shortening and shortening oils","Exports","Tonnes","288","thousands","3","v108935","1.64.7","74.56","","","","2"
"2024","Canada","2021A000011124","Shortening and shortening oils","Exports","Tonnes","288","thousands","3","v108935","1.64.7","","..","","","2"
"2025","Canada","2021A000011124","Shortening and shortening oils","Exports","Tonnes","288","thousands","3","v108935","1.64.7","67.51","","","","2"
"2021","Canada","2021A000011124","Apples fresh","Total supply","Tonnes","288","thousands","3","v108942","1.65.2","709.74","","","","2"
"2022","Canada","2021A000011124","Apples fresh","Total supply","Tonnes","288","thousands","3","v108942","1.65.2","738.64","","","","2"
"2023","Canada","2021A000011124","Apples fresh","Total supply","Tonnes","288","thousands","3","v108942","1.65.2","718.43","","","","2"
"2024","Canada","2021A000011124","Apples fresh","Total supply","Tonnes","288","thousands","3","v108942","1.65.2","731.78","","","","2"
"2025","Canada","2021A000011124","Apples fresh","Total supply","Tonnes","288","thousands","3","v108942","1.65.2","704.87","","","","2"
"2021","Canada","2021A000011124","Apples fresh","Beginning stocks","Tonnes","288","thousands","3","v108943","1.65.3","166.34","","","","2"
"2022","Canada","2021A000011124","Apples fresh","Beginning stocks","Tonnes","288","thousands","3","v108943","1.65.3","157.53","","","","2"
"2023","Canada","2021A000011124","Apples fresh","Beginning stocks","Tonnes","288","thousands","3","v108943","1.65.3","193.95","","","","2"
"2024","Canada","2021A000011124","Apples fresh","Beginning stocks","Tonnes","288","thousands","3","v108943","1.65.3","185.94","","","","2"
"2025","Canada","2021A000011124","Apples fresh","Beginning stocks","Tonnes","288","thousands","3","v108943","1.65.3","184.06","","","","2"
"2021","Canada","2021A000011124","Apples fresh","Production","Tonnes","288","thousands","3","v108944","1.65.4","347.13","","","","2"
"2022","Canada","2021A000011124","Apples fresh","Production","Tonnes","288","thousands","3","v108944","1.65.4","377.81","","","","2"
"2023","Canada","2021A000011124","Apples fresh","Production","Tonnes","288","thousands","3","v108944","1.65.4","355.64","","","","2"
"2024","Canada","2021A000011124","Apples fresh","Production","Tonnes","288","thousands","3","v108944","1.65.4","381.97","","","","2"
"2025","Canada","2021A000011124","Apples fresh","Production","Tonnes","288","thousands","3","v108944","1.65.4","340.62","","","","2"
"2021","Canada","2021A000011124","Apples fresh","Imports","Tonnes","288","thousands","3","v108945","1.65.5","196.28","","","","2"
"2022","Canada","2021A000011124","Apples fresh","Imports","Tonnes","288","thousands","3","v108945","1.65.5","203.29","","","","2"
"2023","Canada","2021A000011124","Apples fresh","Imports","Tonnes","288","thousands","3","v108945","1.65.5","168.84","","","","2"
"2024","Canada","2021A000011124","Apples fresh","Imports","Tonnes","288","thousands","3","v108945","1.65.5","163.88","","","","2"
"2025","Canada","2021A000011124","Apples fresh","Imports","Tonnes","288","thousands","3","v108945","1.65.5","180.19","","","","2"
"2021","Canada","2021A000011124","Apples fresh","Total disposition","Tonnes","288","thousands","3","v54326471","1.65.11","552.21","","","","2"
"2022","Canada","2021A000011124","Apples fresh","Total disposition","Tonnes","288","thousands","3","v54326471","1.65.11","544.69","","","","2"
"2023","Canada","2021A000011124","Apples fresh","Total disposition","Tonnes","288","thousands","3","v54326471","1.65.11","532.49","","","","2"
"2024","Canada","2021A000011124","Apples fresh","Total disposition","Tonnes","288","thousands","3","v54326471","1.65.11","547.73","","","","2"
"2025","Canada","2021A000011124","Apples fresh","Total disposition","Tonnes","288","thousands","3","v54326471","1.65.11","547.70","","","","2"
"2021","Canada","2021A000011124","Apples fresh","Domestic disappearance","Tonnes","288","thousands","3","v108941","1.65.1","331.61","","","","2"
"2022","Canada","2021A000011124","Apples fresh","Domestic disappearance","Tonnes","288","thousands","3","v108941","1.65.1","301.35","","","","2"
"2023","Canada","2021A000011124","Apples fresh","Domestic disappearance","Tonnes","288","thousands","3","v108941","1.65.1","329.57","","","","2"
"2024","Canada","2021A000011124","Apples fresh","Domestic disappearance","Tonnes","288","thousands","3","v108941","1.65.1","348.53","","","","2"
"2025","Canada","2021A000011124","Apples fresh","Domestic disappearance","Tonnes","288","thousands","3","v108941","1.65.1","344.30","","","","2"
"2021","Canada","2021A000011124","Apples fresh","Exports","Tonnes","288","thousands","3","v108947","1.65.7","47.45","","","","2"
"2022","Canada","2021A000011124","Apples fresh","Exports","Tonnes","288","thousands","3","v108947","1.65.7","68.31","","","","2"
"2023","Canada","2021A000011124","Apples fresh","Exports","Tonnes","288","thousands","3","v108947","1.65.7","57.69","","","","2"
"2024","Canada","2021A000011124","Apples fresh","Exports","Tonnes","288","thousands","3","v108947","1.65.7","48.81","","","","2"
"2025","Canada","2021A000011124","Apples fresh","Exports","Tonnes","288","thousands","3","v108947","1.65.7","46.67","","","","2"
"2021","Canada","2021A000011124","Apples fresh","Manufacturing","Tonnes","288","thousands","3","v108948","1.65.8","159.33","","","","2"
"2022","Canada","2021A000011124","Apples fresh","Manufacturing","Tonnes","288","thousands","3","v108948","1.65.8","162.47","","","","2"
"2023","Canada","2021A000011124","Apples fresh","Manufacturing","Tonnes","288","thousands","3","v108948","1.65.8","131.51","","","","2"
"2024","Canada","2021A000011124","Apples fresh","Manufacturing","Tonnes","288","thousands","3","v108948","1.65.8","135.86","","","","2"
"2025","Canada","2021A000011124","Apples fresh","Manufacturing","Tonnes","288","thousands","3","v108948","1.65.8","142.38","","","","2"
"2021","Canada","2021A000011124","Apples fresh","Waste","Tonnes","288","thousands","3","v108949","1.65.9","13.82","","","","2"
"2022","Canada","2021A000011124","Apples fresh","Waste","Tonnes","288","thousands","3","v108949","1.65.9","12.56","","","","2"
"2023","Canada","2021A000011124","Apples fresh","Waste","Tonnes","288","thousands","3","v108949","1.65.9","13.73","","","","2"
"2024","Canada","2021A000011124","Apples fresh","Waste","Tonnes","288","thousands","3","v108949","1.65.9","14.52","","","","2"
"2025","Canada","2021A000011124","Apples fresh","Waste","Tonnes","288","thousands","3","v108949","1.65.9","14.35","","","","2"
"2021","Canada","2021A000011124","Apples fresh","Ending stocks","Tonnes","288","thousands","3","v108950","1.65.10","157.53","","","","2"
"2022","Canada","2021A000011124","Apples fresh","Ending stocks","Tonnes","288","thousands","3","v108950","1.65.10","193.95","","","","2"
"2023","Canada","2021A000011124","Apples fresh","Ending stocks","Tonnes","288","thousands","3","v108950","1.65.10","185.94","","","","2"
"2024","Canada","2021A000011124","Apples fresh","Ending stocks","Tonnes","288","thousands","3","v108950","1.65.10","184.06","","","","2"
"2025","Canada","2021A000011124","Apples fresh","Ending stocks","Tonnes","288","thousands","3","v108950","1.65.10","157.17","","","","2"
"2021","Canada","2021A000011124","Apples canned","Total supply","Tonnes","288","thousands","3","v109074","1.66.2","","..","","","2"
"2022","Canada","2021A000011124","Apples canned","Total supply","Tonnes","288","thousands","3","v109074","1.66.2","","..","","","2"
"2023","Canada","2021A000011124","Apples canned","Total supply","Tonnes","288","thousands","3","v109074","1.66.2","","..","","","2"
"2024","Canada","2021A000011124","Apples canned","Total supply","Tonnes","288","thousands","3","v109074","1.66.2","","..","","","2"
"2025","Canada","2021A000011124","Apples canned","Total supply","Tonnes","288","thousands","3","v109074","1.66.2","","..","","","2"
"2021","Canada","2021A000011124","Apples canned","Imports","Tonnes","288","thousands","3","v109077","1.66.5","2.96","","","","2"
"2022","Canada","2021A000011124","Apples canned","Imports","Tonnes","288","thousands","3","v109077","1.66.5","3.05","","","","2"
"2023","Canada","2021A000011124","Apples canned","Imports","Tonnes","288","thousands","3","v109077","1.66.5","1.93","","","","2"
"2024","Canada","2021A000011124","Apples canned","Imports","Tonnes","288","thousands","3","v109077","1.66.5","","..","","","2"
"2025","Canada","2021A000011124","Apples canned","Imports","Tonnes","288","thousands","3","v109077","1.66.5","1.92","","","","2"
"2021","Canada","2021A000011124","Apples canned","Domestic disappearance","Tonnes","288","thousands","3","v109073","1.66.1","2.96","","","","2"
"2022","Canada","2021A000011124","Apples canned","Domestic disappearance","Tonnes","288","thousands","3","v109073","1.66.1","3.05","","","","2"
"2023","Canada","2021A000011124","Apples canned","Domestic disappearance","Tonnes","288","thousands","3","v109073","1.66.1","1.93","","","","2"
"2024","Canada","2021A000011124","Apples canned","Domestic disappearance","Tonnes","288","thousands","3","v109073","1.66.1","","..","","","2"
"2025","Canada","2021A000011124","Apples canned","Domestic disappearance","Tonnes","288","thousands","3","v109073","1.66.1","1.92","","","","2"
"2021","Canada","2021A000011124","Apples dried","Total supply","Tonnes","288","thousands","3","v109207","1.67.2","","..","","","2"
"2022","Canada","2021A000011124","Apples dried","Total supply","Tonnes","288","thousands","3","v109207","1.67.2","","..","","","2"
"2023","Canada","2021A000011124","Apples dried","Total supply","Tonnes","288","thousands","3","v109207","1.67.2","","..","","","2"
"2024","Canada","2021A000011124","Apples dried","Total supply","Tonnes","288","thousands","3","v109207","1.67.2","","..","","","2"
"2025","Canada","2021A000011124","Apples dried","Total supply","Tonnes","288","thousands","3","v109207","1.67.2","","..","","","2"
"2021","Canada","2021A000011124","Apples dried","Imports","Tonnes","288","thousands","3","v109210","1.67.5","1.79","","","","2"
"2022","Canada","2021A000011124","Apples dried","Imports","Tonnes","288","thousands","3","v109210","1.67.5","1.92","","","","2"
"2023","Canada","2021A000011124","Apples dried","Imports","Tonnes","288","thousands","3","v109210","1.67.5","1.33","","","","2"
"2024","Canada","2021A000011124","Apples dried","Imports","Tonnes","288","thousands","3","v109210","1.67.5","","..","","","2"
"2025","Canada","2021A000011124","Apples dried","Imports","Tonnes","288","thousands","3","v109210","1.67.5","1.68","","","","2"
"2021","Canada","2021A000011124","Apples dried","Total disposition","Tonnes","288","thousands","3","v54326492","1.67.11","1.79","","","","2"
"2022","Canada","2021A000011124","Apples dried","Total disposition","Tonnes","288","thousands","3","v54326492","1.67.11","1.92","","","","2"
"2023","Canada","2021A000011124","Apples dried","Total disposition","Tonnes","288","thousands","3","v54326492","1.67.11","1.33","","","","2"
"2024","Canada","2021A000011124","Apples dried","Total disposition","Tonnes","288","thousands","3","v54326492","1.67.11","","..","","","2"
"2025","Canada","2021A000011124","Apples dried","Total disposition","Tonnes","288","thousands","3","v54326492","1.67.11","1.68","","","","2"
"2021","Canada","2021A000011124","Apples dried","Domestic disappearance","Tonnes","288","thousands","3","v109206","1.67.1","1.68","","","","2"
"2022","Canada","2021A000011124","Apples dried","Domestic disappearance","Tonnes","288","thousands","3","v109206","1.67.1","1.88","","","","2"
"2023","Canada","2021A000011124","Apples dried","Domestic disappearance","Tonnes","288","thousands","3","v109206","1.67.1","1.29","","","","2"
"2024","Canada","2021A000011124","Apples dried","Domestic disappearance","Tonnes","288","thousands","3","v109206","1.67.1","","..","","","2"
"2025","Canada","2021A000011124","Apples dried","Domestic disappearance","Tonnes","288","thousands","3","v109206","1.67.1","1.50","","","","2"
"2021","Canada","2021A000011124","Apples dried","Exports","Tonnes","288","thousands","3","v109212","1.67.7","0.11","","","","2"
"2022","Canada","2021A000011124","Apples dried","Exports","Tonnes","288","thousands","3","v109212","1.67.7","0.03","","","","2"
"2023","Canada","2021A000011124","Apples dried","Exports","Tonnes","288","thousands","3","v109212","1.67.7","0.04","","","","2"
"2024","Canada","2021A000011124","Apples dried","Exports","Tonnes","288","thousands","3","v109212","1.67.7","","..","","","2"
"2025","Canada","2021A000011124","Apples dried","Exports","Tonnes","288","thousands","3","v109212","1.67.7","0.17","","","","2"
"2021","Canada","2021A000011124","Apples frozen","Total disposition","Tonnes","288","thousands","3","v54326503","1.68.11","","..","","t","2"
"2022","Canada","2021A000011124","Apples frozen","Total disposition","Tonnes","288","thousands","3","v54326503","1.68.11","","..","","t","2"
"2023","Canada","2021A000011124","Apples frozen","Total disposition","Tonnes","288","thousands","3","v54326503","1.68.11","","..","","t","2"
"2024","Canada","2021A000011124","Apples frozen","Total disposition","Tonnes","288","thousands","3","v54326503","1.68.11","","..","","t","2"
"2025","Canada","2021A000011124","Apples frozen","Total disposition","Tonnes","288","thousands","3","v54326503","1.68.11","","..","","t","2"
"2021","Canada","2021A000011124","Apple juice","Total supply","Tonnes","288","thousands","3","v109472","1.69.2","","..","","","2"
"2022","Canada","2021A000011124","Apple juice","Total supply","Tonnes","288","thousands","3","v109472","1.69.2","","..","","","2"
"2023","Canada","2021A000011124","Apple juice","Total supply","Tonnes","288","thousands","3","v109472","1.69.2","","..","","","2"
"2024","Canada","2021A000011124","Apple juice","Total supply","Tonnes","288","thousands","3","v109472","1.69.2","","..","","","2"
"2025","Canada","2021A000011124","Apple juice","Total supply","Tonnes","288","thousands","3","v109472","1.69.2","","..","","","2"
"2021","Canada","2021A000011124","Apple juice","Imports","Tonnes","288","thousands","3","v109475","1.69.5","177.17","","","","2"
"2022","Canada","2021A000011124","Apple juice","Imports","Tonnes","288","thousands","3","v109475","1.69.5","207.41","","","","2"
"2023","Canada","2021A000011124","Apple juice","Imports","Tonnes","288","thousands","3","v109475","1.69.5","160.99","","","","2"
"2024","Canada","2021A000011124","Apple juice","Imports","Tonnes","288","thousands","3","v109475","1.69.5","","..","","","2"
"2025","Canada","2021A000011124","Apple juice","Imports","Tonnes","288","thousands","3","v109475","1.69.5","374.11","","","","2"
"2021","Canada","2021A000011124","Apple juice","Total disposition","Tonnes","288","thousands","3","v54326513","1.69.11","","..","","","2"
"2022","Canada","2021A000011124","Apple juice","Total disposition","Tonnes","288","thousands","3","v54326513","1.69.11","","..","","","2"
"2023","Canada","2021A000011124","Apple juice","Total disposition","Tonnes","288","thousands","3","v54326513","1.69.11","","..","","","2"
"2024","Canada","2021A000011124","Apple juice","Total disposition","Tonnes","288","thousands","3","v54326513","1.69.11","","..","","","2"
"2025","Canada","2021A000011124","Apple juice","Total disposition","Tonnes","288","thousands","3","v54326513","1.69.11","","..","","","2"
"2021","Canada","2021A000011124","Apple juice","Exports","Tonnes","288","thousands","3","v109477","1.69.7","48.82","","","","2"
"2022","Canada","2021A000011124","Apple juice","Exports","Tonnes","288","thousands","3","v109477","1.69.7","54.86","","","","2"
"2023","Canada","2021A000011124","Apple juice","Exports","Tonnes","288","thousands","3","v109477","1.69.7","43.02","","","","2"
"2024","Canada","2021A000011124","Apple juice","Exports","Tonnes","288","thousands","3","v109477","1.69.7","","..","","","2"
"2025","Canada","2021A000011124","Apple juice","Exports","Tonnes","288","thousands","3","v109477","1.69.7","53.12","","","","2"
"2021","Canada","2021A000011124","Apple pie filling","Total disposition","Tonnes","288","thousands","3","v54326514","1.70.11","","..","","t","2"
"2022","Canada","2021A000011124","Apple pie filling","Total disposition","Tonnes","288","thousands","3","v54326514","1.70.11","","..","","t","2"
"2023","Canada","2021A000011124","Apple pie filling","Total disposition","Tonnes","288","thousands","3","v54326514","1.70.11","","..","","t","2"
"2024","Canada","2021A000011124","Apple pie filling","Total disposition","Tonnes","288","thousands","3","v54326514","1.70.11","","..","","t","2"
"2025","Canada","2021A000011124","Apple pie filling","Total disposition","Tonnes","288","thousands","3","v54326514","1.70.11","","..","","t","2"
"2021","Canada","2021A000011124","Apple sauce","Total supply","Tonnes","288","thousands","3","v109497","1.71.2","","..","","","2"
"2022","Canada","2021A000011124","Apple sauce","Total supply","Tonnes","288","thousands","3","v109497","1.71.2","","..","","","2"
"2023","Canada","2021A000011124","Apple sauce","Total supply","Tonnes","288","thousands","3","v109497","1.71.2","","..","","","2"
"2024","Canada","2021A000011124","Apple sauce","Total supply","Tonnes","288","thousands","3","v109497","1.71.2","","..","","","2"
"2025","Canada","2021A000011124","Apple sauce","Total supply","Tonnes","288","thousands","3","v109497","1.71.2","","..","","","2"
"2021","Canada","2021A000011124","Apple sauce","Imports","Tonnes","288","thousands","3","v109500","1.71.5","11.23","","","","2"
"2022","Canada","2021A000011124","Apple sauce","Imports","Tonnes","288","thousands","3","v109500","1.71.5","7.49","","","","2"
"2023","Canada","2021A000011124","Apple sauce","Imports","Tonnes","288","thousands","3","v109500","1.71.5","6.24","","","","2"
"2024","Canada","2021A000011124","Apple sauce","Imports","Tonnes","288","thousands","3","v109500","1.71.5","","..","","","2"
"2025","Canada","2021A000011124","Apple sauce","Imports","Tonnes","288","thousands","3","v109500","1.71.5","11.24","","","","2"
"2021","Canada","2021A000011124","Apple sauce","Total disposition","Tonnes","288","thousands","3","v54326515","1.71.11","","..","","","2"
"2022","Canada","2021A000011124","Apple sauce","Total disposition","Tonnes","288","thousands","3","v54326515","1.71.11","","..","","","2"
"2023","Canada","2021A000011124","Apple sauce","Total disposition","Tonnes","288","thousands","3","v54326515","1.71.11","","..","","","2"
"2024","Canada","2021A000011124","Apple sauce","Total disposition","Tonnes","288","thousands","3","v54326515","1.71.11","","..","","","2"
"2025","Canada","2021A000011124","Apple sauce","Total disposition","Tonnes","288","thousands","3","v54326515","1.71.11","","..","","","2"
"2021","Canada","2021A000011124","Apricots fresh","Total supply","Tonnes","288","thousands","3","v109509","1.72.2","4.03","","","","2"
"2022","Canada","2021A000011124","Apricots fresh","Total supply","Tonnes","288","thousands","3","v109509","1.72.2","3.15","","","","2"
"2023","Canada","2021A000011124","Apricots fresh","Total supply","Tonnes","288","thousands","3","v109509","1.72.2","3.34","","","","2"
"2024","Canada","2021A000011124","Apricots fresh","Total supply","Tonnes","288","thousands","3","v109509","1.72.2","2.60","","","","2"
"2025","Canada","2021A000011124","Apricots fresh","Total supply","Tonnes","288","thousands","3","v109509","1.72.2","3.47","","","","2"
"2021","Canada","2021A000011124","Apricots fresh","Production","Tonnes","288","thousands","3","v109511","1.72.4","","x","","","2"
"2022","Canada","2021A000011124","Apricots fresh","Production","Tonnes","288","thousands","3","v109511","1.72.4","0.72","","","","2"
"2023","Canada","2021A000011124","Apricots fresh","Production","Tonnes","288","thousands","3","v109511","1.72.4","0.79","","","","2"
"2024","Canada","2021A000011124","Apricots fresh","Production","Tonnes","288","thousands","3","v109511","1.72.4","0.30","","","","2"
"2025","Canada","2021A000011124","Apricots fresh","Production","Tonnes","288","thousands","3","v109511","1.72.4","0.98","","","","2"
"2021","Canada","2021A000011124","Apricots fresh","Imports","Tonnes","288","thousands","3","v109512","1.72.5","","x","","","2"
"2022","Canada","2021A000011124","Apricots fresh","Imports","Tonnes","288","thousands","3","v109512","1.72.5","2.43","","","","2"
"2023","Canada","2021A000011124","Apricots fresh","Imports","Tonnes","288","thousands","3","v109512","1.72.5","2.55","","","","2"
"2024","Canada","2021A000011124","Apricots fresh","Imports","Tonnes","288","thousands","3","v109512","1.72.5","2.30","","","","2"
"2025","Canada","2021A000011124","Apricots fresh","Imports","Tonnes","288","thousands","3","v109512","1.72.5","2.49","","","","2"
"2021","Canada","2021A000011124","Apricots fresh","Total disposition","Tonnes","288","thousands","3","v54326516","1.72.11","4.03","","","","2"
"2022","Canada","2021A000011124","Apricots fresh","Total disposition","Tonnes","288","thousands","3","v54326516","1.72.11","3.15","","","","2"
"2023","Canada","2021A000011124","Apricots fresh","Total disposition","Tonnes","288","thousands","3","v54326516","1.72.11","3.34","","","","2"
"2024","Canada","2021A000011124","Apricots fresh","Total disposition","Tonnes","288","thousands","3","v54326516","1.72.11","2.60","","","","2"
"2025","Canada","2021A000011124","Apricots fresh","Total disposition","Tonnes","288","thousands","3","v54326516","1.72.11","3.47","","","","2"
"2021","Canada","2021A000011124","Apricots fresh","Domestic disappearance","Tonnes","288","thousands","3","v109508","1.72.1","3.53","","","","2"
"2022","Canada","2021A000011124","Apricots fresh","Domestic disappearance","Tonnes","288","thousands","3","v109508","1.72.1","2.63","","","","2"
"2023","Canada","2021A000011124","Apricots fresh","Domestic disappearance","Tonnes","288","thousands","3","v109508","1.72.1","2.71","","","","2"
"2024","Canada","2021A000011124","Apricots fresh","Domestic disappearance","Tonnes","288","thousands","3","v109508","1.72.1","2.10","","","","2"
"2025","Canada","2021A000011124","Apricots fresh","Domestic disappearance","Tonnes","288","thousands","3","v109508","1.72.1","2.82","","","","2"
"2021","Canada","2021A000011124","Apricots fresh","Exports","Tonnes","288","thousands","3","v109514","1.72.7","0.01","","","","2"
"2022","Canada","2021A000011124","Apricots fresh","Exports","Tonnes","288","thousands","3","v109514","1.72.7","","0s","","","2"
"2023","Canada","2021A000011124","Apricots fresh","Exports","Tonnes","288","thousands","3","v109514","1.72.7","","0s","","","2"
"2024","Canada","2021A000011124","Apricots fresh","Exports","Tonnes","288","thousands","3","v109514","1.72.7","","0s","","","2"
"2025","Canada","2021A000011124","Apricots fresh","Exports","Tonnes","288","thousands","3","v109514","1.72.7","0.01","","","","2"
"2021","Canada","2021A000011124","Apricots fresh","Manufacturing","Tonnes","288","thousands","3","v109515","1.72.8","0.14","","","","2"
"2022","Canada","2021A000011124","Apricots fresh","Manufacturing","Tonnes","288","thousands","3","v109515","1.72.8","0.26","","","","2"
"2023","Canada","2021A000011124","Apricots fresh","Manufacturing","Tonnes","288","thousands","3","v109515","1.72.8","0.36","","","","2"
"2024","Canada","2021A000011124","Apricots fresh","Manufacturing","Tonnes","288","thousands","3","v109515","1.72.8","0.29","","","","2"
"2025","Canada","2021A000011124","Apricots fresh","Manufacturing","Tonnes","288","thousands","3","v109515","1.72.8","0.36","","","","2"
"2021","Canada","2021A000011124","Apricots fresh","Waste","Tonnes","288","thousands","3","v109516","1.72.9","0.35","","","","2"
"2022","Canada","2021A000011124","Apricots fresh","Waste","Tonnes","288","thousands","3","v109516","1.72.9","0.26","","","","2"
"2023","Canada","2021A000011124","Apricots fresh","Waste","Tonnes","288","thousands","3","v109516","1.72.9","0.27","","","","2"
"2024","Canada","2021A000011124","Apricots fresh","Waste","Tonnes","288","thousands","3","v109516","1.72.9","0.21","","","","2"
"2025","Canada","2021A000011124","Apricots fresh","Waste","Tonnes","288","thousands","3","v109516","1.72.9","0.28","","","","2"
"2021","Canada","2021A000011124","Apricots canned","Total supply","Tonnes","288","thousands","3","v109521","1.73.2","","..","","","2"
"2022","Canada","2021A000011124","Apricots canned","Total supply","Tonnes","288","thousands","3","v109521","1.73.2","","..","","","2"
"2023","Canada","2021A000011124","Apricots canned","Total supply","Tonnes","288","thousands","3","v109521","1.73.2","","..","","","2"
"2024","Canada","2021A000011124","Apricots canned","Total supply","Tonnes","288","thousands","3","v109521","1.73.2","","..","","","2"
"2025","Canada","2021A000011124","Apricots canned","Total supply","Tonnes","288","thousands","3","v109521","1.73.2","","..","","","2"
"2021","Canada","2021A000011124","Apricots canned","Imports","Tonnes","288","thousands","3","v109524","1.73.5","0.96","","","","2"
"2022","Canada","2021A000011124","Apricots canned","Imports","Tonnes","288","thousands","3","v109524","1.73.5","1.12","","","","2"
"2023","Canada","2021A000011124","Apricots canned","Imports","Tonnes","288","thousands","3","v109524","1.73.5","1.19","","","","2"
"2024","Canada","2021A000011124","Apricots canned","Imports","Tonnes","288","thousands","3","v109524","1.73.5","","..","","","2"
"2025","Canada","2021A000011124","Apricots canned","Imports","Tonnes","288","thousands","3","v109524","1.73.5","0.97","","","","2"
"2021","Canada","2021A000011124","Apricots canned","Total disposition","Tonnes","288","thousands","3","v54326517","1.73.11","0.96","","","","2"
"2022","Canada","2021A000011124","Apricots canned","Total disposition","Tonnes","288","thousands","3","v54326517","1.73.11","1.12","","","","2"
"2023","Canada","2021A000011124","Apricots canned","Total disposition","Tonnes","288","thousands","3","v54326517","1.73.11","1.19","","","","2"
"2024","Canada","2021A000011124","Apricots canned","Total disposition","Tonnes","288","thousands","3","v54326517","1.73.11","","..","","","2"
"2025","Canada","2021A000011124","Apricots canned","Total disposition","Tonnes","288","thousands","3","v54326517","1.73.11","0.97","","","","2"
"2021","Canada","2021A000011124","Apricots canned","Domestic disappearance","Tonnes","288","thousands","3","v109520","1.73.1","0.84","","","","2"
"2022","Canada","2021A000011124","Apricots canned","Domestic disappearance","Tonnes","288","thousands","3","v109520","1.73.1","0.91","","","","2"
"2023","Canada","2021A000011124","Apricots canned","Domestic disappearance","Tonnes","288","thousands","3","v109520","1.73.1","0.98","","","","2"
"2024","Canada","2021A000011124","Apricots canned","Domestic disappearance","Tonnes","288","thousands","3","v109520","1.73.1","","..","","","2"
"2025","Canada","2021A000011124","Apricots canned","Domestic disappearance","Tonnes","288","thousands","3","v109520","1.73.1","0.92","","","","2"
"2021","Canada","2021A000011124","Apricots canned","Exports","Tonnes","288","thousands","3","v109526","1.73.7","0.12","","","","2"
"2022","Canada","2021A000011124","Apricots canned","Exports","Tonnes","288","thousands","3","v109526","1.73.7","0.22","","","","2"
"2023","Canada","2021A000011124","Apricots canned","Exports","Tonnes","288","thousands","3","v109526","1.73.7","0.21","","","","2"
"2024","Canada","2021A000011124","Apricots canned","Exports","Tonnes","288","thousands","3","v109526","1.73.7","","..","","","2"
"2025","Canada","2021A000011124","Apricots canned","Exports","Tonnes","288","thousands","3","v109526","1.73.7","0.06","","","","2"
"2021","Canada","2021A000011124","Avocados fresh","Total supply","Tonnes","288","thousands","3","v108954","1.74.2","","..","","","2"
"2022","Canada","2021A000011124","Avocados fresh","Total supply","Tonnes","288","thousands","3","v108954","1.74.2","","..","","","2"
"2023","Canada","2021A000011124","Avocados fresh","Total supply","Tonnes","288","thousands","3","v108954","1.74.2","","..","","","2"
"2024","Canada","2021A000011124","Avocados fresh","Total supply","Tonnes","288","thousands","3","v108954","1.74.2","","..","","","2"
"2025","Canada","2021A000011124","Avocados fresh","Total supply","Tonnes","288","thousands","3","v108954","1.74.2","","..","","","2"
"2021","Canada","2021A000011124","Avocados fresh","Imports","Tonnes","288","thousands","3","v108957","1.74.5","109.58","","","","2"
"2022","Canada","2021A000011124","Avocados fresh","Imports","Tonnes","288","thousands","3","v108957","1.74.5","98.51","","","","2"
"2023","Canada","2021A000011124","Avocados fresh","Imports","Tonnes","288","thousands","3","v108957","1.74.5","110.28","","","","2"
"2024","Canada","2021A000011124","Avocados fresh","Imports","Tonnes","288","thousands","3","v108957","1.74.5","112.94","","","","2"
"2025","Canada","2021A000011124","Avocados fresh","Imports","Tonnes","288","thousands","3","v108957","1.74.5","120.12","","","","2"
"2021","Canada","2021A000011124","Avocados fresh","Total disposition","Tonnes","288","thousands","3","v54326472","1.74.11","109.58","","","","2"
"2022","Canada","2021A000011124","Avocados fresh","Total disposition","Tonnes","288","thousands","3","v54326472","1.74.11","98.51","","","","2"
"2023","Canada","2021A000011124","Avocados fresh","Total disposition","Tonnes","288","thousands","3","v54326472","1.74.11","110.28","","","","2"
"2024","Canada","2021A000011124","Avocados fresh","Total disposition","Tonnes","288","thousands","3","v54326472","1.74.11","112.94","","","","2"
"2025","Canada","2021A000011124","Avocados fresh","Total disposition","Tonnes","288","thousands","3","v54326472","1.74.11","120.12","","","","2"
"2021","Canada","2021A000011124","Avocados fresh","Domestic disappearance","Tonnes","288","thousands","3","v108953","1.74.1","102.70","","","","2"
"2022","Canada","2021A000011124","Avocados fresh","Domestic disappearance","Tonnes","288","thousands","3","v108953","1.74.1","92.35","","","","2"
"2023","Canada","2021A000011124","Avocados fresh","Domestic disappearance","Tonnes","288","thousands","3","v108953","1.74.1","103.41","","","","2"
"2024","Canada","2021A000011124","Avocados fresh","Domestic disappearance","Tonnes","288","thousands","3","v108953","1.74.1","105.90","","","","2"
"2025","Canada","2021A000011124","Avocados fresh","Domestic disappearance","Tonnes","288","thousands","3","v108953","1.74.1","112.63","","","","2"
"2021","Canada","2021A000011124","Avocados fresh","Exports","Tonnes","288","thousands","3","v108959","1.74.7","0.09","","","","2"
"2022","Canada","2021A000011124","Avocados fresh","Exports","Tonnes","288","thousands","3","v108959","1.74.7","0.06","","","","2"
"2023","Canada","2021A000011124","Avocados fresh","Exports","Tonnes","288","thousands","3","v108959","1.74.7","0.03","","","","2"
"2024","Canada","2021A000011124","Avocados fresh","Exports","Tonnes","288","thousands","3","v108959","1.74.7","0.04","","","","2"
"2025","Canada","2021A000011124","Avocados fresh","Exports","Tonnes","288","thousands","3","v108959","1.74.7","0.04","","","","2"
"2021","Canada","2021A000011124","Avocados fresh","Waste","Tonnes","288","thousands","3","v108961","1.74.9","6.79","","","","2"
"2022","Canada","2021A000011124","Avocados fresh","Waste","Tonnes","288","thousands","3","v108961","1.74.9","6.10","","","","2"
"2023","Canada","2021A000011124","Avocados fresh","Waste","Tonnes","288","thousands","3","v108961","1.74.9","6.84","","","","2"
"2024","Canada","2021A000011124","Avocados fresh","Waste","Tonnes","288","thousands","3","v108961","1.74.9","7.00","","","","2"
"2025","Canada","2021A000011124","Avocados fresh","Waste","Tonnes","288","thousands","3","v108961","1.74.9","7.44","","","","2"
"2021","Canada","2021A000011124","Bananas fresh","Total supply","Tonnes","288","thousands","3","v108966","1.75.2","","..","","","2"
"2022","Canada","2021A000011124","Bananas fresh","Total supply","Tonnes","288","thousands","3","v108966","1.75.2","","..","","","2"
"2023","Canada","2021A000011124","Bananas fresh","Total supply","Tonnes","288","thousands","3","v108966","1.75.2","","..","","","2"
"2024","Canada","2021A000011124","Bananas fresh","Total supply","Tonnes","288","thousands","3","v108966","1.75.2","","..","","","2"
"2025","Canada","2021A000011124","Bananas fresh","Total supply","Tonnes","288","thousands","3","v108966","1.75.2","","..","","","2"
"2021","Canada","2021A000011124","Bananas fresh","Imports","Tonnes","288","thousands","3","v108969","1.75.5","586.53","","","","2"
"2022","Canada","2021A000011124","Bananas fresh","Imports","Tonnes","288","thousands","3","v108969","1.75.5","571.57","","","","2"
"2023","Canada","2021A000011124","Bananas fresh","Imports","Tonnes","288","thousands","3","v108969","1.75.5","587.09","","","","2"
"2024","Canada","2021A000011124","Bananas fresh","Imports","Tonnes","288","thousands","3","v108969","1.75.5","599.56","","","","2"
"2025","Canada","2021A000011124","Bananas fresh","Imports","Tonnes","288","thousands","3","v108969","1.75.5","622.09","","","","2"
"2021","Canada","2021A000011124","Bananas fresh","Domestic disappearance","Tonnes","288","thousands","3","v108965","1.75.1","586.53","","","","2"
"2022","Canada","2021A000011124","Bananas fresh","Domestic disappearance","Tonnes","288","thousands","3","v108965","1.75.1","571.57","","","","2"
"2023","Canada","2021A000011124","Bananas fresh","Domestic disappearance","Tonnes","288","thousands","3","v108965","1.75.1","587.09","","","","2"
"2024","Canada","2021A000011124","Bananas fresh","Domestic disappearance","Tonnes","288","thousands","3","v108965","1.75.1","599.56","","","","2"
"2025","Canada","2021A000011124","Bananas fresh","Domestic disappearance","Tonnes","288","thousands","3","v108965","1.75.1","622.09","","","","2"
"2021","Canada","2021A000011124","Bananas fresh","Exports","Tonnes","288","thousands","3","v108971","1.75.7","0.00","","","","2"
"2022","Canada","2021A000011124","Bananas fresh","Exports","Tonnes","288","thousands","3","v108971","1.75.7","0.00","","","","2"
"2023","Canada","2021A000011124","Bananas fresh","Exports","Tonnes","288","thousands","3","v108971","1.75.7","0.00","","","","2"
"2024","Canada","2021A000011124","Bananas fresh","Exports","Tonnes","288","thousands","3","v108971","1.75.7","0.00","","","","2"
"2025","Canada","2021A000011124","Bananas fresh","Exports","Tonnes","288","thousands","3","v108971","1.75.7","0.00","","","","2"
"2021","Canada","2021A000011124","Berries other fresh","Total supply","Tonnes","288","thousands","3","v108978","1.76.2","49.20","","","","2"
"2022","Canada","2021A000011124","Berries other fresh","Total supply","Tonnes","288","thousands","3","v108978","1.76.2","53.70","","","","2"
"2023","Canada","2021A000011124","Berries other fresh","Total supply","Tonnes","288","thousands","3","v108978","1.76.2","50.20","","","","2"
"2024","Canada","2021A000011124","Berries other fresh","Total supply","Tonnes","288","thousands","3","v108978","1.76.2","51.45","","","","2"
"2025","Canada","2021A000011124","Berries other fresh","Total supply","Tonnes","288","thousands","3","v108978","1.76.2","59.46","","","","2"
"2021","Canada","2021A000011124","Berries other fresh","Production","Tonnes","288","thousands","3","v108980","1.76.4","5.90","","","","2"
"2022","Canada","2021A000011124","Berries other fresh","Production","Tonnes","288","thousands","3","v108980","1.76.4","7.37","","","","2"
"2023","Canada","2021A000011124","Berries other fresh","Production","Tonnes","288","thousands","3","v108980","1.76.4","7.26","","","","2"
"2024","Canada","2021A000011124","Berries other fresh","Production","Tonnes","288","thousands","3","v108980","1.76.4","7.51","","","","2"
"2025","Canada","2021A000011124","Berries other fresh","Production","Tonnes","288","thousands","3","v108980","1.76.4","8.32","","","","2"
"2021","Canada","2021A000011124","Berries other fresh","Imports","Tonnes","288","thousands","3","v108981","1.76.5","43.31","","","","2"
"2022","Canada","2021A000011124","Berries other fresh","Imports","Tonnes","288","thousands","3","v108981","1.76.5","46.33","","","","2"
"2023","Canada","2021A000011124","Berries other fresh","Imports","Tonnes","288","thousands","3","v108981","1.76.5","42.94","","","","2"
"2024","Canada","2021A000011124","Berries other fresh","Imports","Tonnes","288","thousands","3","v108981","1.76.5","43.94","","","","2"
"2025","Canada","2021A000011124","Berries other fresh","Imports","Tonnes","288","thousands","3","v108981","1.76.5","51.14","","","","2"
"2021","Canada","2021A000011124","Berries other fresh","Total disposition","Tonnes","288","thousands","3","v54326473","1.76.11","49.20","","","","2"
"2022","Canada","2021A000011124","Berries other fresh","Total disposition","Tonnes","288","thousands","3","v54326473","1.76.11","53.70","","","","2"
"2023","Canada","2021A000011124","Berries other fresh","Total disposition","Tonnes","288","thousands","3","v54326473","1.76.11","50.20","","","","2"
"2024","Canada","2021A000011124","Berries other fresh","Total disposition","Tonnes","288","thousands","3","v54326473","1.76.11","51.45","","","","2"
"2025","Canada","2021A000011124","Berries other fresh","Total disposition","Tonnes","288","thousands","3","v54326473","1.76.11","59.46","","","","2"
"2021","Canada","2021A000011124","Berries other fresh","Domestic disappearance","Tonnes","288","thousands","3","v108977","1.76.1","42.15","","","","2"
"2022","Canada","2021A000011124","Berries other fresh","Domestic disappearance","Tonnes","288","thousands","3","v108977","1.76.1","45.30","","","","2"
"2023","Canada","2021A000011124","Berries other fresh","Domestic disappearance","Tonnes","288","thousands","3","v108977","1.76.1","41.81","","","","2"
"2024","Canada","2021A000011124","Berries other fresh","Domestic disappearance","Tonnes","288","thousands","3","v108977","1.76.1","43.16","","","","2"
"2025","Canada","2021A000011124","Berries other fresh","Domestic disappearance","Tonnes","288","thousands","3","v108977","1.76.1","50.22","","","","2"
"2021","Canada","2021A000011124","Berries other fresh","Exports","Tonnes","288","thousands","3","v108983","1.76.7","0.27","","","","2"
"2022","Canada","2021A000011124","Berries other fresh","Exports","Tonnes","288","thousands","3","v108983","1.76.7","0.16","","","","2"
"2023","Canada","2021A000011124","Berries other fresh","Exports","Tonnes","288","thousands","3","v108983","1.76.7","0.35","","","","2"
"2024","Canada","2021A000011124","Berries other fresh","Exports","Tonnes","288","thousands","3","v108983","1.76.7","0.31","","","","2"
"2025","Canada","2021A000011124","Berries other fresh","Exports","Tonnes","288","thousands","3","v108983","1.76.7","0.31","","","","2"
"2021","Canada","2021A000011124","Berries other fresh","Manufacturing","Tonnes","288","thousands","3","v108984","1.76.8","3.12","","","","2"
"2022","Canada","2021A000011124","Berries other fresh","Manufacturing","Tonnes","288","thousands","3","v108984","1.76.8","4.30","","","","2"
"2023","Canada","2021A000011124","Berries other fresh","Manufacturing","Tonnes","288","thousands","3","v108984","1.76.8","4.41","","","","2"
"2024","Canada","2021A000011124","Berries other fresh","Manufacturing","Tonnes","288","thousands","3","v108984","1.76.8","4.22","","","","2"
"2025","Canada","2021A000011124","Berries other fresh","Manufacturing","Tonnes","288","thousands","3","v108984","1.76.8","4.57","","","","2"
"2021","Canada","2021A000011124","Berries other fresh","Waste","Tonnes","288","thousands","3","v108985","1.76.9","3.66","","","","2"
"2022","Canada","2021A000011124","Berries other fresh","Waste","Tonnes","288","thousands","3","v108985","1.76.9","3.94","","","","2"
"2023","Canada","2021A000011124","Berries other fresh","Waste","Tonnes","288","thousands","3","v108985","1.76.9","3.64","","","","2"
"2024","Canada","2021A000011124","Berries other fresh","Waste","Tonnes","288","thousands","3","v108985","1.76.9","3.75","","","","2"
"2025","Canada","2021A000011124","Berries other fresh","Waste","Tonnes","288","thousands","3","v108985","1.76.9","4.37","","","","2"
"2021","Canada","2021A000011124","Blueberries fresh","Total supply","Tonnes","288","thousands","3","v108990","1.77.2","213.38","","","","2"
"2022","Canada","2021A000011124","Blueberries fresh","Total supply","Tonnes","288","thousands","3","v108990","1.77.2","238.67","","","","2"
"2023","Canada","2021A000011124","Blueberries fresh","Total supply","Tonnes","288","thousands","3","v108990","1.77.2","212.67","","","","2"
"2024","Canada","2021A000011124","Blueberries fresh","Total supply","Tonnes","288","thousands","3","v108990","1.77.2","255.20","","","","2"
"2025","Canada","2021A000011124","Blueberries fresh","Total supply","Tonnes","288","thousands","3","v108990","1.77.2","239.39","","","","2"
"2021","Canada","2021A000011124","Blueberries fresh","Production","Tonnes","288","thousands","3","v108992","1.77.4","142.78","","","","2"
"2022","Canada","2021A000011124","Blueberries fresh","Production","Tonnes","288","thousands","3","v108992","1.77.4","183.23","","","","2"
"2023","Canada","2021A000011124","Blueberries fresh","Production","Tonnes","288","thousands","3","v108992","1.77.4","155.69","","","","2"
"2024","Canada","2021A000011124","Blueberries fresh","Production","Tonnes","288","thousands","3","v108992","1.77.4","176.06","","","","2"
"2025","Canada","2021A000011124","Blueberries fresh","Production","Tonnes","288","thousands","3","v108992","1.77.4","156.35","","","","2"
"2021","Canada","2021A000011124","Blueberries fresh","Imports","Tonnes","288","thousands","3","v108993","1.77.5","70.60","","","","2"
"2022","Canada","2021A000011124","Blueberries fresh","Imports","Tonnes","288","thousands","3","v108993","1.77.5","55.45","","","","2"
"2023","Canada","2021A000011124","Blueberries fresh","Imports","Tonnes","288","thousands","3","v108993","1.77.5","56.98","","","","2"
"2024","Canada","2021A000011124","Blueberries fresh","Imports","Tonnes","288","thousands","3","v108993","1.77.5","79.14","","","","2"
"2025","Canada","2021A000011124","Blueberries fresh","Imports","Tonnes","288","thousands","3","v108993","1.77.5","83.04","","","","2"
"2021","Canada","2021A000011124","Blueberries fresh","Total disposition","Tonnes","288","thousands","3","v54326474","1.77.11","213.38","","","","2"
"2022","Canada","2021A000011124","Blueberries fresh","Total disposition","Tonnes","288","thousands","3","v54326474","1.77.11","238.67","","","","2"
"2023","Canada","2021A000011124","Blueberries fresh","Total disposition","Tonnes","288","thousands","3","v54326474","1.77.11","212.67","","","","2"
"2024","Canada","2021A000011124","Blueberries fresh","Total disposition","Tonnes","288","thousands","3","v54326474","1.77.11","255.20","","","","2"
"2025","Canada","2021A000011124","Blueberries fresh","Total disposition","Tonnes","288","thousands","3","v54326474","1.77.11","239.39","","","","2"
"2021","Canada","2021A000011124","Blueberries fresh","Domestic disappearance","Tonnes","288","thousands","3","v108989","1.77.1","71.01","","","","2"
"2022","Canada","2021A000011124","Blueberries fresh","Domestic disappearance","Tonnes","288","thousands","3","v108989","1.77.1","52.97","","","","2"
"2023","Canada","2021A000011124","Blueberries fresh","Domestic disappearance","Tonnes","288","thousands","3","v108989","1.77.1","46.93","","","","2"
"2024","Canada","2021A000011124","Blueberries fresh","Domestic disappearance","Tonnes","288","thousands","3","v108989","1.77.1","76.36","","","","2"
"2025","Canada","2021A000011124","Blueberries fresh","Domestic disappearance","Tonnes","288","thousands","3","v108989","1.77.1","82.09","","","","2"
"2021","Canada","2021A000011124","Blueberries fresh","Exports","Tonnes","288","thousands","3","v108995","1.77.7","25.60","","","","2"
"2022","Canada","2021A000011124","Blueberries fresh","Exports","Tonnes","288","thousands","3","v108995","1.77.7","27.44","","","","2"
"2023","Canada","2021A000011124","Blueberries fresh","Exports","Tonnes","288","thousands","3","v108995","1.77.7","28.69","","","","2"
"2024","Canada","2021A000011124","Blueberries fresh","Exports","Tonnes","288","thousands","3","v108995","1.77.7","32.15","","","","2"
"2025","Canada","2021A000011124","Blueberries fresh","Exports","Tonnes","288","thousands","3","v108995","1.77.7","28.23","","","","2"
"2021","Canada","2021A000011124","Blueberries fresh","Manufacturing","Tonnes","288","thousands","3","v108996","1.77.8","110.61","","","","2"
"2022","Canada","2021A000011124","Blueberries fresh","Manufacturing","Tonnes","288","thousands","3","v108996","1.77.8","","F","","","2"
"2023","Canada","2021A000011124","Blueberries fresh","Manufacturing","Tonnes","288","thousands","3","v108996","1.77.8","132.97","","","","2"
"2024","Canada","2021A000011124","Blueberries fresh","Manufacturing","Tonnes","288","thousands","3","v108996","1.77.8","140.05","","","","2"
"2025","Canada","2021A000011124","Blueberries fresh","Manufacturing","Tonnes","288","thousands","3","v108996","1.77.8","121.94","","","","2"
"2021","Canada","2021A000011124","Blueberries fresh","Waste","Tonnes","288","thousands","3","v108997","1.77.9","6.17","","","","2"
"2022","Canada","2021A000011124","Blueberries fresh","Waste","Tonnes","288","thousands","3","v108997","1.77.9","4.61","","","","2"
"2023","Canada","2021A000011124","Blueberries fresh","Waste","Tonnes","288","thousands","3","v108997","1.77.9","4.08","","","","2"
"2024","Canada","2021A000011124","Blueberries fresh","Waste","Tonnes","288","thousands","3","v108997","1.77.9","6.64","","","","2"
"2025","Canada","2021A000011124","Blueberries fresh","Waste","Tonnes","288","thousands","3","v108997","1.77.9","7.14","","","","2"
"2021","Canada","2021A000011124","Blueberries canned","Total supply","Tonnes","288","thousands","3","v109002","1.78.2","","..","","","2"
"2022","Canada","2021A000011124","Blueberries canned","Total supply","Tonnes","288","thousands","3","v109002","1.78.2","","..","","","2"
"2023","Canada","2021A000011124","Blueberries canned","Total supply","Tonnes","288","thousands","3","v109002","1.78.2","","..","","","2"
"2024","Canada","2021A000011124","Blueberries canned","Total supply","Tonnes","288","thousands","3","v109002","1.78.2","","..","","","2"
"2025","Canada","2021A000011124","Blueberries canned","Total supply","Tonnes","288","thousands","3","v109002","1.78.2","","..","","","2"
"2021","Canada","2021A000011124","Blueberries canned","Imports","Tonnes","288","thousands","3","v109005","1.78.5","0.38","","","","2"
"2022","Canada","2021A000011124","Blueberries canned","Imports","Tonnes","288","thousands","3","v109005","1.78.5","0.62","","","","2"
"2023","Canada","2021A000011124","Blueberries canned","Imports","Tonnes","288","thousands","3","v109005","1.78.5","0.87","","","","2"
"2024","Canada","2021A000011124","Blueberries canned","Imports","Tonnes","288","thousands","3","v109005","1.78.5","","..","","","2"
"2025","Canada","2021A000011124","Blueberries canned","Imports","Tonnes","288","thousands","3","v109005","1.78.5","0.94","","","","2"
"2021","Canada","2021A000011124","Blueberries canned","Total disposition","Tonnes","288","thousands","3","v54326475","1.78.11","0.38","","","","2"
"2022","Canada","2021A000011124","Blueberries canned","Total disposition","Tonnes","288","thousands","3","v54326475","1.78.11","0.62","","","","2"
"2023","Canada","2021A000011124","Blueberries canned","Total disposition","Tonnes","288","thousands","3","v54326475","1.78.11","0.87","","","","2"
"2024","Canada","2021A000011124","Blueberries canned","Total disposition","Tonnes","288","thousands","3","v54326475","1.78.11","","..","","","2"
"2025","Canada","2021A000011124","Blueberries canned","Total disposition","Tonnes","288","thousands","3","v54326475","1.78.11","0.94","","","","2"
"2021","Canada","2021A000011124","Blueberries canned","Domestic disappearance","Tonnes","288","thousands","3","v109001","1.78.1","0.38","","","","2"
"2022","Canada","2021A000011124","Blueberries canned","Domestic disappearance","Tonnes","288","thousands","3","v109001","1.78.1","0.62","","","","2"
"2023","Canada","2021A000011124","Blueberries canned","Domestic disappearance","Tonnes","288","thousands","3","v109001","1.78.1","0.87","","","","2"
"2024","Canada","2021A000011124","Blueberries canned","Domestic disappearance","Tonnes","288","thousands","3","v109001","1.78.1","","..","","","2"
"2025","Canada","2021A000011124","Blueberries canned","Domestic disappearance","Tonnes","288","thousands","3","v109001","1.78.1","0.94","","","","2"
"2021","Canada","2021A000011124","Blueberries frozen","Total supply","Tonnes","288","thousands","3","v109014","1.79.2","","..","","","2"
"2022","Canada","2021A000011124","Blueberries frozen","Total supply","Tonnes","288","thousands","3","v109014","1.79.2","","..","","","2"
"2023","Canada","2021A000011124","Blueberries frozen","Total supply","Tonnes","288","thousands","3","v109014","1.79.2","","..","","","2"
"2024","Canada","2021A000011124","Blueberries frozen","Total supply","Tonnes","288","thousands","3","v109014","1.79.2","","..","","","2"
"2025","Canada","2021A000011124","Blueberries frozen","Total supply","Tonnes","288","thousands","3","v109014","1.79.2","","..","","","2"
"2021","Canada","2021A000011124","Blueberries frozen","Imports","Tonnes","288","thousands","3","v109017","1.79.5","24.13","","","","2"
"2022","Canada","2021A000011124","Blueberries frozen","Imports","Tonnes","288","thousands","3","v109017","1.79.5","30.83","","","","2"
"2023","Canada","2021A000011124","Blueberries frozen","Imports","Tonnes","288","thousands","3","v109017","1.79.5","35.10","","","","2"
"2024","Canada","2021A000011124","Blueberries frozen","Imports","Tonnes","288","thousands","3","v109017","1.79.5","","..","","","2"
"2025","Canada","2021A000011124","Blueberries frozen","Imports","Tonnes","288","thousands","3","v109017","1.79.5","17.10","","","","2"
"2021","Canada","2021A000011124","Blueberries frozen","Total disposition","Tonnes","288","thousands","3","v54326476","1.79.11","","..","","","2"
"2022","Canada","2021A000011124","Blueberries frozen","Total disposition","Tonnes","288","thousands","3","v54326476","1.79.11","","..","","","2"
"2023","Canada","2021A000011124","Blueberries frozen","Total disposition","Tonnes","288","thousands","3","v54326476","1.79.11","","..","","","2"
"2024","Canada","2021A000011124","Blueberries frozen","Total disposition","Tonnes","288","thousands","3","v54326476","1.79.11","","..","","","2"
"2025","Canada","2021A000011124","Blueberries frozen","Total disposition","Tonnes","288","thousands","3","v54326476","1.79.11","","..","","","2"
"2021","Canada","2021A000011124","Blueberries frozen","Exports","Tonnes","288","thousands","3","v109019","1.79.7","102.12","","","","2"
"2022","Canada","2021A000011124","Blueberries frozen","Exports","Tonnes","288","thousands","3","v109019","1.79.7","106.04","","","","2"
"2023","Canada","2021A000011124","Blueberries frozen","Exports","Tonnes","288","thousands","3","v109019","1.79.7","104.61","","","","2"
"2024","Canada","2021A000011124","Blueberries frozen","Exports","Tonnes","288","thousands","3","v109019","1.79.7","","..","","","2"
"2025","Canada","2021A000011124","Blueberries frozen","Exports","Tonnes","288","thousands","3","v109019","1.79.7","123.45","","","","2"
"2021","Canada","2021A000011124","Cherries fresh","Total supply","Tonnes","288","thousands","3","v109026","1.80.2","51.42","","","","2"
"2022","Canada","2021A000011124","Cherries fresh","Total supply","Tonnes","288","thousands","3","v109026","1.80.2","41.95","","","","2"
"2023","Canada","2021A000011124","Cherries fresh","Total supply","Tonnes","288","thousands","3","v109026","1.80.2","58.29","","","","2"
"2024","Canada","2021A000011124","Cherries fresh","Total supply","Tonnes","288","thousands","3","v109026","1.80.2","44.31","","","","2"
"2025","Canada","2021A000011124","Cherries fresh","Total supply","Tonnes","288","thousands","3","v109026","1.80.2","61.32","","","","2"
"2021","Canada","2021A000011124","Cherries fresh","Production","Tonnes","288","thousands","3","v109028","1.80.4","19.48","","","","2"
"2022","Canada","2021A000011124","Cherries fresh","Production","Tonnes","288","thousands","3","v109028","1.80.4","23.03","","","","2"
"2023","Canada","2021A000011124","Cherries fresh","Production","Tonnes","288","thousands","3","v109028","1.80.4","27.13","","","","2"
"2024","Canada","2021A000011124","Cherries fresh","Production","Tonnes","288","thousands","3","v109028","1.80.4","9.09","","","","2"
"2025","Canada","2021A000011124","Cherries fresh","Production","Tonnes","288","thousands","3","v109028","1.80.4","30.64","","","","2"
"2021","Canada","2021A000011124","Cherries fresh","Imports","Tonnes","288","thousands","3","v109029","1.80.5","31.94","","","","2"
"2022","Canada","2021A000011124","Cherries fresh","Imports","Tonnes","288","thousands","3","v109029","1.80.5","18.92","","","","2"
"2023","Canada","2021A000011124","Cherries fresh","Imports","Tonnes","288","thousands","3","v109029","1.80.5","31.16","","","","2"
"2024","Canada","2021A000011124","Cherries fresh","Imports","Tonnes","288","thousands","3","v109029","1.80.5","35.22","","","","2"
"2025","Canada","2021A000011124","Cherries fresh","Imports","Tonnes","288","thousands","3","v109029","1.80.5","30.68","","","","2"
"2021","Canada","2021A000011124","Cherries fresh","Total disposition","Tonnes","288","thousands","3","v54326477","1.80.11","51.42","","","","2"
"2022","Canada","2021A000011124","Cherries fresh","Total disposition","Tonnes","288","thousands","3","v54326477","1.80.11","41.95","","","","2"
"2023","Canada","2021A000011124","Cherries fresh","Total disposition","Tonnes","288","thousands","3","v54326477","1.80.11","58.29","","","","2"
"2024","Canada","2021A000011124","Cherries fresh","Total disposition","Tonnes","288","thousands","3","v54326477","1.80.11","44.31","","","","2"
"2025","Canada","2021A000011124","Cherries fresh","Total disposition","Tonnes","288","thousands","3","v54326477","1.80.11","61.32","","","","2"
"2021","Canada","2021A000011124","Cherries fresh","Domestic disappearance","Tonnes","288","thousands","3","v109025","1.80.1","33.87","","","","2"
"2022","Canada","2021A000011124","Cherries fresh","Domestic disappearance","Tonnes","288","thousands","3","v109025","1.80.1","23.04","","","","2"
"2023","Canada","2021A000011124","Cherries fresh","Domestic disappearance","Tonnes","288","thousands","3","v109025","1.80.1","39.15","","","","2"
"2024","Canada","2021A000011124","Cherries fresh","Domestic disappearance","Tonnes","288","thousands","3","v109025","1.80.1","37.16","","","","2"
"2025","Canada","2021A000011124","Cherries fresh","Domestic disappearance","Tonnes","288","thousands","3","v109025","1.80.1","37.60","","","","2"
"2021","Canada","2021A000011124","Cherries fresh","Exports","Tonnes","288","thousands","3","v109031","1.80.7","9.75","","","","2"
"2022","Canada","2021A000011124","Cherries fresh","Exports","Tonnes","288","thousands","3","v109031","1.80.7","12.16","","","","2"
"2023","Canada","2021A000011124","Cherries fresh","Exports","Tonnes","288","thousands","3","v109031","1.80.7","8.30","","","","2"
"2024","Canada","2021A000011124","Cherries fresh","Exports","Tonnes","288","thousands","3","v109031","1.80.7","1.21","","","","2"
"2025","Canada","2021A000011124","Cherries fresh","Exports","Tonnes","288","thousands","3","v109031","1.80.7","14.11","","","","2"
"2021","Canada","2021A000011124","Cherries fresh","Manufacturing","Tonnes","288","thousands","3","v109032","1.80.8","4.85","","","","2"
"2022","Canada","2021A000011124","Cherries fresh","Manufacturing","Tonnes","288","thousands","3","v109032","1.80.8","4.76","","","","2"
"2023","Canada","2021A000011124","Cherries fresh","Manufacturing","Tonnes","288","thousands","3","v109032","1.80.8","7.43","","","","2"
"2024","Canada","2021A000011124","Cherries fresh","Manufacturing","Tonnes","288","thousands","3","v109032","1.80.8","2.71","","","","2"
"2025","Canada","2021A000011124","Cherries fresh","Manufacturing","Tonnes","288","thousands","3","v109032","1.80.8","6.35","","","","2"
"2021","Canada","2021A000011124","Cherries fresh","Waste","Tonnes","288","thousands","3","v109033","1.80.9","2.94","","","","2"
"2022","Canada","2021A000011124","Cherries fresh","Waste","Tonnes","288","thousands","3","v109033","1.80.9","2.00","","","","2"
"2023","Canada","2021A000011124","Cherries fresh","Waste","Tonnes","288","thousands","3","v109033","1.80.9","3.40","","","","2"
"2024","Canada","2021A000011124","Cherries fresh","Waste","Tonnes","288","thousands","3","v109033","1.80.9","3.23","","","","2"
"2025","Canada","2021A000011124","Cherries fresh","Waste","Tonnes","288","thousands","3","v109033","1.80.9","3.27","","","","2"
"2021","Canada","2021A000011124","Cherries frozen","Total supply","Tonnes","288","thousands","3","v109038","1.81.2","","..","","","2"
"2022","Canada","2021A000011124","Cherries frozen","Total supply","Tonnes","288","thousands","3","v109038","1.81.2","","..","","","2"
"2023","Canada","2021A000011124","Cherries frozen","Total supply","Tonnes","288","thousands","3","v109038","1.81.2","","..","","","2"
"2024","Canada","2021A000011124","Cherries frozen","Total supply","Tonnes","288","thousands","3","v109038","1.81.2","","..","","","2"
"2025","Canada","2021A000011124","Cherries frozen","Total supply","Tonnes","288","thousands","3","v109038","1.81.2","","..","","","2"
"2021","Canada","2021A000011124","Cherries frozen","Imports","Tonnes","288","thousands","3","v109041","1.81.5","11.33","","","","2"
"2022","Canada","2021A000011124","Cherries frozen","Imports","Tonnes","288","thousands","3","v109041","1.81.5","7.69","","","","2"
"2023","Canada","2021A000011124","Cherries frozen","Imports","Tonnes","288","thousands","3","v109041","1.81.5","7.04","","","","2"
"2024","Canada","2021A000011124","Cherries frozen","Imports","Tonnes","288","thousands","3","v109041","1.81.5","","..","","","2"
"2025","Canada","2021A000011124","Cherries frozen","Imports","Tonnes","288","thousands","3","v109041","1.81.5","7.12","","","","2"
"2021","Canada","2021A000011124","Cherries frozen","Total disposition","Tonnes","288","thousands","3","v54326478","1.81.11","","..","","","2"
"2022","Canada","2021A000011124","Cherries frozen","Total disposition","Tonnes","288","thousands","3","v54326478","1.81.11","","..","","","2"
"2023","Canada","2021A000011124","Cherries frozen","Total disposition","Tonnes","288","thousands","3","v54326478","1.81.11","","..","","","2"
"2024","Canada","2021A000011124","Cherries frozen","Total disposition","Tonnes","288","thousands","3","v54326478","1.81.11","","..","","","2"
"2025","Canada","2021A000011124","Cherries frozen","Total disposition","Tonnes","288","thousands","3","v54326478","1.81.11","","..","","","2"
"2021","Canada","2021A000011124","Coconut fresh","Total supply","Tonnes","288","thousands","3","v109050","1.82.2","","..","","","2"
"2022","Canada","2021A000011124","Coconut fresh","Total supply","Tonnes","288","thousands","3","v109050","1.82.2","","..","","","2"
"2023","Canada","2021A000011124","Coconut fresh","Total supply","Tonnes","288","thousands","3","v109050","1.82.2","","..","","","2"
"2024","Canada","2021A000011124","Coconut fresh","Total supply","Tonnes","288","thousands","3","v109050","1.82.2","","..","","","2"
"2025","Canada","2021A000011124","Coconut fresh","Total supply","Tonnes","288","thousands","3","v109050","1.82.2","","..","","","2"
"2021","Canada","2021A000011124","Coconut fresh","Imports","Tonnes","288","thousands","3","v109053","1.82.5","18.09","","","","2"
"2022","Canada","2021A000011124","Coconut fresh","Imports","Tonnes","288","thousands","3","v109053","1.82.5","16.67","","","","2"
"2023","Canada","2021A000011124","Coconut fresh","Imports","Tonnes","288","thousands","3","v109053","1.82.5","16.85","","","","2"
"2024","Canada","2021A000011124","Coconut fresh","Imports","Tonnes","288","thousands","3","v109053","1.82.5","15.97","","","","2"
"2025","Canada","2021A000011124","Coconut fresh","Imports","Tonnes","288","thousands","3","v109053","1.82.5","18.03","","","","2"
"2021","Canada","2021A000011124","Coconut fresh","Total disposition","Tonnes","288","thousands","3","v54326479","1.82.11","18.09","","","","2"
"2022","Canada","2021A000011124","Coconut fresh","Total disposition","Tonnes","288","thousands","3","v54326479","1.82.11","16.67","","","","2"
"2023","Canada","2021A000011124","Coconut fresh","Total disposition","Tonnes","288","thousands","3","v54326479","1.82.11","16.85","","","","2"
"2024","Canada","2021A000011124","Coconut fresh","Total disposition","Tonnes","288","thousands","3","v54326479","1.82.11","15.97","","","","2"
"2025","Canada","2021A000011124","Coconut fresh","Total disposition","Tonnes","288","thousands","3","v54326479","1.82.11","18.03","","","","2"
"2021","Canada","2021A000011124","Coconut fresh","Domestic disappearance","Tonnes","288","thousands","3","v109049","1.82.1","16.39","","","","2"
"2022","Canada","2021A000011124","Coconut fresh","Domestic disappearance","Tonnes","288","thousands","3","v109049","1.82.1","15.04","","","","2"
"2023","Canada","2021A000011124","Coconut fresh","Domestic disappearance","Tonnes","288","thousands","3","v109049","1.82.1","15.37","","","","2"
"2024","Canada","2021A000011124","Coconut fresh","Domestic disappearance","Tonnes","288","thousands","3","v109049","1.82.1","14.40","","","","2"
"2025","Canada","2021A000011124","Coconut fresh","Domestic disappearance","Tonnes","288","thousands","3","v109049","1.82.1","16.12","","","","2"
"2021","Canada","2021A000011124","Coconut fresh","Exports","Tonnes","288","thousands","3","v109055","1.82.7","1.70","","","","2"
"2022","Canada","2021A000011124","Coconut fresh","Exports","Tonnes","288","thousands","3","v109055","1.82.7","1.63","","","","2"
"2023","Canada","2021A000011124","Coconut fresh","Exports","Tonnes","288","thousands","3","v109055","1.82.7","1.48","","","","2"
"2024","Canada","2021A000011124","Coconut fresh","Exports","Tonnes","288","thousands","3","v109055","1.82.7","1.57","","","","2"
"2025","Canada","2021A000011124","Coconut fresh","Exports","Tonnes","288","thousands","3","v109055","1.82.7","1.91","","","","2"
"2021","Canada","2021A000011124","Cranberries fresh","Total supply","Tonnes","288","thousands","3","v109062","1.83.2","156.28","","","","2"
"2022","Canada","2021A000011124","Cranberries fresh","Total supply","Tonnes","288","thousands","3","v109062","1.83.2","209.96","","","","2"
"2023","Canada","2021A000011124","Cranberries fresh","Total supply","Tonnes","288","thousands","3","v109062","1.83.2","164.61","","","","2"
"2024","Canada","2021A000011124","Cranberries fresh","Total supply","Tonnes","288","thousands","3","v109062","1.83.2","213.82","","","","2"
"2025","Canada","2021A000011124","Cranberries fresh","Total supply","Tonnes","288","thousands","3","v109062","1.83.2","212.41","","","","2"
"2021","Canada","2021A000011124","Cranberries fresh","Production","Tonnes","288","thousands","3","v109064","1.83.4","155.06","","","","2"
"2022","Canada","2021A000011124","Cranberries fresh","Production","Tonnes","288","thousands","3","v109064","1.83.4","208.26","","","","2"
"2023","Canada","2021A000011124","Cranberries fresh","Production","Tonnes","288","thousands","3","v109064","1.83.4","163.29","","","","2"
"2024","Canada","2021A000011124","Cranberries fresh","Production","Tonnes","288","thousands","3","v109064","1.83.4","211.44","","","","2"
"2025","Canada","2021A000011124","Cranberries fresh","Production","Tonnes","288","thousands","3","v109064","1.83.4","211.09","","","","2"
"2021","Canada","2021A000011124","Cranberries fresh","Imports","Tonnes","288","thousands","3","v109065","1.83.5","1.22","","","","2"
"2022","Canada","2021A000011124","Cranberries fresh","Imports","Tonnes","288","thousands","3","v109065","1.83.5","1.70","","","","2"
"2023","Canada","2021A000011124","Cranberries fresh","Imports","Tonnes","288","thousands","3","v109065","1.83.5","1.32","","","","2"
"2024","Canada","2021A000011124","Cranberries fresh","Imports","Tonnes","288","thousands","3","v109065","1.83.5","2.38","","","","2"
"2025","Canada","2021A000011124","Cranberries fresh","Imports","Tonnes","288","thousands","3","v109065","1.83.5","1.31","","","","2"
"2021","Canada","2021A000011124","Cranberries fresh","Total disposition","Tonnes","288","thousands","3","v54326480","1.83.11","156.28","","","","2"
"2022","Canada","2021A000011124","Cranberries fresh","Total disposition","Tonnes","288","thousands","3","v54326480","1.83.11","209.96","","","","2"
"2023","Canada","2021A000011124","Cranberries fresh","Total disposition","Tonnes","288","thousands","3","v54326480","1.83.11","164.61","","","","2"
"2024","Canada","2021A000011124","Cranberries fresh","Total disposition","Tonnes","288","thousands","3","v54326480","1.83.11","213.82","","","","2"
"2025","Canada","2021A000011124","Cranberries fresh","Total disposition","Tonnes","288","thousands","3","v54326480","1.83.11","212.41","","","","2"
"2021","Canada","2021A000011124","Cranberries fresh","Domestic disappearance","Tonnes","288","thousands","3","v109061","1.83.1","99.41","","","","2"
"2022","Canada","2021A000011124","Cranberries fresh","Domestic disappearance","Tonnes","288","thousands","3","v109061","1.83.1","153.85","","","","2"
"2023","Canada","2021A000011124","Cranberries fresh","Domestic disappearance","Tonnes","288","thousands","3","v109061","1.83.1","106.95","","","","2"
"2024","Canada","2021A000011124","Cranberries fresh","Domestic disappearance","Tonnes","288","thousands","3","v109061","1.83.1","167.25","","","","2"
"2025","Canada","2021A000011124","Cranberries fresh","Domestic disappearance","Tonnes","288","thousands","3","v109061","1.83.1","159.53","","","","2"
"2021","Canada","2021A000011124","Cranberries fresh","Exports","Tonnes","288","thousands","3","v109067","1.83.7","52.73","","","","2"
"2022","Canada","2021A000011124","Cranberries fresh","Exports","Tonnes","288","thousands","3","v109067","1.83.7","49.69","","","","2"
"2023","Canada","2021A000011124","Cranberries fresh","Exports","Tonnes","288","thousands","3","v109067","1.83.7","53.21","","","","2"
"2024","Canada","2021A000011124","Cranberries fresh","Exports","Tonnes","288","thousands","3","v109067","1.83.7","39.60","","","","2"
"2025","Canada","2021A000011124","Cranberries fresh","Exports","Tonnes","288","thousands","3","v109067","1.83.7","46.23","","","","2"
"2021","Canada","2021A000011124","Cranberries fresh","Waste","Tonnes","288","thousands","3","v109069","1.83.9","4.14","","","","2"
"2022","Canada","2021A000011124","Cranberries fresh","Waste","Tonnes","288","thousands","3","v109069","1.83.9","6.41","","","","2"
"2023","Canada","2021A000011124","Cranberries fresh","Waste","Tonnes","288","thousands","3","v109069","1.83.9","4.46","","","","2"
"2024","Canada","2021A000011124","Cranberries fresh","Waste","Tonnes","288","thousands","3","v109069","1.83.9","6.97","","","","2"
"2025","Canada","2021A000011124","Cranberries fresh","Waste","Tonnes","288","thousands","3","v109069","1.83.9","6.65","","","","2"
"2021","Canada","2021A000011124","Dates fresh","Total supply","Tonnes","288","thousands","3","v109086","1.84.2","","..","","","2"
"2022","Canada","2021A000011124","Dates fresh","Total supply","Tonnes","288","thousands","3","v109086","1.84.2","","..","","","2"
"2023","Canada","2021A000011124","Dates fresh","Total supply","Tonnes","288","thousands","3","v109086","1.84.2","","..","","","2"
"2024","Canada","2021A000011124","Dates fresh","Total supply","Tonnes","288","thousands","3","v109086","1.84.2","","..","","","2"
"2025","Canada","2021A000011124","Dates fresh","Total supply","Tonnes","288","thousands","3","v109086","1.84.2","","..","","","2"
"2021","Canada","2021A000011124","Dates fresh","Imports","Tonnes","288","thousands","3","v109089","1.84.5","74.46","","","","2"
"2022","Canada","2021A000011124","Dates fresh","Imports","Tonnes","288","thousands","3","v109089","1.84.5","67.93","","","","2"
"2023","Canada","2021A000011124","Dates fresh","Imports","Tonnes","288","thousands","3","v109089","1.84.5","74.92","","","","2"
"2024","Canada","2021A000011124","Dates fresh","Imports","Tonnes","288","thousands","3","v109089","1.84.5","91.23","","","","2"
"2025","Canada","2021A000011124","Dates fresh","Imports","Tonnes","288","thousands","3","v109089","1.84.5","111.37","","","","2"
"2021","Canada","2021A000011124","Dates fresh","Total disposition","Tonnes","288","thousands","3","v54326482","1.84.11","74.46","","","","2"
"2022","Canada","2021A000011124","Dates fresh","Total disposition","Tonnes","288","thousands","3","v54326482","1.84.11","67.93","","","","2"
"2023","Canada","2021A000011124","Dates fresh","Total disposition","Tonnes","288","thousands","3","v54326482","1.84.11","74.92","","","","2"
"2024","Canada","2021A000011124","Dates fresh","Total disposition","Tonnes","288","thousands","3","v54326482","1.84.11","91.23","","","","2"
"2025","Canada","2021A000011124","Dates fresh","Total disposition","Tonnes","288","thousands","3","v54326482","1.84.11","111.37","","","","2"
"2021","Canada","2021A000011124","Dates fresh","Domestic disappearance","Tonnes","288","thousands","3","v109085","1.84.1","74.46","","","","2"
"2022","Canada","2021A000011124","Dates fresh","Domestic disappearance","Tonnes","288","thousands","3","v109085","1.84.1","67.93","","","","2"
"2023","Canada","2021A000011124","Dates fresh","Domestic disappearance","Tonnes","288","thousands","3","v109085","1.84.1","74.92","","","","2"
"2024","Canada","2021A000011124","Dates fresh","Domestic disappearance","Tonnes","288","thousands","3","v109085","1.84.1","91.23","","","","2"
"2025","Canada","2021A000011124","Dates fresh","Domestic disappearance","Tonnes","288","thousands","3","v109085","1.84.1","111.37","","","","2"
"2021","Canada","2021A000011124","Dates fresh","Exports","Tonnes","288","thousands","3","v109091","1.84.7","0.00","","","","2"
"2022","Canada","2021A000011124","Dates fresh","Exports","Tonnes","288","thousands","3","v109091","1.84.7","0.00","","","","2"
"2023","Canada","2021A000011124","Dates fresh","Exports","Tonnes","288","thousands","3","v109091","1.84.7","0.00","","","","2"
"2024","Canada","2021A000011124","Dates fresh","Exports","Tonnes","288","thousands","3","v109091","1.84.7","0.00","","","","2"
"2025","Canada","2021A000011124","Dates fresh","Exports","Tonnes","288","thousands","3","v109091","1.84.7","0.00","","","","2"
"2021","Canada","2021A000011124","Figs fresh","Total supply","Tonnes","288","thousands","3","v109098","1.85.2","","..","","","2"
"2022","Canada","2021A000011124","Figs fresh","Total supply","Tonnes","288","thousands","3","v109098","1.85.2","","..","","","2"
"2023","Canada","2021A000011124","Figs fresh","Total supply","Tonnes","288","thousands","3","v109098","1.85.2","","..","","","2"
"2024","Canada","2021A000011124","Figs fresh","Total supply","Tonnes","288","thousands","3","v109098","1.85.2","","..","","","2"
"2025","Canada","2021A000011124","Figs fresh","Total supply","Tonnes","288","thousands","3","v109098","1.85.2","","..","","","2"
"2021","Canada","2021A000011124","Figs fresh","Imports","Tonnes","288","thousands","3","v109101","1.85.5","17.90","","","","2"
"2022","Canada","2021A000011124","Figs fresh","Imports","Tonnes","288","thousands","3","v109101","1.85.5","20.96","","","","2"
"2023","Canada","2021A000011124","Figs fresh","Imports","Tonnes","288","thousands","3","v109101","1.85.5","19.30","","","","2"
"2024","Canada","2021A000011124","Figs fresh","Imports","Tonnes","288","thousands","3","v109101","1.85.5","21.31","","","","2"
"2025","Canada","2021A000011124","Figs fresh","Imports","Tonnes","288","thousands","3","v109101","1.85.5","21.07","","","","2"
"2021","Canada","2021A000011124","Figs fresh","Total disposition","Tonnes","288","thousands","3","v54326483","1.85.11","17.90","","","","2"
"2022","Canada","2021A000011124","Figs fresh","Total disposition","Tonnes","288","thousands","3","v54326483","1.85.11","20.96","","","","2"
"2023","Canada","2021A000011124","Figs fresh","Total disposition","Tonnes","288","thousands","3","v54326483","1.85.11","19.30","","","","2"
"2024","Canada","2021A000011124","Figs fresh","Total disposition","Tonnes","288","thousands","3","v54326483","1.85.11","21.31","","","","2"
"2025","Canada","2021A000011124","Figs fresh","Total disposition","Tonnes","288","thousands","3","v54326483","1.85.11","21.07","","","","2"
"2021","Canada","2021A000011124","Figs fresh","Domestic disappearance","Tonnes","288","thousands","3","v109097","1.85.1","17.90","","","","2"
"2022","Canada","2021A000011124","Figs fresh","Domestic disappearance","Tonnes","288","thousands","3","v109097","1.85.1","20.96","","","","2"
"2023","Canada","2021A000011124","Figs fresh","Domestic disappearance","Tonnes","288","thousands","3","v109097","1.85.1","19.30","","","","2"
"2024","Canada","2021A000011124","Figs fresh","Domestic disappearance","Tonnes","288","thousands","3","v109097","1.85.1","21.31","","","","2"
"2025","Canada","2021A000011124","Figs fresh","Domestic disappearance","Tonnes","288","thousands","3","v109097","1.85.1","21.07","","","","2"
"2021","Canada","2021A000011124","Figs fresh","Exports","Tonnes","288","thousands","3","v109103","1.85.7","0.00","","","","2"
"2022","Canada","2021A000011124","Figs fresh","Exports","Tonnes","288","thousands","3","v109103","1.85.7","0.00","","","","2"
"2023","Canada","2021A000011124","Figs fresh","Exports","Tonnes","288","thousands","3","v109103","1.85.7","0.00","","","","2"
"2024","Canada","2021A000011124","Figs fresh","Exports","Tonnes","288","thousands","3","v109103","1.85.7","0.00","","","","2"
"2025","Canada","2021A000011124","Figs fresh","Exports","Tonnes","288","thousands","3","v109103","1.85.7","0.00","","","","2"
"2021","Canada","2021A000011124","Grapes fresh","Total supply","Tonnes","288","thousands","3","v109110","1.86.2","286.55","","","","2"
"2022","Canada","2021A000011124","Grapes fresh","Total supply","Tonnes","288","thousands","3","v109110","1.86.2","275.34","","","","2"
"2023","Canada","2021A000011124","Grapes fresh","Total supply","Tonnes","288","thousands","3","v109110","1.86.2","272.92","","","","2"
"2024","Canada","2021A000011124","Grapes fresh","Total supply","Tonnes","288","thousands","3","v109110","1.86.2","263.84","","","","2"
"2025","Canada","2021A000011124","Grapes fresh","Total supply","Tonnes","288","thousands","3","v109110","1.86.2","286.98","","","","2"
"2021","Canada","2021A000011124","Grapes fresh","Production","Tonnes","288","thousands","3","v109112","1.86.4","102.24","","","","2"
"2022","Canada","2021A000011124","Grapes fresh","Production","Tonnes","288","thousands","3","v109112","1.86.4","89.01","","","","2"
"2023","Canada","2021A000011124","Grapes fresh","Production","Tonnes","288","thousands","3","v109112","1.86.4","99.57","","","","2"
"2024","Canada","2021A000011124","Grapes fresh","Production","Tonnes","288","thousands","3","v109112","1.86.4","75.33","","","","2"
"2025","Canada","2021A000011124","Grapes fresh","Production","Tonnes","288","thousands","3","v109112","1.86.4","92.24","","","","2"
"2021","Canada","2021A000011124","Grapes fresh","Imports","Tonnes","288","thousands","3","v109113","1.86.5","184.31","","","","2"
"2022","Canada","2021A000011124","Grapes fresh","Imports","Tonnes","288","thousands","3","v109113","1.86.5","186.33","","","","2"
"2023","Canada","2021A000011124","Grapes fresh","Imports","Tonnes","288","thousands","3","v109113","1.86.5","173.35","","","","2"
"2024","Canada","2021A000011124","Grapes fresh","Imports","Tonnes","288","thousands","3","v109113","1.86.5","188.51","","","","2"
"2025","Canada","2021A000011124","Grapes fresh","Imports","Tonnes","288","thousands","3","v109113","1.86.5","194.74","","","","2"
"2021","Canada","2021A000011124","Grapes fresh","Total disposition","Tonnes","288","thousands","3","v54326484","1.86.11","286.55","","","","2"
"2022","Canada","2021A000011124","Grapes fresh","Total disposition","Tonnes","288","thousands","3","v54326484","1.86.11","275.34","","","","2"
"2023","Canada","2021A000011124","Grapes fresh","Total disposition","Tonnes","288","thousands","3","v54326484","1.86.11","272.92","","","","2"
"2024","Canada","2021A000011124","Grapes fresh","Total disposition","Tonnes","288","thousands","3","v54326484","1.86.11","263.84","","","","2"
"2025","Canada","2021A000011124","Grapes fresh","Total disposition","Tonnes","288","thousands","3","v54326484","1.86.11","286.98","","","","2"
"2021","Canada","2021A000011124","Grapes fresh","Domestic disappearance","Tonnes","288","thousands","3","v109109","1.86.1","167.92","","","","2"
"2022","Canada","2021A000011124","Grapes fresh","Domestic disappearance","Tonnes","288","thousands","3","v109109","1.86.1","171.07","","","","2"
"2023","Canada","2021A000011124","Grapes fresh","Domestic disappearance","Tonnes","288","thousands","3","v109109","1.86.1","157.45","","","","2"
"2024","Canada","2021A000011124","Grapes fresh","Domestic disappearance","Tonnes","288","thousands","3","v109109","1.86.1","172.44","","","","2"
"2025","Canada","2021A000011124","Grapes fresh","Domestic disappearance","Tonnes","288","thousands","3","v109109","1.86.1","178.66","","","","2"
"2021","Canada","2021A000011124","Grapes fresh","Exports","Tonnes","288","thousands","3","v109115","1.86.7","2.32","","","","2"
"2022","Canada","2021A000011124","Grapes fresh","Exports","Tonnes","288","thousands","3","v109115","1.86.7","0.65","","","","2"
"2023","Canada","2021A000011124","Grapes fresh","Exports","Tonnes","288","thousands","3","v109115","1.86.7","2.53","","","","2"
"2024","Canada","2021A000011124","Grapes fresh","Exports","Tonnes","288","thousands","3","v109115","1.86.7","0.48","","","","2"
"2025","Canada","2021A000011124","Grapes fresh","Exports","Tonnes","288","thousands","3","v109115","1.86.7","0.75","","","","2"
"2021","Canada","2021A000011124","Grapes fresh","Manufacturing","Tonnes","288","thousands","3","v109116","1.86.8","99.71","","","","2"
"2022","Canada","2021A000011124","Grapes fresh","Manufacturing","Tonnes","288","thousands","3","v109116","1.86.8","86.70","","","","2"
"2023","Canada","2021A000011124","Grapes fresh","Manufacturing","Tonnes","288","thousands","3","v109116","1.86.8","97.36","","","","2"
"2024","Canada","2021A000011124","Grapes fresh","Manufacturing","Tonnes","288","thousands","3","v109116","1.86.8","73.86","","","","2"
"2025","Canada","2021A000011124","Grapes fresh","Manufacturing","Tonnes","288","thousands","3","v109116","1.86.8","89.90","","","","2"
"2021","Canada","2021A000011124","Grapes fresh","Waste","Tonnes","288","thousands","3","v109117","1.86.9","16.61","","","","2"
"2022","Canada","2021A000011124","Grapes fresh","Waste","Tonnes","288","thousands","3","v109117","1.86.9","16.92","","","","2"
"2023","Canada","2021A000011124","Grapes fresh","Waste","Tonnes","288","thousands","3","v109117","1.86.9","15.57","","","","2"
"2024","Canada","2021A000011124","Grapes fresh","Waste","Tonnes","288","thousands","3","v109117","1.86.9","17.05","","","","2"
"2025","Canada","2021A000011124","Grapes fresh","Waste","Tonnes","288","thousands","3","v109117","1.86.9","17.67","","","","2"
"2021","Canada","2021A000011124","Grape juice","Total supply","Tonnes","288","thousands","3","v109122","1.87.2","","..","","","2"
"2022","Canada","2021A000011124","Grape juice","Total supply","Tonnes","288","thousands","3","v109122","1.87.2","","..","","","2"
"2023","Canada","2021A000011124","Grape juice","Total supply","Tonnes","288","thousands","3","v109122","1.87.2","","..","","","2"
"2024","Canada","2021A000011124","Grape juice","Total supply","Tonnes","288","thousands","3","v109122","1.87.2","","..","","","2"
"2025","Canada","2021A000011124","Grape juice","Total supply","Tonnes","288","thousands","3","v109122","1.87.2","","..","","","2"
"2021","Canada","2021A000011124","Grape juice","Imports","Tonnes","288","thousands","3","v109125","1.87.5","85.64","","","","2"
"2022","Canada","2021A000011124","Grape juice","Imports","Tonnes","288","thousands","3","v109125","1.87.5","66.23","","","","2"
"2023","Canada","2021A000011124","Grape juice","Imports","Tonnes","288","thousands","3","v109125","1.87.5","52.85","","","","2"
"2024","Canada","2021A000011124","Grape juice","Imports","Tonnes","288","thousands","3","v109125","1.87.5","","..","","","2"
"2025","Canada","2021A000011124","Grape juice","Imports","Tonnes","288","thousands","3","v109125","1.87.5","58.41","","","","2"
"2021","Canada","2021A000011124","Grape juice","Total disposition","Tonnes","288","thousands","3","v54326485","1.87.11","85.64","","","","2"
"2022","Canada","2021A000011124","Grape juice","Total disposition","Tonnes","288","thousands","3","v54326485","1.87.11","66.23","","","","2"
"2023","Canada","2021A000011124","Grape juice","Total disposition","Tonnes","288","thousands","3","v54326485","1.87.11","52.85","","","","2"
"2024","Canada","2021A000011124","Grape juice","Total disposition","Tonnes","288","thousands","3","v54326485","1.87.11","","..","","","2"
"2025","Canada","2021A000011124","Grape juice","Total disposition","Tonnes","288","thousands","3","v54326485","1.87.11","58.41","","","","2"
"2021","Canada","2021A000011124","Grape juice","Domestic disappearance","Tonnes","288","thousands","3","v109121","1.87.1","78.28","","","","2"
"2022","Canada","2021A000011124","Grape juice","Domestic disappearance","Tonnes","288","thousands","3","v109121","1.87.1","58.12","","","","2"
"2023","Canada","2021A000011124","Grape juice","Domestic disappearance","Tonnes","288","thousands","3","v109121","1.87.1","45.69","","","","2"
"2024","Canada","2021A000011124","Grape juice","Domestic disappearance","Tonnes","288","thousands","3","v109121","1.87.1","","..","","","2"
"2025","Canada","2021A000011124","Grape juice","Domestic disappearance","Tonnes","288","thousands","3","v109121","1.87.1","52.88","","","","2"
"2021","Canada","2021A000011124","Grape juice","Exports","Tonnes","288","thousands","3","v109127","1.87.7","7.36","","","","2"
"2022","Canada","2021A000011124","Grape juice","Exports","Tonnes","288","thousands","3","v109127","1.87.7","8.10","","","","2"
"2023","Canada","2021A000011124","Grape juice","Exports","Tonnes","288","thousands","3","v109127","1.87.7","7.16","","","","2"
"2024","Canada","2021A000011124","Grape juice","Exports","Tonnes","288","thousands","3","v109127","1.87.7","","..","","","2"
"2025","Canada","2021A000011124","Grape juice","Exports","Tonnes","288","thousands","3","v109127","1.87.7","5.53","","","","2"
"2021","Canada","2021A000011124","Guavas and mangoes fresh","Total supply","Tonnes","288","thousands","3","v109135","1.88.2","","..","","","2"
"2022","Canada","2021A000011124","Guavas and mangoes fresh","Total supply","Tonnes","288","thousands","3","v109135","1.88.2","","..","","","2"
"2023","Canada","2021A000011124","Guavas and mangoes fresh","Total supply","Tonnes","288","thousands","3","v109135","1.88.2","","..","","","2"
"2024","Canada","2021A000011124","Guavas and mangoes fresh","Total supply","Tonnes","288","thousands","3","v109135","1.88.2","","..","","","2"
"2025","Canada","2021A000011124","Guavas and mangoes fresh","Total supply","Tonnes","288","thousands","3","v109135","1.88.2","","..","","","2"
"2021","Canada","2021A000011124","Guavas and mangoes fresh","Imports","Tonnes","288","thousands","3","v109138","1.88.5","77.99","","","","2"
"2022","Canada","2021A000011124","Guavas and mangoes fresh","Imports","Tonnes","288","thousands","3","v109138","1.88.5","74.12","","","","2"
"2023","Canada","2021A000011124","Guavas and mangoes fresh","Imports","Tonnes","288","thousands","3","v109138","1.88.5","78.06","","","","2"
"2024","Canada","2021A000011124","Guavas and mangoes fresh","Imports","Tonnes","288","thousands","3","v109138","1.88.5","75.49","","","","2"
"2025","Canada","2021A000011124","Guavas and mangoes fresh","Imports","Tonnes","288","thousands","3","v109138","1.88.5","83.79","","","","2"
"2021","Canada","2021A000011124","Guavas and mangoes fresh","Total disposition","Tonnes","288","thousands","3","v54326486","1.88.11","77.99","","","","2"
"2022","Canada","2021A000011124","Guavas and mangoes fresh","Total disposition","Tonnes","288","thousands","3","v54326486","1.88.11","74.12","","","","2"
"2023","Canada","2021A000011124","Guavas and mangoes fresh","Total disposition","Tonnes","288","thousands","3","v54326486","1.88.11","78.06","","","","2"
"2024","Canada","2021A000011124","Guavas and mangoes fresh","Total disposition","Tonnes","288","thousands","3","v54326486","1.88.11","75.49","","","","2"
"2025","Canada","2021A000011124","Guavas and mangoes fresh","Total disposition","Tonnes","288","thousands","3","v54326486","1.88.11","83.79","","","","2"
"2021","Canada","2021A000011124","Guavas and mangoes fresh","Domestic disappearance","Tonnes","288","thousands","3","v109134","1.88.1","74.09","","","","2"
"2022","Canada","2021A000011124","Guavas and mangoes fresh","Domestic disappearance","Tonnes","288","thousands","3","v109134","1.88.1","70.41","","","","2"
"2023","Canada","2021A000011124","Guavas and mangoes fresh","Domestic disappearance","Tonnes","288","thousands","3","v109134","1.88.1","74.16","","","","2"
"2024","Canada","2021A000011124","Guavas and mangoes fresh","Domestic disappearance","Tonnes","288","thousands","3","v109134","1.88.1","71.71","","","","2"
"2025","Canada","2021A000011124","Guavas and mangoes fresh","Domestic disappearance","Tonnes","288","thousands","3","v109134","1.88.1","79.60","","","","2"
"2021","Canada","2021A000011124","Guavas and mangoes fresh","Exports","Tonnes","288","thousands","3","v109140","1.88.7","0.00","","","","2"
"2022","Canada","2021A000011124","Guavas and mangoes fresh","Exports","Tonnes","288","thousands","3","v109140","1.88.7","0.00","","","","2"
"2023","Canada","2021A000011124","Guavas and mangoes fresh","Exports","Tonnes","288","thousands","3","v109140","1.88.7","0.00","","","","2"
"2024","Canada","2021A000011124","Guavas and mangoes fresh","Exports","Tonnes","288","thousands","3","v109140","1.88.7","0.00","","","","2"
"2025","Canada","2021A000011124","Guavas and mangoes fresh","Exports","Tonnes","288","thousands","3","v109140","1.88.7","0.00","","","","2"
"2021","Canada","2021A000011124","Guavas and mangoes fresh","Waste","Tonnes","288","thousands","3","v109142","1.88.9","3.90","","","","2"
"2022","Canada","2021A000011124","Guavas and mangoes fresh","Waste","Tonnes","288","thousands","3","v109142","1.88.9","3.71","","","","2"
"2023","Canada","2021A000011124","Guavas and mangoes fresh","Waste","Tonnes","288","thousands","3","v109142","1.88.9","3.90","","","","2"
"2024","Canada","2021A000011124","Guavas and mangoes fresh","Waste","Tonnes","288","thousands","3","v109142","1.88.9","3.77","","","","2"
"2025","Canada","2021A000011124","Guavas and mangoes fresh","Waste","Tonnes","288","thousands","3","v109142","1.88.9","4.19","","","","2"
"2021","Canada","2021A000011124","Kiwis fresh","Total supply","Tonnes","288","thousands","3","v109147","1.89.2","25.49","","","","2"
"2022","Canada","2021A000011124","Kiwis fresh","Total supply","Tonnes","288","thousands","3","v109147","1.89.2","26.70","","","","2"
"2023","Canada","2021A000011124","Kiwis fresh","Total supply","Tonnes","288","thousands","3","v109147","1.89.2","23.05","","","","2"
"2024","Canada","2021A000011124","Kiwis fresh","Total supply","Tonnes","288","thousands","3","v109147","1.89.2","24.99","","","","2"
"2025","Canada","2021A000011124","Kiwis fresh","Total supply","Tonnes","288","thousands","3","v109147","1.89.2","31.80","","","","2"
"2021","Canada","2021A000011124","Kiwis fresh","Production","Tonnes","288","thousands","3","v109149","1.89.4","0.03","","","","2"
"2022","Canada","2021A000011124","Kiwis fresh","Production","Tonnes","288","thousands","3","v109149","1.89.4","0.05","E","","","2"
"2023","Canada","2021A000011124","Kiwis fresh","Production","Tonnes","288","thousands","3","v109149","1.89.4","0.05","","","","2"
"2024","Canada","2021A000011124","Kiwis fresh","Production","Tonnes","288","thousands","3","v109149","1.89.4","0.05","","","","2"
"2025","Canada","2021A000011124","Kiwis fresh","Production","Tonnes","288","thousands","3","v109149","1.89.4","0.05","","","","2"
"2021","Canada","2021A000011124","Kiwis fresh","Imports","Tonnes","288","thousands","3","v109150","1.89.5","25.45","","","","2"
"2022","Canada","2021A000011124","Kiwis fresh","Imports","Tonnes","288","thousands","3","v109150","1.89.5","26.65","","","","2"
"2023","Canada","2021A000011124","Kiwis fresh","Imports","Tonnes","288","thousands","3","v109150","1.89.5","22.99","","","","2"
"2024","Canada","2021A000011124","Kiwis fresh","Imports","Tonnes","288","thousands","3","v109150","1.89.5","24.94","","","","2"
"2025","Canada","2021A000011124","Kiwis fresh","Imports","Tonnes","288","thousands","3","v109150","1.89.5","31.74","","","","2"
"2021","Canada","2021A000011124","Kiwis fresh","Total disposition","Tonnes","288","thousands","3","v54326487","1.89.11","25.49","","","","2"
"2022","Canada","2021A000011124","Kiwis fresh","Total disposition","Tonnes","288","thousands","3","v54326487","1.89.11","26.70","","","","2"
"2023","Canada","2021A000011124","Kiwis fresh","Total disposition","Tonnes","288","thousands","3","v54326487","1.89.11","23.05","","","","2"
"2024","Canada","2021A000011124","Kiwis fresh","Total disposition","Tonnes","288","thousands","3","v54326487","1.89.11","24.99","","","","2"
"2025","Canada","2021A000011124","Kiwis fresh","Total disposition","Tonnes","288","thousands","3","v54326487","1.89.11","31.80","","","","2"
"2021","Canada","2021A000011124","Kiwis fresh","Domestic disappearance","Tonnes","288","thousands","3","v109146","1.89.1","23.19","","","","2"
"2022","Canada","2021A000011124","Kiwis fresh","Domestic disappearance","Tonnes","288","thousands","3","v109146","1.89.1","24.30","","","","2"
"2023","Canada","2021A000011124","Kiwis fresh","Domestic disappearance","Tonnes","288","thousands","3","v109146","1.89.1","20.97","","","","2"
"2024","Canada","2021A000011124","Kiwis fresh","Domestic disappearance","Tonnes","288","thousands","3","v109146","1.89.1","22.74","","","","2"
"2025","Canada","2021A000011124","Kiwis fresh","Domestic disappearance","Tonnes","288","thousands","3","v109146","1.89.1","28.94","","","","2"
"2021","Canada","2021A000011124","Kiwis fresh","Waste","Tonnes","288","thousands","3","v109154","1.89.9","2.29","","","","2"
"2022","Canada","2021A000011124","Kiwis fresh","Waste","Tonnes","288","thousands","3","v109154","1.89.9","2.40","","","","2"
"2023","Canada","2021A000011124","Kiwis fresh","Waste","Tonnes","288","thousands","3","v109154","1.89.9","2.07","","","","2"
"2024","Canada","2021A000011124","Kiwis fresh","Waste","Tonnes","288","thousands","3","v109154","1.89.9","2.25","","","","2"
"2025","Canada","2021A000011124","Kiwis fresh","Waste","Tonnes","288","thousands","3","v109154","1.89.9","2.86","","","","2"
"2021","Canada","2021A000011124","Melons, musk and cantaloupes fresh","Total supply","Tonnes","288","thousands","3","v109159","1.90.2","","..","","","2"
"2022","Canada","2021A000011124","Melons, musk and cantaloupes fresh","Total supply","Tonnes","288","thousands","3","v109159","1.90.2","","..","","","2"
"2023","Canada","2021A000011124","Melons, musk and cantaloupes fresh","Total supply","Tonnes","288","thousands","3","v109159","1.90.2","","..","","","2"
"2024","Canada","2021A000011124","Melons, musk and cantaloupes fresh","Total supply","Tonnes","288","thousands","3","v109159","1.90.2","","..","","","2"
"2025","Canada","2021A000011124","Melons, musk and cantaloupes fresh","Total supply","Tonnes","288","thousands","3","v109159","1.90.2","","..","","","2"
"2021","Canada","2021A000011124","Melons, musk and cantaloupes fresh","Imports","Tonnes","288","thousands","3","v109162","1.90.5","72.51","","","","2"
"2022","Canada","2021A000011124","Melons, musk and cantaloupes fresh","Imports","Tonnes","288","thousands","3","v109162","1.90.5","74.10","","","","2"
"2023","Canada","2021A000011124","Melons, musk and cantaloupes fresh","Imports","Tonnes","288","thousands","3","v109162","1.90.5","81.56","","","","2"
"2024","Canada","2021A000011124","Melons, musk and cantaloupes fresh","Imports","Tonnes","288","thousands","3","v109162","1.90.5","78.17","","","","2"
"2025","Canada","2021A000011124","Melons, musk and cantaloupes fresh","Imports","Tonnes","288","thousands","3","v109162","1.90.5","80.03","","","","2"
"2021","Canada","2021A000011124","Melons, musk and cantaloupes fresh","Total disposition","Tonnes","288","thousands","3","v54326488","1.90.11","72.51","","","","2"
"2022","Canada","2021A000011124","Melons, musk and cantaloupes fresh","Total disposition","Tonnes","288","thousands","3","v54326488","1.90.11","74.10","","","","2"
"2023","Canada","2021A000011124","Melons, musk and cantaloupes fresh","Total disposition","Tonnes","288","thousands","3","v54326488","1.90.11","81.56","","","","2"
"2024","Canada","2021A000011124","Melons, musk and cantaloupes fresh","Total disposition","Tonnes","288","thousands","3","v54326488","1.90.11","78.17","","","","2"
"2025","Canada","2021A000011124","Melons, musk and cantaloupes fresh","Total disposition","Tonnes","288","thousands","3","v54326488","1.90.11","80.03","","","","2"
"2021","Canada","2021A000011124","Melons, musk and cantaloupes fresh","Domestic disappearance","Tonnes","288","thousands","3","v109158","1.90.1","66.70","","","","2"
"2022","Canada","2021A000011124","Melons, musk and cantaloupes fresh","Domestic disappearance","Tonnes","288","thousands","3","v109158","1.90.1","68.17","","","","2"
"2023","Canada","2021A000011124","Melons, musk and cantaloupes fresh","Domestic disappearance","Tonnes","288","thousands","3","v109158","1.90.1","75.04","","","","2"
"2024","Canada","2021A000011124","Melons, musk and cantaloupes fresh","Domestic disappearance","Tonnes","288","thousands","3","v109158","1.90.1","71.92","","","","2"
"2025","Canada","2021A000011124","Melons, musk and cantaloupes fresh","Domestic disappearance","Tonnes","288","thousands","3","v109158","1.90.1","73.63","","","","2"
"2021","Canada","2021A000011124","Melons, musk and cantaloupes fresh","Waste","Tonnes","288","thousands","3","v109166","1.90.9","5.80","","","","2"
"2022","Canada","2021A000011124","Melons, musk and cantaloupes fresh","Waste","Tonnes","288","thousands","3","v109166","1.90.9","5.93","","","","2"
"2023","Canada","2021A000011124","Melons, musk and cantaloupes fresh","Waste","Tonnes","288","thousands","3","v109166","1.90.9","6.53","","","","2"
"2024","Canada","2021A000011124","Melons, musk and cantaloupes fresh","Waste","Tonnes","288","thousands","3","v109166","1.90.9","6.25","","","","2"
"2025","Canada","2021A000011124","Melons, musk and cantaloupes fresh","Waste","Tonnes","288","thousands","3","v109166","1.90.9","6.40","","","","2"
"2021","Canada","2021A000011124","Other fresh melons","Total supply","Tonnes","288","thousands","3","v109171","1.91.2","62.12","","","","2"
"2022","Canada","2021A000011124","Other fresh melons","Total supply","Tonnes","288","thousands","3","v109171","1.91.2","57.88","","","","2"
"2023","Canada","2021A000011124","Other fresh melons","Total supply","Tonnes","288","thousands","3","v109171","1.91.2","62.15","","","","2"
"2024","Canada","2021A000011124","Other fresh melons","Total supply","Tonnes","288","thousands","3","v109171","1.91.2","67.31","","","","2"
"2025","Canada","2021A000011124","Other fresh melons","Total supply","Tonnes","288","thousands","3","v109171","1.91.2","73.89","","","","2"
"2021","Canada","2021A000011124","Other fresh melons","Production","Tonnes","288","thousands","3","v109173","1.91.4","10.94","","","","2"
"2022","Canada","2021A000011124","Other fresh melons","Production","Tonnes","288","thousands","3","v109173","1.91.4","10.68","","","","2"
"2023","Canada","2021A000011124","Other fresh melons","Production","Tonnes","288","thousands","3","v109173","1.91.4","12.32","","","","2"
"2024","Canada","2021A000011124","Other fresh melons","Production","Tonnes","288","thousands","3","v109173","1.91.4","13.42","","","","2"
"2025","Canada","2021A000011124","Other fresh melons","Production","Tonnes","288","thousands","3","v109173","1.91.4","13.68","","","","2"
"2021","Canada","2021A000011124","Other fresh melons","Imports","Tonnes","288","thousands","3","v109174","1.91.5","51.18","","","","2"
"2022","Canada","2021A000011124","Other fresh melons","Imports","Tonnes","288","thousands","3","v109174","1.91.5","47.21","","","","2"
"2023","Canada","2021A000011124","Other fresh melons","Imports","Tonnes","288","thousands","3","v109174","1.91.5","49.83","","","","2"
"2024","Canada","2021A000011124","Other fresh melons","Imports","Tonnes","288","thousands","3","v109174","1.91.5","53.89","","","","2"
"2025","Canada","2021A000011124","Other fresh melons","Imports","Tonnes","288","thousands","3","v109174","1.91.5","60.21","","","","2"
"2021","Canada","2021A000011124","Other fresh melons","Total disposition","Tonnes","288","thousands","3","v54326489","1.91.11","62.12","","","","2"
"2022","Canada","2021A000011124","Other fresh melons","Total disposition","Tonnes","288","thousands","3","v54326489","1.91.11","57.88","","","","2"
"2023","Canada","2021A000011124","Other fresh melons","Total disposition","Tonnes","288","thousands","3","v54326489","1.91.11","62.15","","","","2"
"2024","Canada","2021A000011124","Other fresh melons","Total disposition","Tonnes","288","thousands","3","v54326489","1.91.11","67.31","","","","2"
"2025","Canada","2021A000011124","Other fresh melons","Total disposition","Tonnes","288","thousands","3","v54326489","1.91.11","73.89","","","","2"
"2021","Canada","2021A000011124","Other fresh melons","Domestic disappearance","Tonnes","288","thousands","3","v109170","1.91.1","57.00","","","","2"
"2022","Canada","2021A000011124","Other fresh melons","Domestic disappearance","Tonnes","288","thousands","3","v109170","1.91.1","52.71","","","","2"
"2023","Canada","2021A000011124","Other fresh melons","Domestic disappearance","Tonnes","288","thousands","3","v109170","1.91.1","55.73","","","","2"
"2024","Canada","2021A000011124","Other fresh melons","Domestic disappearance","Tonnes","288","thousands","3","v109170","1.91.1","61.59","","","","2"
"2025","Canada","2021A000011124","Other fresh melons","Domestic disappearance","Tonnes","288","thousands","3","v109170","1.91.1","67.86","","","","2"
"2021","Canada","2021A000011124","Other fresh melons","Exports","Tonnes","288","thousands","3","v109176","1.91.7","0.15","","","","2"
"2022","Canada","2021A000011124","Other fresh melons","Exports","Tonnes","288","thousands","3","v109176","1.91.7","0.59","","","","2"
"2023","Canada","2021A000011124","Other fresh melons","Exports","Tonnes","288","thousands","3","v109176","1.91.7","1.57","","","","2"
"2024","Canada","2021A000011124","Other fresh melons","Exports","Tonnes","288","thousands","3","v109176","1.91.7","0.37","","","","2"
"2025","Canada","2021A000011124","Other fresh melons","Exports","Tonnes","288","thousands","3","v109176","1.91.7","0.13","","","","2"
"2021","Canada","2021A000011124","Other fresh melons","Waste","Tonnes","288","thousands","3","v109178","1.91.9","4.96","","","","2"
"2022","Canada","2021A000011124","Other fresh melons","Waste","Tonnes","288","thousands","3","v109178","1.91.9","4.58","","","","2"
"2023","Canada","2021A000011124","Other fresh melons","Waste","Tonnes","288","thousands","3","v109178","1.91.9","4.85","","","","2"
"2024","Canada","2021A000011124","Other fresh melons","Waste","Tonnes","288","thousands","3","v109178","1.91.9","5.36","","","","2"
"2025","Canada","2021A000011124","Other fresh melons","Waste","Tonnes","288","thousands","3","v109178","1.91.9","5.90","","","","2"
"2021","Canada","2021A000011124","Watermelons fresh","Total supply","Tonnes","288","thousands","3","v109183","1.92.2","292.53","","","","2"
"2022","Canada","2021A000011124","Watermelons fresh","Total supply","Tonnes","288","thousands","3","v109183","1.92.2","251.62","","","","2"
"2023","Canada","2021A000011124","Watermelons fresh","Total supply","Tonnes","288","thousands","3","v109183","1.92.2","280.24","","","","2"
"2024","Canada","2021A000011124","Watermelons fresh","Total supply","Tonnes","288","thousands","3","v109183","1.92.2","288.56","","","","2"
"2025","Canada","2021A000011124","Watermelons fresh","Total supply","Tonnes","288","thousands","3","v109183","1.92.2","317.86","","","","2"
"2021","Canada","2021A000011124","Watermelons fresh","Production","Tonnes","288","thousands","3","v109185","1.92.4","34.78","","","","2"
"2022","Canada","2021A000011124","Watermelons fresh","Production","Tonnes","288","thousands","3","v109185","1.92.4","35.01","","","","2"
"2023","Canada","2021A000011124","Watermelons fresh","Production","Tonnes","288","thousands","3","v109185","1.92.4","37.72","","","","2"
"2024","Canada","2021A000011124","Watermelons fresh","Production","Tonnes","288","thousands","3","v109185","1.92.4","42.40","","","","2"
"2025","Canada","2021A000011124","Watermelons fresh","Production","Tonnes","288","thousands","3","v109185","1.92.4","65.52","","","","2"
"2021","Canada","2021A000011124","Watermelons fresh","Imports","Tonnes","288","thousands","3","v109186","1.92.5","257.75","","","","2"
"2022","Canada","2021A000011124","Watermelons fresh","Imports","Tonnes","288","thousands","3","v109186","1.92.5","216.60","","","","2"
"2023","Canada","2021A000011124","Watermelons fresh","Imports","Tonnes","288","thousands","3","v109186","1.92.5","242.52","","","","2"
"2024","Canada","2021A000011124","Watermelons fresh","Imports","Tonnes","288","thousands","3","v109186","1.92.5","246.16","","","","2"
"2025","Canada","2021A000011124","Watermelons fresh","Imports","Tonnes","288","thousands","3","v109186","1.92.5","252.34","","","","2"
"2021","Canada","2021A000011124","Watermelons fresh","Total disposition","Tonnes","288","thousands","3","v54326490","1.92.11","292.53","","","","2"
"2022","Canada","2021A000011124","Watermelons fresh","Total disposition","Tonnes","288","thousands","3","v54326490","1.92.11","251.62","","","","2"
"2023","Canada","2021A000011124","Watermelons fresh","Total disposition","Tonnes","288","thousands","3","v54326490","1.92.11","280.24","","","","2"
"2024","Canada","2021A000011124","Watermelons fresh","Total disposition","Tonnes","288","thousands","3","v54326490","1.92.11","288.56","","","","2"
"2025","Canada","2021A000011124","Watermelons fresh","Total disposition","Tonnes","288","thousands","3","v54326490","1.92.11","317.86","","","","2"
"2021","Canada","2021A000011124","Watermelons fresh","Domestic disappearance","Tonnes","288","thousands","3","v109182","1.92.1","262.94","","","","2"
"2022","Canada","2021A000011124","Watermelons fresh","Domestic disappearance","Tonnes","288","thousands","3","v109182","1.92.1","224.62","","","","2"
"2023","Canada","2021A000011124","Watermelons fresh","Domestic disappearance","Tonnes","288","thousands","3","v109182","1.92.1","251.69","","","","2"
"2024","Canada","2021A000011124","Watermelons fresh","Domestic disappearance","Tonnes","288","thousands","3","v109182","1.92.1","258.45","","","","2"
"2025","Canada","2021A000011124","Watermelons fresh","Domestic disappearance","Tonnes","288","thousands","3","v109182","1.92.1","285.81","","","","2"
"2021","Canada","2021A000011124","Watermelons fresh","Exports","Tonnes","288","thousands","3","v107744667","1.92.7","0.38","","","","2"
"2022","Canada","2021A000011124","Watermelons fresh","Exports","Tonnes","288","thousands","3","v107744667","1.92.7","2.04","","","","2"
"2023","Canada","2021A000011124","Watermelons fresh","Exports","Tonnes","288","thousands","3","v107744667","1.92.7","0.58","","","","2"
"2024","Canada","2021A000011124","Watermelons fresh","Exports","Tonnes","288","thousands","3","v107744667","1.92.7","1.39","","","","2"
"2025","Canada","2021A000011124","Watermelons fresh","Exports","Tonnes","288","thousands","3","v107744667","1.92.7","0.30","","","","2"
"2021","Canada","2021A000011124","Watermelons fresh","Waste","Tonnes","288","thousands","3","v109190","1.92.9","29.22","","","","2"
"2022","Canada","2021A000011124","Watermelons fresh","Waste","Tonnes","288","thousands","3","v109190","1.92.9","24.96","","","","2"
"2023","Canada","2021A000011124","Watermelons fresh","Waste","Tonnes","288","thousands","3","v109190","1.92.9","27.97","","","","2"
"2024","Canada","2021A000011124","Watermelons fresh","Waste","Tonnes","288","thousands","3","v109190","1.92.9","28.72","","","","2"
"2025","Canada","2021A000011124","Watermelons fresh","Waste","Tonnes","288","thousands","3","v109190","1.92.9","31.76","","","","2"
"2021","Canada","2021A000011124","Wintermelons fresh","Total supply","Tonnes","288","thousands","3","v109195","1.93.2","","..","","","2"
"2022","Canada","2021A000011124","Wintermelons fresh","Total supply","Tonnes","288","thousands","3","v109195","1.93.2","","..","","","2"
"2023","Canada","2021A000011124","Wintermelons fresh","Total supply","Tonnes","288","thousands","3","v109195","1.93.2","","..","","","2"
"2024","Canada","2021A000011124","Wintermelons fresh","Total supply","Tonnes","288","thousands","3","v109195","1.93.2","","..","","","2"
"2025","Canada","2021A000011124","Wintermelons fresh","Total supply","Tonnes","288","thousands","3","v109195","1.93.2","","..","","","2"
"2021","Canada","2021A000011124","Wintermelons fresh","Imports","Tonnes","288","thousands","3","v109198","1.93.5","1.41","","","","2"
"2022","Canada","2021A000011124","Wintermelons fresh","Imports","Tonnes","288","thousands","3","v109198","1.93.5","1.17","","","","2"
"2023","Canada","2021A000011124","Wintermelons fresh","Imports","Tonnes","288","thousands","3","v109198","1.93.5","1.58","","","","2"
"2024","Canada","2021A000011124","Wintermelons fresh","Imports","Tonnes","288","thousands","3","v109198","1.93.5","2.19","","","","2"
"2025","Canada","2021A000011124","Wintermelons fresh","Imports","Tonnes","288","thousands","3","v109198","1.93.5","1.70","","","","2"
"2021","Canada","2021A000011124","Wintermelons fresh","Total disposition","Tonnes","288","thousands","3","v54326491","1.93.11","1.41","","","","2"
"2022","Canada","2021A000011124","Wintermelons fresh","Total disposition","Tonnes","288","thousands","3","v54326491","1.93.11","1.17","","","","2"
"2023","Canada","2021A000011124","Wintermelons fresh","Total disposition","Tonnes","288","thousands","3","v54326491","1.93.11","1.58","","","","2"
"2024","Canada","2021A000011124","Wintermelons fresh","Total disposition","Tonnes","288","thousands","3","v54326491","1.93.11","2.19","","","","2"
"2025","Canada","2021A000011124","Wintermelons fresh","Total disposition","Tonnes","288","thousands","3","v54326491","1.93.11","1.70","","","","2"
"2021","Canada","2021A000011124","Wintermelons fresh","Domestic disappearance","Tonnes","288","thousands","3","v109194","1.93.1","1.30","","","","2"
"2022","Canada","2021A000011124","Wintermelons fresh","Domestic disappearance","Tonnes","288","thousands","3","v109194","1.93.1","1.08","","","","2"
"2023","Canada","2021A000011124","Wintermelons fresh","Domestic disappearance","Tonnes","288","thousands","3","v109194","1.93.1","1.46","","","","2"
"2024","Canada","2021A000011124","Wintermelons fresh","Domestic disappearance","Tonnes","288","thousands","3","v109194","1.93.1","2.01","","","","2"
"2025","Canada","2021A000011124","Wintermelons fresh","Domestic disappearance","Tonnes","288","thousands","3","v109194","1.93.1","1.56","","","","2"
"2021","Canada","2021A000011124","Wintermelons fresh","Waste","Tonnes","288","thousands","3","v109202","1.93.9","0.11","","","","2"
"2022","Canada","2021A000011124","Wintermelons fresh","Waste","Tonnes","288","thousands","3","v109202","1.93.9","0.09","","","","2"
"2023","Canada","2021A000011124","Wintermelons fresh","Waste","Tonnes","288","thousands","3","v109202","1.93.9","0.13","","","","2"
"2024","Canada","2021A000011124","Wintermelons fresh","Waste","Tonnes","288","thousands","3","v109202","1.93.9","0.18","","","","2"
"2025","Canada","2021A000011124","Wintermelons fresh","Waste","Tonnes","288","thousands","3","v109202","1.93.9","0.14","","","","2"
"2021","Canada","2021A000011124","Melons total fresh","Total supply","Tonnes","288","thousands","3","v109219","1.94.2","428.56","","","","2"
"2022","Canada","2021A000011124","Melons total fresh","Total supply","Tonnes","288","thousands","3","v109219","1.94.2","384.77","","","","2"
"2023","Canada","2021A000011124","Melons total fresh","Total supply","Tonnes","288","thousands","3","v109219","1.94.2","425.53","","","","2"
"2024","Canada","2021A000011124","Melons total fresh","Total supply","Tonnes","288","thousands","3","v109219","1.94.2","436.23","","","","2"
"2025","Canada","2021A000011124","Melons total fresh","Total supply","Tonnes","288","thousands","3","v109219","1.94.2","473.48","","","","2"
"2021","Canada","2021A000011124","Melons total fresh","Production","Tonnes","288","thousands","3","v109221","1.94.4","45.72","","","","2"
"2022","Canada","2021A000011124","Melons total fresh","Production","Tonnes","288","thousands","3","v109221","1.94.4","45.69","","","","2"
"2023","Canada","2021A000011124","Melons total fresh","Production","Tonnes","288","thousands","3","v109221","1.94.4","50.04","","","","2"
"2024","Canada","2021A000011124","Melons total fresh","Production","Tonnes","288","thousands","3","v109221","1.94.4","55.83","","","","2"
"2025","Canada","2021A000011124","Melons total fresh","Production","Tonnes","288","thousands","3","v109221","1.94.4","79.20","","","","2"
"2021","Canada","2021A000011124","Melons total fresh","Imports","Tonnes","288","thousands","3","v109222","1.94.5","382.84","","","","2"
"2022","Canada","2021A000011124","Melons total fresh","Imports","Tonnes","288","thousands","3","v109222","1.94.5","339.09","","","","2"
"2023","Canada","2021A000011124","Melons total fresh","Imports","Tonnes","288","thousands","3","v109222","1.94.5","375.49","","","","2"
"2024","Canada","2021A000011124","Melons total fresh","Imports","Tonnes","288","thousands","3","v109222","1.94.5","380.40","","","","2"
"2025","Canada","2021A000011124","Melons total fresh","Imports","Tonnes","288","thousands","3","v109222","1.94.5","394.28","","","","2"
"2021","Canada","2021A000011124","Melons total fresh","Total disposition","Tonnes","288","thousands","3","v54326493","1.94.11","428.56","","","","2"
"2022","Canada","2021A000011124","Melons total fresh","Total disposition","Tonnes","288","thousands","3","v54326493","1.94.11","384.77","","","","2"
"2023","Canada","2021A000011124","Melons total fresh","Total disposition","Tonnes","288","thousands","3","v54326493","1.94.11","425.53","","","","2"
"2024","Canada","2021A000011124","Melons total fresh","Total disposition","Tonnes","288","thousands","3","v54326493","1.94.11","436.23","","","","2"
"2025","Canada","2021A000011124","Melons total fresh","Total disposition","Tonnes","288","thousands","3","v54326493","1.94.11","473.48","","","","2"
"2021","Canada","2021A000011124","Melons total fresh","Domestic disappearance","Tonnes","288","thousands","3","v109218","1.94.1","387.94","","","","2"
"2022","Canada","2021A000011124","Melons total fresh","Domestic disappearance","Tonnes","288","thousands","3","v109218","1.94.1","346.58","","","","2"
"2023","Canada","2021A000011124","Melons total fresh","Domestic disappearance","Tonnes","288","thousands","3","v109218","1.94.1","383.92","","","","2"
"2024","Canada","2021A000011124","Melons total fresh","Domestic disappearance","Tonnes","288","thousands","3","v109218","1.94.1","393.97","","","","2"
"2025","Canada","2021A000011124","Melons total fresh","Domestic disappearance","Tonnes","288","thousands","3","v109218","1.94.1","428.86","","","","2"
"2021","Canada","2021A000011124","Melons total fresh","Exports","Tonnes","288","thousands","3","v109224","1.94.7","0.53","","","","2"
"2022","Canada","2021A000011124","Melons total fresh","Exports","Tonnes","288","thousands","3","v109224","1.94.7","2.63","","","","2"
"2023","Canada","2021A000011124","Melons total fresh","Exports","Tonnes","288","thousands","3","v109224","1.94.7","2.15","","","","2"
"2024","Canada","2021A000011124","Melons total fresh","Exports","Tonnes","288","thousands","3","v109224","1.94.7","1.76","","","","2"
"2025","Canada","2021A000011124","Melons total fresh","Exports","Tonnes","288","thousands","3","v109224","1.94.7","0.43","","","","2"
"2021","Canada","2021A000011124","Melons total fresh","Waste","Tonnes","288","thousands","3","v109226","1.94.9","40.09","","","","2"
"2022","Canada","2021A000011124","Melons total fresh","Waste","Tonnes","288","thousands","3","v109226","1.94.9","35.56","","","","2"
"2023","Canada","2021A000011124","Melons total fresh","Waste","Tonnes","288","thousands","3","v109226","1.94.9","39.46","","","","2"
"2024","Canada","2021A000011124","Melons total fresh","Waste","Tonnes","288","thousands","3","v109226","1.94.9","40.50","","","","2"
"2025","Canada","2021A000011124","Melons total fresh","Waste","Tonnes","288","thousands","3","v109226","1.94.9","44.20","","","","2"
"2021","Canada","2021A000011124","Nectarines fresh","Total supply","Tonnes","288","thousands","3","v109231","1.95.2","21.38","","","","2"
"2022","Canada","2021A000011124","Nectarines fresh","Total supply","Tonnes","288","thousands","3","v109231","1.95.2","20.12","","","","2"
"2023","Canada","2021A000011124","Nectarines fresh","Total supply","Tonnes","288","thousands","3","v109231","1.95.2","17.77","","","","2"
"2024","Canada","2021A000011124","Nectarines fresh","Total supply","Tonnes","288","thousands","3","v109231","1.95.2","18.67","","","","2"
"2025","Canada","2021A000011124","Nectarines fresh","Total supply","Tonnes","288","thousands","3","v109231","1.95.2","18.12","","","","2"
"2021","Canada","2021A000011124","Nectarines fresh","Production","Tonnes","288","thousands","3","v109233","1.95.4","4.27","","","","2"
"2022","Canada","2021A000011124","Nectarines fresh","Production","Tonnes","288","thousands","3","v109233","1.95.4","4.09","","","","2"
"2023","Canada","2021A000011124","Nectarines fresh","Production","Tonnes","288","thousands","3","v109233","1.95.4","4.51","","","","2"
"2024","Canada","2021A000011124","Nectarines fresh","Production","Tonnes","288","thousands","3","v109233","1.95.4","3.61","","","","2"
"2025","Canada","2021A000011124","Nectarines fresh","Production","Tonnes","288","thousands","3","v109233","1.95.4","4.20","","","","2"
"2021","Canada","2021A000011124","Nectarines fresh","Imports","Tonnes","288","thousands","3","v109234","1.95.5","17.10","","","","2"
"2022","Canada","2021A000011124","Nectarines fresh","Imports","Tonnes","288","thousands","3","v109234","1.95.5","16.03","","","","2"
"2023","Canada","2021A000011124","Nectarines fresh","Imports","Tonnes","288","thousands","3","v109234","1.95.5","13.26","","","","2"
"2024","Canada","2021A000011124","Nectarines fresh","Imports","Tonnes","288","thousands","3","v109234","1.95.5","15.06","","","","2"
"2025","Canada","2021A000011124","Nectarines fresh","Imports","Tonnes","288","thousands","3","v109234","1.95.5","13.92","","","","2"
"2021","Canada","2021A000011124","Nectarines fresh","Total disposition","Tonnes","288","thousands","3","v54326494","1.95.11","21.38","","","","2"
"2022","Canada","2021A000011124","Nectarines fresh","Total disposition","Tonnes","288","thousands","3","v54326494","1.95.11","20.12","","","","2"
"2023","Canada","2021A000011124","Nectarines fresh","Total disposition","Tonnes","288","thousands","3","v54326494","1.95.11","17.77","","","","2"
"2024","Canada","2021A000011124","Nectarines fresh","Total disposition","Tonnes","288","thousands","3","v54326494","1.95.11","18.67","","","","2"
"2025","Canada","2021A000011124","Nectarines fresh","Total disposition","Tonnes","288","thousands","3","v54326494","1.95.11","18.12","","","","2"
"2021","Canada","2021A000011124","Nectarines fresh","Domestic disappearance","Tonnes","288","thousands","3","v109230","1.95.1","20.31","","","","2"
"2022","Canada","2021A000011124","Nectarines fresh","Domestic disappearance","Tonnes","288","thousands","3","v109230","1.95.1","19.11","","","","2"
"2023","Canada","2021A000011124","Nectarines fresh","Domestic disappearance","Tonnes","288","thousands","3","v109230","1.95.1","16.87","","","","2"
"2024","Canada","2021A000011124","Nectarines fresh","Domestic disappearance","Tonnes","288","thousands","3","v109230","1.95.1","17.73","","","","2"
"2025","Canada","2021A000011124","Nectarines fresh","Domestic disappearance","Tonnes","288","thousands","3","v109230","1.95.1","17.20","","","","2"
"2021","Canada","2021A000011124","Nectarines fresh","Waste","Tonnes","288","thousands","3","v109238","1.95.9","1.07","","","","2"
"2022","Canada","2021A000011124","Nectarines fresh","Waste","Tonnes","288","thousands","3","v109238","1.95.9","1.01","","","","2"
"2023","Canada","2021A000011124","Nectarines fresh","Waste","Tonnes","288","thousands","3","v109238","1.95.9","0.89","","","","2"
"2024","Canada","2021A000011124","Nectarines fresh","Waste","Tonnes","288","thousands","3","v109238","1.95.9","0.93","","","","2"
"2025","Canada","2021A000011124","Nectarines fresh","Waste","Tonnes","288","thousands","3","v109238","1.95.9","0.91","","","","2"
"2021","Canada","2021A000011124","Papayas fresh","Total supply","Tonnes","288","thousands","3","v109243","1.96.2","","..","","","2"
"2022","Canada","2021A000011124","Papayas fresh","Total supply","Tonnes","288","thousands","3","v109243","1.96.2","","..","","","2"
"2023","Canada","2021A000011124","Papayas fresh","Total supply","Tonnes","288","thousands","3","v109243","1.96.2","","..","","","2"
"2024","Canada","2021A000011124","Papayas fresh","Total supply","Tonnes","288","thousands","3","v109243","1.96.2","","..","","","2"
"2025","Canada","2021A000011124","Papayas fresh","Total supply","Tonnes","288","thousands","3","v109243","1.96.2","","..","","","2"
"2021","Canada","2021A000011124","Papayas fresh","Imports","Tonnes","288","thousands","3","v109246","1.96.5","21.69","","","","2"
"2022","Canada","2021A000011124","Papayas fresh","Imports","Tonnes","288","thousands","3","v109246","1.96.5","19.35","","","","2"
"2023","Canada","2021A000011124","Papayas fresh","Imports","Tonnes","288","thousands","3","v109246","1.96.5","18.97","","","","2"
"2024","Canada","2021A000011124","Papayas fresh","Imports","Tonnes","288","thousands","3","v109246","1.96.5","17.32","","","","2"
"2025","Canada","2021A000011124","Papayas fresh","Imports","Tonnes","288","thousands","3","v109246","1.96.5","19.35","","","","2"
"2021","Canada","2021A000011124","Papayas fresh","Total disposition","Tonnes","288","thousands","3","v54326495","1.96.11","21.69","","","","2"
"2022","Canada","2021A000011124","Papayas fresh","Total disposition","Tonnes","288","thousands","3","v54326495","1.96.11","19.35","","","","2"
"2023","Canada","2021A000011124","Papayas fresh","Total disposition","Tonnes","288","thousands","3","v54326495","1.96.11","18.97","","","","2"
"2024","Canada","2021A000011124","Papayas fresh","Total disposition","Tonnes","288","thousands","3","v54326495","1.96.11","17.32","","","","2"
"2025","Canada","2021A000011124","Papayas fresh","Total disposition","Tonnes","288","thousands","3","v54326495","1.96.11","19.35","","","","2"
"2021","Canada","2021A000011124","Papayas fresh","Domestic disappearance","Tonnes","288","thousands","3","v109242","1.96.1","20.61","","","","2"
"2022","Canada","2021A000011124","Papayas fresh","Domestic disappearance","Tonnes","288","thousands","3","v109242","1.96.1","18.38","","","","2"
"2023","Canada","2021A000011124","Papayas fresh","Domestic disappearance","Tonnes","288","thousands","3","v109242","1.96.1","18.03","","","","2"
"2024","Canada","2021A000011124","Papayas fresh","Domestic disappearance","Tonnes","288","thousands","3","v109242","1.96.1","16.45","","","","2"
"2025","Canada","2021A000011124","Papayas fresh","Domestic disappearance","Tonnes","288","thousands","3","v109242","1.96.1","18.38","","","","2"
"2021","Canada","2021A000011124","Papayas fresh","Waste","Tonnes","288","thousands","3","v109250","1.96.9","1.08","","","","2"
"2022","Canada","2021A000011124","Papayas fresh","Waste","Tonnes","288","thousands","3","v109250","1.96.9","0.97","","","","2"
"2023","Canada","2021A000011124","Papayas fresh","Waste","Tonnes","288","thousands","3","v109250","1.96.9","0.95","","","","2"
"2024","Canada","2021A000011124","Papayas fresh","Waste","Tonnes","288","thousands","3","v109250","1.96.9","0.87","","","","2"
"2025","Canada","2021A000011124","Papayas fresh","Waste","Tonnes","288","thousands","3","v109250","1.96.9","0.97","","","","2"
"2021","Canada","2021A000011124","Peaches fresh","Total supply","Tonnes","288","thousands","3","v109255","1.97.2","43.00","","","","2"
"2022","Canada","2021A000011124","Peaches fresh","Total supply","Tonnes","288","thousands","3","v109255","1.97.2","39.15","","","","2"
"2023","Canada","2021A000011124","Peaches fresh","Total supply","Tonnes","288","thousands","3","v109255","1.97.2","35.26","","","","2"
"2024","Canada","2021A000011124","Peaches fresh","Total supply","Tonnes","288","thousands","3","v109255","1.97.2","38.99","","","","2"
"2025","Canada","2021A000011124","Peaches fresh","Total supply","Tonnes","288","thousands","3","v109255","1.97.2","37.46","","","","2"
"2021","Canada","2021A000011124","Peaches fresh","Production","Tonnes","288","thousands","3","v109257","1.97.4","18.88","","","","2"
"2022","Canada","2021A000011124","Peaches fresh","Production","Tonnes","288","thousands","3","v109257","1.97.4","19.60","","","","2"
"2023","Canada","2021A000011124","Peaches fresh","Production","Tonnes","288","thousands","3","v109257","1.97.4","20.85","","","","2"
"2024","Canada","2021A000011124","Peaches fresh","Production","Tonnes","288","thousands","3","v109257","1.97.4","16.58","","","","2"
"2025","Canada","2021A000011124","Peaches fresh","Production","Tonnes","288","thousands","3","v109257","1.97.4","20.24","","","","2"
"2021","Canada","2021A000011124","Peaches fresh","Imports","Tonnes","288","thousands","3","v109258","1.97.5","24.12","","","","2"
"2022","Canada","2021A000011124","Peaches fresh","Imports","Tonnes","288","thousands","3","v109258","1.97.5","19.56","","","","2"
"2023","Canada","2021A000011124","Peaches fresh","Imports","Tonnes","288","thousands","3","v109258","1.97.5","14.41","","","","2"
"2024","Canada","2021A000011124","Peaches fresh","Imports","Tonnes","288","thousands","3","v109258","1.97.5","22.41","","","","2"
"2025","Canada","2021A000011124","Peaches fresh","Imports","Tonnes","288","thousands","3","v109258","1.97.5","17.22","","","","2"
"2021","Canada","2021A000011124","Peaches fresh","Total disposition","Tonnes","288","thousands","3","v54326496","1.97.11","43.00","","","","2"
"2022","Canada","2021A000011124","Peaches fresh","Total disposition","Tonnes","288","thousands","3","v54326496","1.97.11","39.15","","","","2"
"2023","Canada","2021A000011124","Peaches fresh","Total disposition","Tonnes","288","thousands","3","v54326496","1.97.11","35.26","","","","2"
"2024","Canada","2021A000011124","Peaches fresh","Total disposition","Tonnes","288","thousands","3","v54326496","1.97.11","38.99","","","","2"
"2025","Canada","2021A000011124","Peaches fresh","Total disposition","Tonnes","288","thousands","3","v54326496","1.97.11","37.46","","","","2"
"2021","Canada","2021A000011124","Peaches fresh","Domestic disappearance","Tonnes","288","thousands","3","v109254","1.97.1","39.93","","","","2"
"2022","Canada","2021A000011124","Peaches fresh","Domestic disappearance","Tonnes","288","thousands","3","v109254","1.97.1","36.47","","","","2"
"2023","Canada","2021A000011124","Peaches fresh","Domestic disappearance","Tonnes","288","thousands","3","v109254","1.97.1","32.75","","","","2"
"2024","Canada","2021A000011124","Peaches fresh","Domestic disappearance","Tonnes","288","thousands","3","v109254","1.97.1","36.85","","","","2"
"2025","Canada","2021A000011124","Peaches fresh","Domestic disappearance","Tonnes","288","thousands","3","v109254","1.97.1","35.23","","","","2"
"2021","Canada","2021A000011124","Peaches fresh","Exports","Tonnes","288","thousands","3","v107744668","1.97.7","0.13","","","","2"
"2022","Canada","2021A000011124","Peaches fresh","Exports","Tonnes","288","thousands","3","v107744668","1.97.7","0.08","","","","2"
"2023","Canada","2021A000011124","Peaches fresh","Exports","Tonnes","288","thousands","3","v107744668","1.97.7","0.11","","","","2"
"2024","Canada","2021A000011124","Peaches fresh","Exports","Tonnes","288","thousands","3","v107744668","1.97.7","0.10","","","","2"
"2025","Canada","2021A000011124","Peaches fresh","Exports","Tonnes","288","thousands","3","v107744668","1.97.7","0.04","","","","2"
"2021","Canada","2021A000011124","Peaches fresh","Manufacturing","Tonnes","288","thousands","3","v109261","1.97.8","0.84","","","","2"
"2022","Canada","2021A000011124","Peaches fresh","Manufacturing","Tonnes","288","thousands","3","v109261","1.97.8","0.67","","","","2"
"2023","Canada","2021A000011124","Peaches fresh","Manufacturing","Tonnes","288","thousands","3","v109261","1.97.8","0.68","","","","2"
"2024","Canada","2021A000011124","Peaches fresh","Manufacturing","Tonnes","288","thousands","3","v109261","1.97.8","0.10","","","","2"
"2025","Canada","2021A000011124","Peaches fresh","Manufacturing","Tonnes","288","thousands","3","v109261","1.97.8","0.34","","","","2"
"2021","Canada","2021A000011124","Peaches fresh","Waste","Tonnes","288","thousands","3","v109262","1.97.9","2.10","","","","2"
"2022","Canada","2021A000011124","Peaches fresh","Waste","Tonnes","288","thousands","3","v109262","1.97.9","1.92","","","","2"
"2023","Canada","2021A000011124","Peaches fresh","Waste","Tonnes","288","thousands","3","v109262","1.97.9","1.72","","","","2"
"2024","Canada","2021A000011124","Peaches fresh","Waste","Tonnes","288","thousands","3","v109262","1.97.9","1.94","","","","2"
"2025","Canada","2021A000011124","Peaches fresh","Waste","Tonnes","288","thousands","3","v109262","1.97.9","1.85","","","","2"
"2021","Canada","2021A000011124","Peaches canned","Total supply","Tonnes","288","thousands","3","v109267","1.98.2","","..","","","2"
"2022","Canada","2021A000011124","Peaches canned","Total supply","Tonnes","288","thousands","3","v109267","1.98.2","","..","","","2"
"2023","Canada","2021A000011124","Peaches canned","Total supply","Tonnes","288","thousands","3","v109267","1.98.2","","..","","","2"
"2024","Canada","2021A000011124","Peaches canned","Total supply","Tonnes","288","thousands","3","v109267","1.98.2","","..","","","2"
"2025","Canada","2021A000011124","Peaches canned","Total supply","Tonnes","288","thousands","3","v109267","1.98.2","","..","","","2"
"2021","Canada","2021A000011124","Peaches canned","Imports","Tonnes","288","thousands","3","v109270","1.98.5","16.92","","","","2"
"2022","Canada","2021A000011124","Peaches canned","Imports","Tonnes","288","thousands","3","v109270","1.98.5","19.24","","","","2"
"2023","Canada","2021A000011124","Peaches canned","Imports","Tonnes","288","thousands","3","v109270","1.98.5","14.51","","","","2"
"2024","Canada","2021A000011124","Peaches canned","Imports","Tonnes","288","thousands","3","v109270","1.98.5","","..","","","2"
"2025","Canada","2021A000011124","Peaches canned","Imports","Tonnes","288","thousands","3","v109270","1.98.5","16.36","","","","2"
"2021","Canada","2021A000011124","Peaches canned","Total disposition","Tonnes","288","thousands","3","v54326497","1.98.11","","..","","","2"
"2022","Canada","2021A000011124","Peaches canned","Total disposition","Tonnes","288","thousands","3","v54326497","1.98.11","","..","","","2"
"2023","Canada","2021A000011124","Peaches canned","Total disposition","Tonnes","288","thousands","3","v54326497","1.98.11","","..","","","2"
"2024","Canada","2021A000011124","Peaches canned","Total disposition","Tonnes","288","thousands","3","v54326497","1.98.11","","..","","","2"
"2025","Canada","2021A000011124","Peaches canned","Total disposition","Tonnes","288","thousands","3","v54326497","1.98.11","","..","","","2"
"2021","Canada","2021A000011124","Peaches canned","Domestic disappearance","Tonnes","288","thousands","3","v109266","1.98.1","16.10","","","","2"
"2022","Canada","2021A000011124","Peaches canned","Domestic disappearance","Tonnes","288","thousands","3","v109266","1.98.1","18.67","","","","2"
"2023","Canada","2021A000011124","Peaches canned","Domestic disappearance","Tonnes","288","thousands","3","v109266","1.98.1","14.16","","","","2"
"2024","Canada","2021A000011124","Peaches canned","Domestic disappearance","Tonnes","288","thousands","3","v109266","1.98.1","","..","","","2"
"2025","Canada","2021A000011124","Peaches canned","Domestic disappearance","Tonnes","288","thousands","3","v109266","1.98.1","16.03","","","","2"
"2021","Canada","2021A000011124","Peaches canned","Exports","Tonnes","288","thousands","3","v109272","1.98.7","0.82","","","","2"
"2022","Canada","2021A000011124","Peaches canned","Exports","Tonnes","288","thousands","3","v109272","1.98.7","0.57","","","","2"
"2023","Canada","2021A000011124","Peaches canned","Exports","Tonnes","288","thousands","3","v109272","1.98.7","0.34","","","","2"
"2024","Canada","2021A000011124","Peaches canned","Exports","Tonnes","288","thousands","3","v109272","1.98.7","","..","","","2"
"2025","Canada","2021A000011124","Peaches canned","Exports","Tonnes","288","thousands","3","v109272","1.98.7","0.33","","","","2"
"2021","Canada","2021A000011124","Pears fresh","Total supply","Tonnes","288","thousands","3","v109279","1.99.2","69.83","","","","2"
"2022","Canada","2021A000011124","Pears fresh","Total supply","Tonnes","288","thousands","3","v109279","1.99.2","65.98","","","","2"
"2023","Canada","2021A000011124","Pears fresh","Total supply","Tonnes","288","thousands","3","v109279","1.99.2","65.44","","","","2"
"2024","Canada","2021A000011124","Pears fresh","Total supply","Tonnes","288","thousands","3","v109279","1.99.2","62.70","","","","2"
"2025","Canada","2021A000011124","Pears fresh","Total supply","Tonnes","288","thousands","3","v109279","1.99.2","65.22","","","","2"
"2021","Canada","2021A000011124","Pears fresh","Production","Tonnes","288","thousands","3","v109281","1.99.4","7.47","","","","2"
"2022","Canada","2021A000011124","Pears fresh","Production","Tonnes","288","thousands","3","v109281","1.99.4","8.73","","","","2"
"2023","Canada","2021A000011124","Pears fresh","Production","Tonnes","288","thousands","3","v109281","1.99.4","9.30","","","","2"
"2024","Canada","2021A000011124","Pears fresh","Production","Tonnes","288","thousands","3","v109281","1.99.4","9.04","","","","2"
"2025","Canada","2021A000011124","Pears fresh","Production","Tonnes","288","thousands","3","v109281","1.99.4","10.06","","","","2"
"2021","Canada","2021A000011124","Pears fresh","Imports","Tonnes","288","thousands","3","v109282","1.99.5","62.36","","","","2"
"2022","Canada","2021A000011124","Pears fresh","Imports","Tonnes","288","thousands","3","v109282","1.99.5","57.26","","","","2"
"2023","Canada","2021A000011124","Pears fresh","Imports","Tonnes","288","thousands","3","v109282","1.99.5","56.15","","","","2"
"2024","Canada","2021A000011124","Pears fresh","Imports","Tonnes","288","thousands","3","v109282","1.99.5","53.65","","","","2"
"2025","Canada","2021A000011124","Pears fresh","Imports","Tonnes","288","thousands","3","v109282","1.99.5","55.16","","","","2"
"2021","Canada","2021A000011124","Pears fresh","Total disposition","Tonnes","288","thousands","3","v54326498","1.99.11","69.83","","","","2"
"2022","Canada","2021A000011124","Pears fresh","Total disposition","Tonnes","288","thousands","3","v54326498","1.99.11","65.98","","","","2"
"2023","Canada","2021A000011124","Pears fresh","Total disposition","Tonnes","288","thousands","3","v54326498","1.99.11","65.44","","","","2"
"2024","Canada","2021A000011124","Pears fresh","Total disposition","Tonnes","288","thousands","3","v54326498","1.99.11","62.70","","","","2"
"2025","Canada","2021A000011124","Pears fresh","Total disposition","Tonnes","288","thousands","3","v54326498","1.99.11","65.22","","","","2"
"2021","Canada","2021A000011124","Pears fresh","Domestic disappearance","Tonnes","288","thousands","3","v109278","1.99.1","65.02","","","","2"
"2022","Canada","2021A000011124","Pears fresh","Domestic disappearance","Tonnes","288","thousands","3","v109278","1.99.1","61.36","","","","2"
"2023","Canada","2021A000011124","Pears fresh","Domestic disappearance","Tonnes","288","thousands","3","v109278","1.99.1","60.88","","","","2"
"2024","Canada","2021A000011124","Pears fresh","Domestic disappearance","Tonnes","288","thousands","3","v109278","1.99.1","58.48","","","","2"
"2025","Canada","2021A000011124","Pears fresh","Domestic disappearance","Tonnes","288","thousands","3","v109278","1.99.1","60.74","","","","2"
"2021","Canada","2021A000011124","Pears fresh","Exports","Tonnes","288","thousands","3","v109284","1.99.7","0.31","","","","2"
"2022","Canada","2021A000011124","Pears fresh","Exports","Tonnes","288","thousands","3","v109284","1.99.7","0.08","","","","2"
"2023","Canada","2021A000011124","Pears fresh","Exports","Tonnes","288","thousands","3","v109284","1.99.7","0.26","","","","2"
"2024","Canada","2021A000011124","Pears fresh","Exports","Tonnes","288","thousands","3","v109284","1.99.7","0.24","","","","2"
"2025","Canada","2021A000011124","Pears fresh","Exports","Tonnes","288","thousands","3","v109284","1.99.7","0.31","","","","2"
"2021","Canada","2021A000011124","Pears fresh","Manufacturing","Tonnes","288","thousands","3","v109285","1.99.8","1.07","","","","2"
"2022","Canada","2021A000011124","Pears fresh","Manufacturing","Tonnes","288","thousands","3","v109285","1.99.8","1.32","","","","2"
"2023","Canada","2021A000011124","Pears fresh","Manufacturing","Tonnes","288","thousands","3","v109285","1.99.8","1.10","","","","2"
"2024","Canada","2021A000011124","Pears fresh","Manufacturing","Tonnes","288","thousands","3","v109285","1.99.8","0.89","","","","2"
"2025","Canada","2021A000011124","Pears fresh","Manufacturing","Tonnes","288","thousands","3","v109285","1.99.8","0.97","","","","2"
"2021","Canada","2021A000011124","Pears fresh","Waste","Tonnes","288","thousands","3","v109286","1.99.9","3.42","","","","2"
"2022","Canada","2021A000011124","Pears fresh","Waste","Tonnes","288","thousands","3","v109286","1.99.9","3.23","","","","2"
"2023","Canada","2021A000011124","Pears fresh","Waste","Tonnes","288","thousands","3","v109286","1.99.9","3.20","","","","2"
"2024","Canada","2021A000011124","Pears fresh","Waste","Tonnes","288","thousands","3","v109286","1.99.9","3.08","","","","2"
"2025","Canada","2021A000011124","Pears fresh","Waste","Tonnes","288","thousands","3","v109286","1.99.9","3.20","","","","2"
"2021","Canada","2021A000011124","Pears canned","Total supply","Tonnes","288","thousands","3","v109291","1.100.2","","..","","","2"
"2022","Canada","2021A000011124","Pears canned","Total supply","Tonnes","288","thousands","3","v109291","1.100.2","","..","","","2"
"2023","Canada","2021A000011124","Pears canned","Total supply","Tonnes","288","thousands","3","v109291","1.100.2","","..","","","2"
"2024","Canada","2021A000011124","Pears canned","Total supply","Tonnes","288","thousands","3","v109291","1.100.2","","..","","","2"
"2025","Canada","2021A000011124","Pears canned","Total supply","Tonnes","288","thousands","3","v109291","1.100.2","","..","","","2"
"2021","Canada","2021A000011124","Pears canned","Imports","Tonnes","288","thousands","3","v109294","1.100.5","5.41","","","","2"
"2022","Canada","2021A000011124","Pears canned","Imports","Tonnes","288","thousands","3","v109294","1.100.5","6.81","","","","2"
"2023","Canada","2021A000011124","Pears canned","Imports","Tonnes","288","thousands","3","v109294","1.100.5","4.77","","","","2"
"2024","Canada","2021A000011124","Pears canned","Imports","Tonnes","288","thousands","3","v109294","1.100.5","","..","","","2"
"2025","Canada","2021A000011124","Pears canned","Imports","Tonnes","288","thousands","3","v109294","1.100.5","4.77","","","","2"
"2021","Canada","2021A000011124","Pears canned","Total disposition","Tonnes","288","thousands","3","v54326499","1.100.11","","..","","","2"
"2022","Canada","2021A000011124","Pears canned","Total disposition","Tonnes","288","thousands","3","v54326499","1.100.11","","..","","","2"
"2023","Canada","2021A000011124","Pears canned","Total disposition","Tonnes","288","thousands","3","v54326499","1.100.11","","..","","","2"
"2024","Canada","2021A000011124","Pears canned","Total disposition","Tonnes","288","thousands","3","v54326499","1.100.11","","..","","","2"
"2025","Canada","2021A000011124","Pears canned","Total disposition","Tonnes","288","thousands","3","v54326499","1.100.11","","..","","","2"
"2021","Canada","2021A000011124","Pears canned","Domestic disappearance","Tonnes","288","thousands","3","v109290","1.100.1","5.39","","","","2"
"2022","Canada","2021A000011124","Pears canned","Domestic disappearance","Tonnes","288","thousands","3","v109290","1.100.1","6.34","","","","2"
"2023","Canada","2021A000011124","Pears canned","Domestic disappearance","Tonnes","288","thousands","3","v109290","1.100.1","4.28","","","","2"
"2024","Canada","2021A000011124","Pears canned","Domestic disappearance","Tonnes","288","thousands","3","v109290","1.100.1","","..","","","2"
"2025","Canada","2021A000011124","Pears canned","Domestic disappearance","Tonnes","288","thousands","3","v109290","1.100.1","4.76","","","","2"
"2021","Canada","2021A000011124","Pears canned","Exports","Tonnes","288","thousands","3","v109296","1.100.7","0.02","","","","2"
"2022","Canada","2021A000011124","Pears canned","Exports","Tonnes","288","thousands","3","v109296","1.100.7","0.47","","","","2"
"2023","Canada","2021A000011124","Pears canned","Exports","Tonnes","288","thousands","3","v109296","1.100.7","0.49","","","","2"
"2024","Canada","2021A000011124","Pears canned","Exports","Tonnes","288","thousands","3","v109296","1.100.7","","..","","","2"
"2025","Canada","2021A000011124","Pears canned","Exports","Tonnes","288","thousands","3","v109296","1.100.7","0.01","","","","2"
"2021","Canada","2021A000011124","Pineapples fresh","Total supply","Tonnes","288","thousands","3","v109303","1.101.2","","..","","","2"
"2022","Canada","2021A000011124","Pineapples fresh","Total supply","Tonnes","288","thousands","3","v109303","1.101.2","","..","","","2"
"2023","Canada","2021A000011124","Pineapples fresh","Total supply","Tonnes","288","thousands","3","v109303","1.101.2","","..","","","2"
"2024","Canada","2021A000011124","Pineapples fresh","Total supply","Tonnes","288","thousands","3","v109303","1.101.2","","..","","","2"
"2025","Canada","2021A000011124","Pineapples fresh","Total supply","Tonnes","288","thousands","3","v109303","1.101.2","","..","","","2"
"2021","Canada","2021A000011124","Pineapples fresh","Imports","Tonnes","288","thousands","3","v109306","1.101.5","125.51","","","","2"
"2022","Canada","2021A000011124","Pineapples fresh","Imports","Tonnes","288","thousands","3","v109306","1.101.5","128.55","","","","2"
"2023","Canada","2021A000011124","Pineapples fresh","Imports","Tonnes","288","thousands","3","v109306","1.101.5","131.37","","","","2"
"2024","Canada","2021A000011124","Pineapples fresh","Imports","Tonnes","288","thousands","3","v109306","1.101.5","132.97","","","","2"
"2025","Canada","2021A000011124","Pineapples fresh","Imports","Tonnes","288","thousands","3","v109306","1.101.5","132.30","","","","2"
"2021","Canada","2021A000011124","Pineapples fresh","Total disposition","Tonnes","288","thousands","3","v54326500","1.101.11","125.51","","","","2"
"2022","Canada","2021A000011124","Pineapples fresh","Total disposition","Tonnes","288","thousands","3","v54326500","1.101.11","128.55","","","","2"
"2023","Canada","2021A000011124","Pineapples fresh","Total disposition","Tonnes","288","thousands","3","v54326500","1.101.11","131.37","","","","2"
"2024","Canada","2021A000011124","Pineapples fresh","Total disposition","Tonnes","288","thousands","3","v54326500","1.101.11","132.97","","","","2"
"2025","Canada","2021A000011124","Pineapples fresh","Total disposition","Tonnes","288","thousands","3","v54326500","1.101.11","132.30","","","","2"
"2021","Canada","2021A000011124","Pineapples fresh","Domestic disappearance","Tonnes","288","thousands","3","v109302","1.101.1","119.24","","","","2"
"2022","Canada","2021A000011124","Pineapples fresh","Domestic disappearance","Tonnes","288","thousands","3","v109302","1.101.1","122.12","","","","2"
"2023","Canada","2021A000011124","Pineapples fresh","Domestic disappearance","Tonnes","288","thousands","3","v109302","1.101.1","124.80","","","","2"
"2024","Canada","2021A000011124","Pineapples fresh","Domestic disappearance","Tonnes","288","thousands","3","v109302","1.101.1","126.32","","","","2"
"2025","Canada","2021A000011124","Pineapples fresh","Domestic disappearance","Tonnes","288","thousands","3","v109302","1.101.1","125.68","","","","2"
"2021","Canada","2021A000011124","Pineapples fresh","Exports","Tonnes","288","thousands","3","v109308","1.101.7","0.00","","","","2"
"2022","Canada","2021A000011124","Pineapples fresh","Exports","Tonnes","288","thousands","3","v109308","1.101.7","0.00","","","","2"
"2023","Canada","2021A000011124","Pineapples fresh","Exports","Tonnes","288","thousands","3","v109308","1.101.7","0.00","","","","2"
"2024","Canada","2021A000011124","Pineapples fresh","Exports","Tonnes","288","thousands","3","v109308","1.101.7","0.00","","","","2"
"2025","Canada","2021A000011124","Pineapples fresh","Exports","Tonnes","288","thousands","3","v109308","1.101.7","0.00","","","","2"
"2021","Canada","2021A000011124","Pineapples fresh","Waste","Tonnes","288","thousands","3","v109310","1.101.9","6.28","","","","2"
"2022","Canada","2021A000011124","Pineapples fresh","Waste","Tonnes","288","thousands","3","v109310","1.101.9","6.43","","","","2"
"2023","Canada","2021A000011124","Pineapples fresh","Waste","Tonnes","288","thousands","3","v109310","1.101.9","6.57","","","","2"
"2024","Canada","2021A000011124","Pineapples fresh","Waste","Tonnes","288","thousands","3","v109310","1.101.9","6.65","","","","2"
"2025","Canada","2021A000011124","Pineapples fresh","Waste","Tonnes","288","thousands","3","v109310","1.101.9","6.61","","","","2"
"2021","Canada","2021A000011124","Pineapples canned","Total supply","Tonnes","288","thousands","3","v109315","1.102.2","","..","","","2"
"2022","Canada","2021A000011124","Pineapples canned","Total supply","Tonnes","288","thousands","3","v109315","1.102.2","","..","","","2"
"2023","Canada","2021A000011124","Pineapples canned","Total supply","Tonnes","288","thousands","3","v109315","1.102.2","","..","","","2"
"2024","Canada","2021A000011124","Pineapples canned","Total supply","Tonnes","288","thousands","3","v109315","1.102.2","","..","","","2"
"2025","Canada","2021A000011124","Pineapples canned","Total supply","Tonnes","288","thousands","3","v109315","1.102.2","","..","","","2"
"2021","Canada","2021A000011124","Pineapples canned","Imports","Tonnes","288","thousands","3","v109318","1.102.5","21.34","","","","2"
"2022","Canada","2021A000011124","Pineapples canned","Imports","Tonnes","288","thousands","3","v109318","1.102.5","29.35","","","","2"
"2023","Canada","2021A000011124","Pineapples canned","Imports","Tonnes","288","thousands","3","v109318","1.102.5","19.35","","","","2"
"2024","Canada","2021A000011124","Pineapples canned","Imports","Tonnes","288","thousands","3","v109318","1.102.5","","..","","","2"
"2025","Canada","2021A000011124","Pineapples canned","Imports","Tonnes","288","thousands","3","v109318","1.102.5","23.12","","","","2"
"2021","Canada","2021A000011124","Pineapples canned","Total disposition","Tonnes","288","thousands","3","v54326501","1.102.11","21.34","","","","2"
"2022","Canada","2021A000011124","Pineapples canned","Total disposition","Tonnes","288","thousands","3","v54326501","1.102.11","29.35","","","","2"
"2023","Canada","2021A000011124","Pineapples canned","Total disposition","Tonnes","288","thousands","3","v54326501","1.102.11","19.35","","","","2"
"2024","Canada","2021A000011124","Pineapples canned","Total disposition","Tonnes","288","thousands","3","v54326501","1.102.11","","..","","","2"
"2025","Canada","2021A000011124","Pineapples canned","Total disposition","Tonnes","288","thousands","3","v54326501","1.102.11","23.12","","","","2"
"2021","Canada","2021A000011124","Pineapples canned","Domestic disappearance","Tonnes","288","thousands","3","v109314","1.102.1","20.48","","","","2"
"2022","Canada","2021A000011124","Pineapples canned","Domestic disappearance","Tonnes","288","thousands","3","v109314","1.102.1","28.10","","","","2"
"2023","Canada","2021A000011124","Pineapples canned","Domestic disappearance","Tonnes","288","thousands","3","v109314","1.102.1","18.48","","","","2"
"2024","Canada","2021A000011124","Pineapples canned","Domestic disappearance","Tonnes","288","thousands","3","v109314","1.102.1","","..","","","2"
"2025","Canada","2021A000011124","Pineapples canned","Domestic disappearance","Tonnes","288","thousands","3","v109314","1.102.1","22.89","","","","2"
"2021","Canada","2021A000011124","Pineapples canned","Exports","Tonnes","288","thousands","3","v109320","1.102.7","0.86","","","","2"
"2022","Canada","2021A000011124","Pineapples canned","Exports","Tonnes","288","thousands","3","v109320","1.102.7","1.25","","","","2"
"2023","Canada","2021A000011124","Pineapples canned","Exports","Tonnes","288","thousands","3","v109320","1.102.7","0.87","","","","2"
"2024","Canada","2021A000011124","Pineapples canned","Exports","Tonnes","288","thousands","3","v109320","1.102.7","","..","","","2"
"2025","Canada","2021A000011124","Pineapples canned","Exports","Tonnes","288","thousands","3","v109320","1.102.7","0.22","","","","2"
"2021","Canada","2021A000011124","Pineapple juice","Total supply","Tonnes","288","thousands","3","v109327","1.103.2","","..","","","2"
"2022","Canada","2021A000011124","Pineapple juice","Total supply","Tonnes","288","thousands","3","v109327","1.103.2","","..","","","2"
"2023","Canada","2021A000011124","Pineapple juice","Total supply","Tonnes","288","thousands","3","v109327","1.103.2","","..","","","2"
"2024","Canada","2021A000011124","Pineapple juice","Total supply","Tonnes","288","thousands","3","v109327","1.103.2","","..","","","2"
"2025","Canada","2021A000011124","Pineapple juice","Total supply","Tonnes","288","thousands","3","v109327","1.103.2","","..","","","2"
"2021","Canada","2021A000011124","Pineapple juice","Imports","Tonnes","288","thousands","3","v109330","1.103.5","25.68","","","","2"
"2022","Canada","2021A000011124","Pineapple juice","Imports","Tonnes","288","thousands","3","v109330","1.103.5","26.36","","","","2"
"2023","Canada","2021A000011124","Pineapple juice","Imports","Tonnes","288","thousands","3","v109330","1.103.5","22.98","","","","2"
"2024","Canada","2021A000011124","Pineapple juice","Imports","Tonnes","288","thousands","3","v109330","1.103.5","","..","","","2"
"2025","Canada","2021A000011124","Pineapple juice","Imports","Tonnes","288","thousands","3","v109330","1.103.5","25.80","","","","2"
"2021","Canada","2021A000011124","Pineapple juice","Total disposition","Tonnes","288","thousands","3","v54326502","1.103.11","25.68","","","","2"
"2022","Canada","2021A000011124","Pineapple juice","Total disposition","Tonnes","288","thousands","3","v54326502","1.103.11","26.36","","","","2"
"2023","Canada","2021A000011124","Pineapple juice","Total disposition","Tonnes","288","thousands","3","v54326502","1.103.11","22.98","","","","2"
"2024","Canada","2021A000011124","Pineapple juice","Total disposition","Tonnes","288","thousands","3","v54326502","1.103.11","","..","","","2"
"2025","Canada","2021A000011124","Pineapple juice","Total disposition","Tonnes","288","thousands","3","v54326502","1.103.11","25.80","","","","2"
"2021","Canada","2021A000011124","Pineapple juice","Domestic disappearance","Tonnes","288","thousands","3","v109326","1.103.1","25.19","","","","2"
"2022","Canada","2021A000011124","Pineapple juice","Domestic disappearance","Tonnes","288","thousands","3","v109326","1.103.1","23.82","","","","2"
"2023","Canada","2021A000011124","Pineapple juice","Domestic disappearance","Tonnes","288","thousands","3","v109326","1.103.1","20.56","","","","2"
"2024","Canada","2021A000011124","Pineapple juice","Domestic disappearance","Tonnes","288","thousands","3","v109326","1.103.1","","..","","","2"
"2025","Canada","2021A000011124","Pineapple juice","Domestic disappearance","Tonnes","288","thousands","3","v109326","1.103.1","25.04","","","","2"
"2021","Canada","2021A000011124","Pineapple juice","Exports","Tonnes","288","thousands","3","v109332","1.103.7","0.49","","","","2"
"2022","Canada","2021A000011124","Pineapple juice","Exports","Tonnes","288","thousands","3","v109332","1.103.7","2.54","","","","2"
"2023","Canada","2021A000011124","Pineapple juice","Exports","Tonnes","288","thousands","3","v109332","1.103.7","2.42","","","","2"
"2024","Canada","2021A000011124","Pineapple juice","Exports","Tonnes","288","thousands","3","v109332","1.103.7","","..","","","2"
"2025","Canada","2021A000011124","Pineapple juice","Exports","Tonnes","288","thousands","3","v109332","1.103.7","0.76","","","","2"
"2021","Canada","2021A000011124","Plums total fresh","Total supply","Tonnes","288","thousands","3","v109352","1.104.2","19.63","","","","2"
"2022","Canada","2021A000011124","Plums total fresh","Total supply","Tonnes","288","thousands","3","v109352","1.104.2","19.80","","","","2"
"2023","Canada","2021A000011124","Plums total fresh","Total supply","Tonnes","288","thousands","3","v109352","1.104.2","18.87","","","","2"
"2024","Canada","2021A000011124","Plums total fresh","Total supply","Tonnes","288","thousands","3","v109352","1.104.2","19.65","","","","2"
"2025","Canada","2021A000011124","Plums total fresh","Total supply","Tonnes","288","thousands","3","v109352","1.104.2","18.18","","","","2"
"2021","Canada","2021A000011124","Plums total fresh","Production","Tonnes","288","thousands","3","v109354","1.104.4","3.56","","","","2"
"2022","Canada","2021A000011124","Plums total fresh","Production","Tonnes","288","thousands","3","v109354","1.104.4","3.86","","","","2"
"2023","Canada","2021A000011124","Plums total fresh","Production","Tonnes","288","thousands","3","v109354","1.104.4","3.24","","","","2"
"2024","Canada","2021A000011124","Plums total fresh","Production","Tonnes","288","thousands","3","v109354","1.104.4","4.43","","","","2"
"2025","Canada","2021A000011124","Plums total fresh","Production","Tonnes","288","thousands","3","v109354","1.104.4","4.22","","","","2"
"2021","Canada","2021A000011124","Plums total fresh","Imports","Tonnes","288","thousands","3","v109355","1.104.5","16.07","","","","2"
"2022","Canada","2021A000011124","Plums total fresh","Imports","Tonnes","288","thousands","3","v109355","1.104.5","15.94","","","","2"
"2023","Canada","2021A000011124","Plums total fresh","Imports","Tonnes","288","thousands","3","v109355","1.104.5","15.63","","","","2"
"2024","Canada","2021A000011124","Plums total fresh","Imports","Tonnes","288","thousands","3","v109355","1.104.5","15.22","","","","2"
"2025","Canada","2021A000011124","Plums total fresh","Imports","Tonnes","288","thousands","3","v109355","1.104.5","13.96","","","","2"
"2021","Canada","2021A000011124","Plums total fresh","Total disposition","Tonnes","288","thousands","3","v54328021","1.104.11","19.63","","","","2"
"2022","Canada","2021A000011124","Plums total fresh","Total disposition","Tonnes","288","thousands","3","v54328021","1.104.11","19.80","","","","2"
"2023","Canada","2021A000011124","Plums total fresh","Total disposition","Tonnes","288","thousands","3","v54328021","1.104.11","18.87","","","","2"
"2024","Canada","2021A000011124","Plums total fresh","Total disposition","Tonnes","288","thousands","3","v54328021","1.104.11","19.65","","","","2"
"2025","Canada","2021A000011124","Plums total fresh","Total disposition","Tonnes","288","thousands","3","v54328021","1.104.11","18.18","","","","2"
"2021","Canada","2021A000011124","Plums total fresh","Domestic disappearance","Tonnes","288","thousands","3","v109351","1.104.1","17.77","","","","2"
"2022","Canada","2021A000011124","Plums total fresh","Domestic disappearance","Tonnes","288","thousands","3","v109351","1.104.1","18.05","","","","2"
"2023","Canada","2021A000011124","Plums total fresh","Domestic disappearance","Tonnes","288","thousands","3","v109351","1.104.1","16.52","","","","2"
"2024","Canada","2021A000011124","Plums total fresh","Domestic disappearance","Tonnes","288","thousands","3","v109351","1.104.1","18.57","","","","2"
"2025","Canada","2021A000011124","Plums total fresh","Domestic disappearance","Tonnes","288","thousands","3","v109351","1.104.1","17.17","","","","2"
"2021","Canada","2021A000011124","Plums total fresh","Exports","Tonnes","288","thousands","3","v109357","1.104.7","0.00","","","","2"
"2022","Canada","2021A000011124","Plums total fresh","Exports","Tonnes","288","thousands","3","v109357","1.104.7","0.00","","","","2"
"2023","Canada","2021A000011124","Plums total fresh","Exports","Tonnes","288","thousands","3","v109357","1.104.7","0.00","","","","2"
"2024","Canada","2021A000011124","Plums total fresh","Exports","Tonnes","288","thousands","3","v109357","1.104.7","0.04","","","","2"
"2025","Canada","2021A000011124","Plums total fresh","Exports","Tonnes","288","thousands","3","v109357","1.104.7","0.02","","","","2"
"2021","Canada","2021A000011124","Plums total fresh","Manufacturing","Tonnes","288","thousands","3","v109358","1.104.8","0.92","","","","2"
"2022","Canada","2021A000011124","Plums total fresh","Manufacturing","Tonnes","288","thousands","3","v109358","1.104.8","0.80","","","","2"
"2023","Canada","2021A000011124","Plums total fresh","Manufacturing","Tonnes","288","thousands","3","v109358","1.104.8","1.48","","","","2"
"2024","Canada","2021A000011124","Plums total fresh","Manufacturing","Tonnes","288","thousands","3","v109358","1.104.8","0.07","","","","2"
"2025","Canada","2021A000011124","Plums total fresh","Manufacturing","Tonnes","288","thousands","3","v109358","1.104.8","0.09","","","","2"
"2021","Canada","2021A000011124","Plums total fresh","Waste","Tonnes","288","thousands","3","v109359","1.104.9","0.94","","","","2"
"2022","Canada","2021A000011124","Plums total fresh","Waste","Tonnes","288","thousands","3","v109359","1.104.9","0.95","","","","2"
"2023","Canada","2021A000011124","Plums total fresh","Waste","Tonnes","288","thousands","3","v109359","1.104.9","0.87","","","","2"
"2024","Canada","2021A000011124","Plums total fresh","Waste","Tonnes","288","thousands","3","v109359","1.104.9","0.98","","","","2"
"2025","Canada","2021A000011124","Plums total fresh","Waste","Tonnes","288","thousands","3","v109359","1.104.9","0.90","","","","2"
"2021","Canada","2021A000011124","Quinces fresh","Total supply","Tonnes","288","thousands","3","v109364","1.105.2","","..","","","2"
"2022","Canada","2021A000011124","Quinces fresh","Total supply","Tonnes","288","thousands","3","v109364","1.105.2","","..","","","2"
"2023","Canada","2021A000011124","Quinces fresh","Total supply","Tonnes","288","thousands","3","v109364","1.105.2","","..","","","2"
"2024","Canada","2021A000011124","Quinces fresh","Total supply","Tonnes","288","thousands","3","v109364","1.105.2","","..","","","2"
"2025","Canada","2021A000011124","Quinces fresh","Total supply","Tonnes","288","thousands","3","v109364","1.105.2","","..","","","2"
"2021","Canada","2021A000011124","Quinces fresh","Imports","Tonnes","288","thousands","3","v109367","1.105.5","0.32","","","","2"
"2022","Canada","2021A000011124","Quinces fresh","Imports","Tonnes","288","thousands","3","v109367","1.105.5","0.47","","","","2"
"2023","Canada","2021A000011124","Quinces fresh","Imports","Tonnes","288","thousands","3","v109367","1.105.5","0.58","","","","2"
"2024","Canada","2021A000011124","Quinces fresh","Imports","Tonnes","288","thousands","3","v109367","1.105.5","0.42","","","","2"
"2025","Canada","2021A000011124","Quinces fresh","Imports","Tonnes","288","thousands","3","v109367","1.105.5","0.34","","","","2"
"2021","Canada","2021A000011124","Quinces fresh","Total disposition","Tonnes","288","thousands","3","v54326504","1.105.11","0.32","","","","2"
"2022","Canada","2021A000011124","Quinces fresh","Total disposition","Tonnes","288","thousands","3","v54326504","1.105.11","0.47","","","","2"
"2023","Canada","2021A000011124","Quinces fresh","Total disposition","Tonnes","288","thousands","3","v54326504","1.105.11","0.58","","","","2"
"2024","Canada","2021A000011124","Quinces fresh","Total disposition","Tonnes","288","thousands","3","v54326504","1.105.11","0.42","","","","2"
"2025","Canada","2021A000011124","Quinces fresh","Total disposition","Tonnes","288","thousands","3","v54326504","1.105.11","0.34","","","","2"
"2021","Canada","2021A000011124","Quinces fresh","Domestic disappearance","Tonnes","288","thousands","3","v109363","1.105.1","0.30","","","","2"
"2022","Canada","2021A000011124","Quinces fresh","Domestic disappearance","Tonnes","288","thousands","3","v109363","1.105.1","0.45","","","","2"
"2023","Canada","2021A000011124","Quinces fresh","Domestic disappearance","Tonnes","288","thousands","3","v109363","1.105.1","0.55","","","","2"
"2024","Canada","2021A000011124","Quinces fresh","Domestic disappearance","Tonnes","288","thousands","3","v109363","1.105.1","0.40","","","","2"
"2025","Canada","2021A000011124","Quinces fresh","Domestic disappearance","Tonnes","288","thousands","3","v109363","1.105.1","0.32","","","","2"
"2021","Canada","2021A000011124","Quinces fresh","Waste","Tonnes","288","thousands","3","v109371","1.105.9","0.02","","","","2"
"2022","Canada","2021A000011124","Quinces fresh","Waste","Tonnes","288","thousands","3","v109371","1.105.9","0.02","","","","2"
"2023","Canada","2021A000011124","Quinces fresh","Waste","Tonnes","288","thousands","3","v109371","1.105.9","0.03","","","","2"
"2024","Canada","2021A000011124","Quinces fresh","Waste","Tonnes","288","thousands","3","v109371","1.105.9","0.02","","","","2"
"2025","Canada","2021A000011124","Quinces fresh","Waste","Tonnes","288","thousands","3","v109371","1.105.9","0.02","","","","2"
"2021","Canada","2021A000011124","Raspberries frozen","Total supply","Tonnes","288","thousands","3","v109376","1.106.2","","..","","","2"
"2022","Canada","2021A000011124","Raspberries frozen","Total supply","Tonnes","288","thousands","3","v109376","1.106.2","","..","","","2"
"2023","Canada","2021A000011124","Raspberries frozen","Total supply","Tonnes","288","thousands","3","v109376","1.106.2","","..","","","2"
"2024","Canada","2021A000011124","Raspberries frozen","Total supply","Tonnes","288","thousands","3","v109376","1.106.2","","..","","","2"
"2025","Canada","2021A000011124","Raspberries frozen","Total supply","Tonnes","288","thousands","3","v109376","1.106.2","","..","","","2"
"2021","Canada","2021A000011124","Raspberries frozen","Imports","Tonnes","288","thousands","3","v109379","1.106.5","13.44","","","","2"
"2022","Canada","2021A000011124","Raspberries frozen","Imports","Tonnes","288","thousands","3","v109379","1.106.5","12.94","","","","2"
"2023","Canada","2021A000011124","Raspberries frozen","Imports","Tonnes","288","thousands","3","v109379","1.106.5","11.35","","","","2"
"2024","Canada","2021A000011124","Raspberries frozen","Imports","Tonnes","288","thousands","3","v109379","1.106.5","","..","","","2"
"2025","Canada","2021A000011124","Raspberries frozen","Imports","Tonnes","288","thousands","3","v109379","1.106.5","12.39","","","","2"
"2021","Canada","2021A000011124","Raspberries frozen","Total disposition","Tonnes","288","thousands","3","v54326505","1.106.11","","..","","","2"
"2022","Canada","2021A000011124","Raspberries frozen","Total disposition","Tonnes","288","thousands","3","v54326505","1.106.11","","..","","","2"
"2023","Canada","2021A000011124","Raspberries frozen","Total disposition","Tonnes","288","thousands","3","v54326505","1.106.11","","..","","","2"
"2024","Canada","2021A000011124","Raspberries frozen","Total disposition","Tonnes","288","thousands","3","v54326505","1.106.11","","..","","","2"
"2025","Canada","2021A000011124","Raspberries frozen","Total disposition","Tonnes","288","thousands","3","v54326505","1.106.11","","..","","","2"
"2021","Canada","2021A000011124","Raspberries frozen","Exports","Tonnes","288","units","0","v1592251762","1.106.7","2.84","","","","2"
"2022","Canada","2021A000011124","Raspberries frozen","Exports","Tonnes","288","units","0","v1592251762","1.106.7","4.53","","","","2"
"2023","Canada","2021A000011124","Raspberries frozen","Exports","Tonnes","288","units","0","v1592251762","1.106.7","3.55","","","","2"
"2024","Canada","2021A000011124","Raspberries frozen","Exports","Tonnes","288","units","0","v1592251762","1.106.7","","..","","","2"
"2025","Canada","2021A000011124","Raspberries frozen","Exports","Tonnes","288","units","0","v1592251762","1.106.7","3.33","","","","2"
"2021","Canada","2021A000011124","Strawberries fresh","Total supply","Tonnes","288","thousands","3","v109388","1.107.2","132.47","","","","2"
"2022","Canada","2021A000011124","Strawberries fresh","Total supply","Tonnes","288","thousands","3","v109388","1.107.2","140.54","","","","2"
"2023","Canada","2021A000011124","Strawberries fresh","Total supply","Tonnes","288","thousands","3","v109388","1.107.2","136.70","","","","2"
"2024","Canada","2021A000011124","Strawberries fresh","Total supply","Tonnes","288","thousands","3","v109388","1.107.2","156.27","","","","2"
"2025","Canada","2021A000011124","Strawberries fresh","Total supply","Tonnes","288","thousands","3","v109388","1.107.2","162.03","","","","2"
"2021","Canada","2021A000011124","Strawberries fresh","Production","Tonnes","288","thousands","3","v109390","1.107.4","26.18","","","","2"
"2022","Canada","2021A000011124","Strawberries fresh","Production","Tonnes","288","thousands","3","v109390","1.107.4","29.66","","","","2"
"2023","Canada","2021A000011124","Strawberries fresh","Production","Tonnes","288","thousands","3","v109390","1.107.4","28.85","","","","2"
"2024","Canada","2021A000011124","Strawberries fresh","Production","Tonnes","288","thousands","3","v109390","1.107.4","33.43","","","","2"
"2025","Canada","2021A000011124","Strawberries fresh","Production","Tonnes","288","thousands","3","v109390","1.107.4","43.84","","","","2"
"2021","Canada","2021A000011124","Strawberries fresh","Imports","Tonnes","288","thousands","3","v109391","1.107.5","106.30","","","","2"
"2022","Canada","2021A000011124","Strawberries fresh","Imports","Tonnes","288","thousands","3","v109391","1.107.5","110.88","","","","2"
"2023","Canada","2021A000011124","Strawberries fresh","Imports","Tonnes","288","thousands","3","v109391","1.107.5","107.85","","","","2"
"2024","Canada","2021A000011124","Strawberries fresh","Imports","Tonnes","288","thousands","3","v109391","1.107.5","122.84","","","","2"
"2025","Canada","2021A000011124","Strawberries fresh","Imports","Tonnes","288","thousands","3","v109391","1.107.5","118.20","","","","2"
"2021","Canada","2021A000011124","Strawberries fresh","Total disposition","Tonnes","288","thousands","3","v54326506","1.107.11","132.47","","","","2"
"2022","Canada","2021A000011124","Strawberries fresh","Total disposition","Tonnes","288","thousands","3","v54326506","1.107.11","140.54","","","","2"
"2023","Canada","2021A000011124","Strawberries fresh","Total disposition","Tonnes","288","thousands","3","v54326506","1.107.11","136.70","","","","2"
"2024","Canada","2021A000011124","Strawberries fresh","Total disposition","Tonnes","288","thousands","3","v54326506","1.107.11","156.27","","","","2"
"2025","Canada","2021A000011124","Strawberries fresh","Total disposition","Tonnes","288","thousands","3","v54326506","1.107.11","162.03","","","","2"
"2021","Canada","2021A000011124","Strawberries fresh","Domestic disappearance","Tonnes","288","thousands","3","v109387","1.107.1","116.37","","","","2"
"2022","Canada","2021A000011124","Strawberries fresh","Domestic disappearance","Tonnes","288","thousands","3","v109387","1.107.1","121.08","","","","2"
"2023","Canada","2021A000011124","Strawberries fresh","Domestic disappearance","Tonnes","288","thousands","3","v109387","1.107.1","117.11","","","","2"
"2024","Canada","2021A000011124","Strawberries fresh","Domestic disappearance","Tonnes","288","thousands","3","v109387","1.107.1","135.12","","","","2"
"2025","Canada","2021A000011124","Strawberries fresh","Domestic disappearance","Tonnes","288","thousands","3","v109387","1.107.1","142.15","","","","2"
"2021","Canada","2021A000011124","Strawberries fresh","Exports","Tonnes","288","thousands","3","v109393","1.107.7","2.26","","","","2"
"2022","Canada","2021A000011124","Strawberries fresh","Exports","Tonnes","288","thousands","3","v109393","1.107.7","4.42","","","","2"
"2023","Canada","2021A000011124","Strawberries fresh","Exports","Tonnes","288","thousands","3","v109393","1.107.7","5.53","","","","2"
"2024","Canada","2021A000011124","Strawberries fresh","Exports","Tonnes","288","thousands","3","v109393","1.107.7","5.85","","","","2"
"2025","Canada","2021A000011124","Strawberries fresh","Exports","Tonnes","288","thousands","3","v109393","1.107.7","4.18","","","","2"
"2021","Canada","2021A000011124","Strawberries fresh","Manufacturing","Tonnes","288","thousands","3","v109394","1.107.8","3.72","","","","2"
"2022","Canada","2021A000011124","Strawberries fresh","Manufacturing","Tonnes","288","thousands","3","v109394","1.107.8","4.51","","","","2"
"2023","Canada","2021A000011124","Strawberries fresh","Manufacturing","Tonnes","288","thousands","3","v109394","1.107.8","3.87","","","","2"
"2024","Canada","2021A000011124","Strawberries fresh","Manufacturing","Tonnes","288","thousands","3","v109394","1.107.8","3.56","","","","2"
"2025","Canada","2021A000011124","Strawberries fresh","Manufacturing","Tonnes","288","thousands","3","v109394","1.107.8","3.34","","","","2"
"2021","Canada","2021A000011124","Strawberries fresh","Waste","Tonnes","288","thousands","3","v109395","1.107.9","10.12","","","","2"
"2022","Canada","2021A000011124","Strawberries fresh","Waste","Tonnes","288","thousands","3","v109395","1.107.9","10.53","","","","2"
"2023","Canada","2021A000011124","Strawberries fresh","Waste","Tonnes","288","thousands","3","v109395","1.107.9","10.18","","","","2"
"2024","Canada","2021A000011124","Strawberries fresh","Waste","Tonnes","288","thousands","3","v109395","1.107.9","11.75","","","","2"
"2025","Canada","2021A000011124","Strawberries fresh","Waste","Tonnes","288","thousands","3","v109395","1.107.9","12.36","","","","2"
"2021","Canada","2021A000011124","Strawberries canned","Total supply","Tonnes","288","thousands","3","v109400","1.108.2","","..","","","2"
"2022","Canada","2021A000011124","Strawberries canned","Total supply","Tonnes","288","thousands","3","v109400","1.108.2","","..","","","2"
"2023","Canada","2021A000011124","Strawberries canned","Total supply","Tonnes","288","thousands","3","v109400","1.108.2","","..","","","2"
"2024","Canada","2021A000011124","Strawberries canned","Total supply","Tonnes","288","thousands","3","v109400","1.108.2","","..","","","2"
"2025","Canada","2021A000011124","Strawberries canned","Total supply","Tonnes","288","thousands","3","v109400","1.108.2","","..","","","2"
"2021","Canada","2021A000011124","Strawberries canned","Imports","Tonnes","288","thousands","3","v109403","1.108.5","1.39","","","","2"
"2022","Canada","2021A000011124","Strawberries canned","Imports","Tonnes","288","thousands","3","v109403","1.108.5","0.69","","","","2"
"2023","Canada","2021A000011124","Strawberries canned","Imports","Tonnes","288","thousands","3","v109403","1.108.5","0.77","","","","2"
"2024","Canada","2021A000011124","Strawberries canned","Imports","Tonnes","288","thousands","3","v109403","1.108.5","","..","","","2"
"2025","Canada","2021A000011124","Strawberries canned","Imports","Tonnes","288","thousands","3","v109403","1.108.5","1.40","","","","2"
"2021","Canada","2021A000011124","Strawberries canned","Total disposition","Tonnes","288","thousands","3","v54326507","1.108.11","1.39","","","","2"
"2022","Canada","2021A000011124","Strawberries canned","Total disposition","Tonnes","288","thousands","3","v54326507","1.108.11","0.69","","","","2"
"2023","Canada","2021A000011124","Strawberries canned","Total disposition","Tonnes","288","thousands","3","v54326507","1.108.11","0.77","","","","2"
"2024","Canada","2021A000011124","Strawberries canned","Total disposition","Tonnes","288","thousands","3","v54326507","1.108.11","","..","","","2"
"2025","Canada","2021A000011124","Strawberries canned","Total disposition","Tonnes","288","thousands","3","v54326507","1.108.11","1.40","","","","2"
"2021","Canada","2021A000011124","Strawberries canned","Domestic disappearance","Tonnes","288","thousands","3","v109399","1.108.1","1.39","","","","2"
"2022","Canada","2021A000011124","Strawberries canned","Domestic disappearance","Tonnes","288","thousands","3","v109399","1.108.1","0.69","","","","2"
"2023","Canada","2021A000011124","Strawberries canned","Domestic disappearance","Tonnes","288","thousands","3","v109399","1.108.1","0.77","","","","2"
"2024","Canada","2021A000011124","Strawberries canned","Domestic disappearance","Tonnes","288","thousands","3","v109399","1.108.1","","..","","","2"
"2025","Canada","2021A000011124","Strawberries canned","Domestic disappearance","Tonnes","288","thousands","3","v109399","1.108.1","1.40","","","","2"
"2021","Canada","2021A000011124","Strawberries frozen","Total supply","Tonnes","288","thousands","3","v109412","1.109.2","","..","","","2"
"2022","Canada","2021A000011124","Strawberries frozen","Total supply","Tonnes","288","thousands","3","v109412","1.109.2","","..","","","2"
"2023","Canada","2021A000011124","Strawberries frozen","Total supply","Tonnes","288","thousands","3","v109412","1.109.2","","..","","","2"
"2024","Canada","2021A000011124","Strawberries frozen","Total supply","Tonnes","288","thousands","3","v109412","1.109.2","","..","","","2"
"2025","Canada","2021A000011124","Strawberries frozen","Total supply","Tonnes","288","thousands","3","v109412","1.109.2","","..","","","2"
"2021","Canada","2021A000011124","Strawberries frozen","Imports","Tonnes","288","thousands","3","v109415","1.109.5","37.72","","","","2"
"2022","Canada","2021A000011124","Strawberries frozen","Imports","Tonnes","288","thousands","3","v109415","1.109.5","36.73","","","","2"
"2023","Canada","2021A000011124","Strawberries frozen","Imports","Tonnes","288","thousands","3","v109415","1.109.5","37.20","","","","2"
"2024","Canada","2021A000011124","Strawberries frozen","Imports","Tonnes","288","thousands","3","v109415","1.109.5","","..","","","2"
"2025","Canada","2021A000011124","Strawberries frozen","Imports","Tonnes","288","thousands","3","v109415","1.109.5","41.83","","","","2"
"2021","Canada","2021A000011124","Strawberries frozen","Total disposition","Tonnes","288","thousands","3","v54326508","1.109.11","","..","","","2"
"2022","Canada","2021A000011124","Strawberries frozen","Total disposition","Tonnes","288","thousands","3","v54326508","1.109.11","","..","","","2"
"2023","Canada","2021A000011124","Strawberries frozen","Total disposition","Tonnes","288","thousands","3","v54326508","1.109.11","","..","","","2"
"2024","Canada","2021A000011124","Strawberries frozen","Total disposition","Tonnes","288","thousands","3","v54326508","1.109.11","","..","","","2"
"2025","Canada","2021A000011124","Strawberries frozen","Total disposition","Tonnes","288","thousands","3","v54326508","1.109.11","","..","","","2"
"2021","Canada","2021A000011124","Strawberries frozen","Exports","Tonnes","288","thousands","3","v109417","1.109.7","2.67","","","","2"
"2022","Canada","2021A000011124","Strawberries frozen","Exports","Tonnes","288","thousands","3","v109417","1.109.7","4.83","","","","2"
"2023","Canada","2021A000011124","Strawberries frozen","Exports","Tonnes","288","thousands","3","v109417","1.109.7","6.75","","","","2"
"2024","Canada","2021A000011124","Strawberries frozen","Exports","Tonnes","288","thousands","3","v109417","1.109.7","","..","","","2"
"2025","Canada","2021A000011124","Strawberries frozen","Exports","Tonnes","288","thousands","3","v109417","1.109.7","3.92","","","","2"
"2021","Canada","2021A000011124","Fruits not specified fresh","Total supply","Tonnes","288","thousands","3","v109424","1.110.2","","..","","","2"
"2022","Canada","2021A000011124","Fruits not specified fresh","Total supply","Tonnes","288","thousands","3","v109424","1.110.2","","..","","","2"
"2023","Canada","2021A000011124","Fruits not specified fresh","Total supply","Tonnes","288","thousands","3","v109424","1.110.2","","..","","","2"
"2024","Canada","2021A000011124","Fruits not specified fresh","Total supply","Tonnes","288","thousands","3","v109424","1.110.2","","..","","","2"
"2025","Canada","2021A000011124","Fruits not specified fresh","Total supply","Tonnes","288","thousands","3","v109424","1.110.2","","..","","","2"
"2021","Canada","2021A000011124","Fruits not specified fresh","Imports","Tonnes","288","thousands","3","v109427","1.110.5","30.03","","","","2"
"2022","Canada","2021A000011124","Fruits not specified fresh","Imports","Tonnes","288","thousands","3","v109427","1.110.5","29.69","","","","2"
"2023","Canada","2021A000011124","Fruits not specified fresh","Imports","Tonnes","288","thousands","3","v109427","1.110.5","29.91","","","","2"
"2024","Canada","2021A000011124","Fruits not specified fresh","Imports","Tonnes","288","thousands","3","v109427","1.110.5","35.71","","","","2"
"2025","Canada","2021A000011124","Fruits not specified fresh","Imports","Tonnes","288","thousands","3","v109427","1.110.5","38.45","","","","2"
"2021","Canada","2021A000011124","Fruits not specified fresh","Total disposition","Tonnes","288","thousands","3","v54326509","1.110.11","30.03","","","","2"
"2022","Canada","2021A000011124","Fruits not specified fresh","Total disposition","Tonnes","288","thousands","3","v54326509","1.110.11","29.69","","","","2"
"2023","Canada","2021A000011124","Fruits not specified fresh","Total disposition","Tonnes","288","thousands","3","v54326509","1.110.11","29.91","","","","2"
"2024","Canada","2021A000011124","Fruits not specified fresh","Total disposition","Tonnes","288","thousands","3","v54326509","1.110.11","35.71","","","","2"
"2025","Canada","2021A000011124","Fruits not specified fresh","Total disposition","Tonnes","288","thousands","3","v54326509","1.110.11","38.45","","","","2"
"2021","Canada","2021A000011124","Fruits not specified fresh","Domestic disappearance","Tonnes","288","thousands","3","v109423","1.110.1","28.00","","","","2"
"2022","Canada","2021A000011124","Fruits not specified fresh","Domestic disappearance","Tonnes","288","thousands","3","v109423","1.110.1","27.69","","","","2"
"2023","Canada","2021A000011124","Fruits not specified fresh","Domestic disappearance","Tonnes","288","thousands","3","v109423","1.110.1","27.89","","","","2"
"2024","Canada","2021A000011124","Fruits not specified fresh","Domestic disappearance","Tonnes","288","thousands","3","v109423","1.110.1","33.37","","","","2"
"2025","Canada","2021A000011124","Fruits not specified fresh","Domestic disappearance","Tonnes","288","thousands","3","v109423","1.110.1","35.94","","","","2"
"2021","Canada","2021A000011124","Fruits not specified fresh","Exports","Tonnes","288","thousands","3","v109429","1.110.7","0.18","","","","2"
"2022","Canada","2021A000011124","Fruits not specified fresh","Exports","Tonnes","288","thousands","3","v109429","1.110.7","0.17","","","","2"
"2023","Canada","2021A000011124","Fruits not specified fresh","Exports","Tonnes","288","thousands","3","v109429","1.110.7","0.17","","","","2"
"2024","Canada","2021A000011124","Fruits not specified fresh","Exports","Tonnes","288","thousands","3","v109429","1.110.7","0.13","","","","2"
"2025","Canada","2021A000011124","Fruits not specified fresh","Exports","Tonnes","288","thousands","3","v109429","1.110.7","0.14","","","","2"
"2021","Canada","2021A000011124","Fruits not specified fresh","Waste","Tonnes","288","thousands","3","v109431","1.110.9","1.85","","","","2"
"2022","Canada","2021A000011124","Fruits not specified fresh","Waste","Tonnes","288","thousands","3","v109431","1.110.9","1.83","","","","2"
"2023","Canada","2021A000011124","Fruits not specified fresh","Waste","Tonnes","288","thousands","3","v109431","1.110.9","1.84","","","","2"
"2024","Canada","2021A000011124","Fruits not specified fresh","Waste","Tonnes","288","thousands","3","v109431","1.110.9","2.21","","","","2"
"2025","Canada","2021A000011124","Fruits not specified fresh","Waste","Tonnes","288","thousands","3","v109431","1.110.9","2.38","","","","2"
"2021","Canada","2021A000011124","Fruits not specified canned","Total supply","Tonnes","288","thousands","3","v109436","1.111.2","","..","","","2"
"2022","Canada","2021A000011124","Fruits not specified canned","Total supply","Tonnes","288","thousands","3","v109436","1.111.2","","..","","","2"
"2023","Canada","2021A000011124","Fruits not specified canned","Total supply","Tonnes","288","thousands","3","v109436","1.111.2","","..","","","2"
"2024","Canada","2021A000011124","Fruits not specified canned","Total supply","Tonnes","288","thousands","3","v109436","1.111.2","","..","","","2"
"2025","Canada","2021A000011124","Fruits not specified canned","Total supply","Tonnes","288","thousands","3","v109436","1.111.2","","..","","","2"
"2021","Canada","2021A000011124","Fruits not specified canned","Imports","Tonnes","288","thousands","3","v109439","1.111.5","160.31","","","","2"
"2022","Canada","2021A000011124","Fruits not specified canned","Imports","Tonnes","288","thousands","3","v109439","1.111.5","180.68","","","","2"
"2023","Canada","2021A000011124","Fruits not specified canned","Imports","Tonnes","288","thousands","3","v109439","1.111.5","166.82","","","","2"
"2024","Canada","2021A000011124","Fruits not specified canned","Imports","Tonnes","288","thousands","3","v109439","1.111.5","","..","","","2"
"2025","Canada","2021A000011124","Fruits not specified canned","Imports","Tonnes","288","thousands","3","v109439","1.111.5","170.02","","","","2"
"2021","Canada","2021A000011124","Fruits not specified canned","Total disposition","Tonnes","288","thousands","3","v54326436","1.111.11","160.31","","","","2"
"2022","Canada","2021A000011124","Fruits not specified canned","Total disposition","Tonnes","288","thousands","3","v54326436","1.111.11","180.68","","","","2"
"2023","Canada","2021A000011124","Fruits not specified canned","Total disposition","Tonnes","288","thousands","3","v54326436","1.111.11","166.82","","","","2"
"2024","Canada","2021A000011124","Fruits not specified canned","Total disposition","Tonnes","288","thousands","3","v54326436","1.111.11","","..","","","2"
"2025","Canada","2021A000011124","Fruits not specified canned","Total disposition","Tonnes","288","thousands","3","v54326436","1.111.11","170.02","","","","2"
"2021","Canada","2021A000011124","Fruits not specified canned","Domestic disappearance","Tonnes","288","thousands","3","v109435","1.111.1","114.87","","","","2"
"2022","Canada","2021A000011124","Fruits not specified canned","Domestic disappearance","Tonnes","288","thousands","3","v109435","1.111.1","135.86","","","","2"
"2023","Canada","2021A000011124","Fruits not specified canned","Domestic disappearance","Tonnes","288","thousands","3","v109435","1.111.1","126.37","","","","2"
"2024","Canada","2021A000011124","Fruits not specified canned","Domestic disappearance","Tonnes","288","thousands","3","v109435","1.111.1","","..","","","2"
"2025","Canada","2021A000011124","Fruits not specified canned","Domestic disappearance","Tonnes","288","thousands","3","v109435","1.111.1","126.15","","","","2"
"2021","Canada","2021A000011124","Fruits not specified canned","Exports","Tonnes","288","thousands","3","v109441","1.111.7","45.44","","","","2"
"2022","Canada","2021A000011124","Fruits not specified canned","Exports","Tonnes","288","thousands","3","v109441","1.111.7","44.82","","","","2"
"2023","Canada","2021A000011124","Fruits not specified canned","Exports","Tonnes","288","thousands","3","v109441","1.111.7","40.45","","","","2"
"2024","Canada","2021A000011124","Fruits not specified canned","Exports","Tonnes","288","thousands","3","v109441","1.111.7","","..","","","2"
"2025","Canada","2021A000011124","Fruits not specified canned","Exports","Tonnes","288","thousands","3","v109441","1.111.7","43.88","","","","2"
"2021","Canada","2021A000011124","Fruits not specified dried","Total supply","Tonnes","288","thousands","3","v109448","1.112.2","","..","","","2"
"2022","Canada","2021A000011124","Fruits not specified dried","Total supply","Tonnes","288","thousands","3","v109448","1.112.2","","..","","","2"
"2023","Canada","2021A000011124","Fruits not specified dried","Total supply","Tonnes","288","thousands","3","v109448","1.112.2","","..","","","2"
"2024","Canada","2021A000011124","Fruits not specified dried","Total supply","Tonnes","288","thousands","3","v109448","1.112.2","","..","","","2"
"2025","Canada","2021A000011124","Fruits not specified dried","Total supply","Tonnes","288","thousands","3","v109448","1.112.2","","..","","","2"
"2021","Canada","2021A000011124","Fruits not specified dried","Imports","Tonnes","288","thousands","3","v109451","1.112.5","38.96","","","","2"
"2022","Canada","2021A000011124","Fruits not specified dried","Imports","Tonnes","288","thousands","3","v109451","1.112.5","37.91","","","","2"
"2023","Canada","2021A000011124","Fruits not specified dried","Imports","Tonnes","288","thousands","3","v109451","1.112.5","35.57","","","","2"
"2024","Canada","2021A000011124","Fruits not specified dried","Imports","Tonnes","288","thousands","3","v109451","1.112.5","","..","","","2"
"2025","Canada","2021A000011124","Fruits not specified dried","Imports","Tonnes","288","thousands","3","v109451","1.112.5","38.05","","","","2"
"2021","Canada","2021A000011124","Fruits not specified dried","Total disposition","Tonnes","288","thousands","3","v54326511","1.112.11","38.96","","","","2"
"2022","Canada","2021A000011124","Fruits not specified dried","Total disposition","Tonnes","288","thousands","3","v54326511","1.112.11","37.91","","","","2"
"2023","Canada","2021A000011124","Fruits not specified dried","Total disposition","Tonnes","288","thousands","3","v54326511","1.112.11","35.57","","","","2"
"2024","Canada","2021A000011124","Fruits not specified dried","Total disposition","Tonnes","288","thousands","3","v54326511","1.112.11","","..","","","2"
"2025","Canada","2021A000011124","Fruits not specified dried","Total disposition","Tonnes","288","thousands","3","v54326511","1.112.11","38.05","","","","2"
"2021","Canada","2021A000011124","Fruits not specified dried","Domestic disappearance","Tonnes","288","thousands","3","v109447","1.112.1","34.47","","","","2"
"2022","Canada","2021A000011124","Fruits not specified dried","Domestic disappearance","Tonnes","288","thousands","3","v109447","1.112.1","33.05","","","","2"
"2023","Canada","2021A000011124","Fruits not specified dried","Domestic disappearance","Tonnes","288","thousands","3","v109447","1.112.1","30.78","","","","2"
"2024","Canada","2021A000011124","Fruits not specified dried","Domestic disappearance","Tonnes","288","thousands","3","v109447","1.112.1","","..","","","2"
"2025","Canada","2021A000011124","Fruits not specified dried","Domestic disappearance","Tonnes","288","thousands","3","v109447","1.112.1","33.23","","","","2"
"2021","Canada","2021A000011124","Fruits not specified dried","Exports","Tonnes","288","thousands","3","v109453","1.112.7","4.49","","","","2"
"2022","Canada","2021A000011124","Fruits not specified dried","Exports","Tonnes","288","thousands","3","v109453","1.112.7","4.86","","","","2"
"2023","Canada","2021A000011124","Fruits not specified dried","Exports","Tonnes","288","thousands","3","v109453","1.112.7","4.78","","","","2"
"2024","Canada","2021A000011124","Fruits not specified dried","Exports","Tonnes","288","thousands","3","v109453","1.112.7","","..","","","2"
"2025","Canada","2021A000011124","Fruits not specified dried","Exports","Tonnes","288","thousands","3","v109453","1.112.7","4.82","","","","2"
"2021","Canada","2021A000011124","Fruits not specified frozen","Total supply","Tonnes","288","thousands","3","v109460","1.113.2","","..","","","2"
"2022","Canada","2021A000011124","Fruits not specified frozen","Total supply","Tonnes","288","thousands","3","v109460","1.113.2","","..","","","2"
"2023","Canada","2021A000011124","Fruits not specified frozen","Total supply","Tonnes","288","thousands","3","v109460","1.113.2","","..","","","2"
"2024","Canada","2021A000011124","Fruits not specified frozen","Total supply","Tonnes","288","thousands","3","v109460","1.113.2","","..","","","2"
"2025","Canada","2021A000011124","Fruits not specified frozen","Total supply","Tonnes","288","thousands","3","v109460","1.113.2","","..","","","2"
"2021","Canada","2021A000011124","Fruits not specified frozen","Imports","Tonnes","288","thousands","3","v109463","1.113.5","78.10","","","","2"
"2022","Canada","2021A000011124","Fruits not specified frozen","Imports","Tonnes","288","thousands","3","v109463","1.113.5","67.03","","","","2"
"2023","Canada","2021A000011124","Fruits not specified frozen","Imports","Tonnes","288","thousands","3","v109463","1.113.5","67.70","","","","2"
"2024","Canada","2021A000011124","Fruits not specified frozen","Imports","Tonnes","288","thousands","3","v109463","1.113.5","","..","","","2"
"2025","Canada","2021A000011124","Fruits not specified frozen","Imports","Tonnes","288","thousands","3","v109463","1.113.5","68.90","","","","2"
"2021","Canada","2021A000011124","Fruits not specified frozen","Total disposition","Tonnes","288","thousands","3","v54326512","1.113.11","78.10","","","","2"
"2022","Canada","2021A000011124","Fruits not specified frozen","Total disposition","Tonnes","288","thousands","3","v54326512","1.113.11","67.03","","","","2"
"2023","Canada","2021A000011124","Fruits not specified frozen","Total disposition","Tonnes","288","thousands","3","v54326512","1.113.11","67.70","","","","2"
"2024","Canada","2021A000011124","Fruits not specified frozen","Total disposition","Tonnes","288","thousands","3","v54326512","1.113.11","","..","","","2"
"2025","Canada","2021A000011124","Fruits not specified frozen","Total disposition","Tonnes","288","thousands","3","v54326512","1.113.11","68.90","","","","2"
"2021","Canada","2021A000011124","Fruits not specified frozen","Domestic disappearance","Tonnes","288","thousands","3","v109459","1.113.1","78.10","","","","2"
"2022","Canada","2021A000011124","Fruits not specified frozen","Domestic disappearance","Tonnes","288","thousands","3","v109459","1.113.1","67.03","","","","2"
"2023","Canada","2021A000011124","Fruits not specified frozen","Domestic disappearance","Tonnes","288","thousands","3","v109459","1.113.1","67.70","","","","2"
"2024","Canada","2021A000011124","Fruits not specified frozen","Domestic disappearance","Tonnes","288","thousands","3","v109459","1.113.1","","..","","","2"
"2025","Canada","2021A000011124","Fruits not specified frozen","Domestic disappearance","Tonnes","288","thousands","3","v109459","1.113.1","68.90","","","","2"
"2021","Canada","2021A000011124","Oranges fresh","Total supply","Tonnes","288","thousands","3","v109533","1.114.2","","..","","","2"
"2022","Canada","2021A000011124","Oranges fresh","Total supply","Tonnes","288","thousands","3","v109533","1.114.2","","..","","","2"
"2023","Canada","2021A000011124","Oranges fresh","Total supply","Tonnes","288","thousands","3","v109533","1.114.2","","..","","","2"
"2024","Canada","2021A000011124","Oranges fresh","Total supply","Tonnes","288","thousands","3","v109533","1.114.2","","..","","","2"
"2025","Canada","2021A000011124","Oranges fresh","Total supply","Tonnes","288","thousands","3","v109533","1.114.2","","..","","","2"
"2021","Canada","2021A000011124","Oranges fresh","Imports","Tonnes","288","thousands","3","v109536","1.114.5","348.90","","","","2"
"2022","Canada","2021A000011124","Oranges fresh","Imports","Tonnes","288","thousands","3","v109536","1.114.5","331.31","","","","2"
"2023","Canada","2021A000011124","Oranges fresh","Imports","Tonnes","288","thousands","3","v109536","1.114.5","337.64","","","","2"
"2024","Canada","2021A000011124","Oranges fresh","Imports","Tonnes","288","thousands","3","v109536","1.114.5","355.60","","","","2"
"2025","Canada","2021A000011124","Oranges fresh","Imports","Tonnes","288","thousands","3","v109536","1.114.5","380.36","","","","2"
"2021","Canada","2021A000011124","Oranges fresh","Total disposition","Tonnes","288","thousands","3","v54326518","1.114.11","348.90","","","","2"
"2022","Canada","2021A000011124","Oranges fresh","Total disposition","Tonnes","288","thousands","3","v54326518","1.114.11","331.31","","","","2"
"2023","Canada","2021A000011124","Oranges fresh","Total disposition","Tonnes","288","thousands","3","v54326518","1.114.11","337.64","","","","2"
"2024","Canada","2021A000011124","Oranges fresh","Total disposition","Tonnes","288","thousands","3","v54326518","1.114.11","355.60","","","","2"
"2025","Canada","2021A000011124","Oranges fresh","Total disposition","Tonnes","288","thousands","3","v54326518","1.114.11","380.36","","","","2"
"2021","Canada","2021A000011124","Oranges fresh","Domestic disappearance","Tonnes","288","thousands","3","v109532","1.114.1","338.43","","","","2"
"2022","Canada","2021A000011124","Oranges fresh","Domestic disappearance","Tonnes","288","thousands","3","v109532","1.114.1","321.37","","","","2"
"2023","Canada","2021A000011124","Oranges fresh","Domestic disappearance","Tonnes","288","thousands","3","v109532","1.114.1","327.51","","","","2"
"2024","Canada","2021A000011124","Oranges fresh","Domestic disappearance","Tonnes","288","thousands","3","v109532","1.114.1","344.94","","","","2"
"2025","Canada","2021A000011124","Oranges fresh","Domestic disappearance","Tonnes","288","thousands","3","v109532","1.114.1","368.95","","","","2"
"2021","Canada","2021A000011124","Oranges fresh","Exports","Tonnes","288","thousands","3","v109538","1.114.7","0.00","","","","2"
"2022","Canada","2021A000011124","Oranges fresh","Exports","Tonnes","288","thousands","3","v109538","1.114.7","0.00","","","","2"
"2023","Canada","2021A000011124","Oranges fresh","Exports","Tonnes","288","thousands","3","v109538","1.114.7","0.00","","","","2"
"2024","Canada","2021A000011124","Oranges fresh","Exports","Tonnes","288","thousands","3","v109538","1.114.7","0.00","","","","2"
"2025","Canada","2021A000011124","Oranges fresh","Exports","Tonnes","288","thousands","3","v109538","1.114.7","0.00","","","","2"
"2021","Canada","2021A000011124","Oranges fresh","Waste","Tonnes","288","thousands","3","v109540","1.114.9","10.47","","","","2"
"2022","Canada","2021A000011124","Oranges fresh","Waste","Tonnes","288","thousands","3","v109540","1.114.9","9.94","","","","2"
"2023","Canada","2021A000011124","Oranges fresh","Waste","Tonnes","288","thousands","3","v109540","1.114.9","10.13","","","","2"
"2024","Canada","2021A000011124","Oranges fresh","Waste","Tonnes","288","thousands","3","v109540","1.114.9","10.67","","","","2"
"2025","Canada","2021A000011124","Oranges fresh","Waste","Tonnes","288","thousands","3","v109540","1.114.9","11.41","","","","2"
"2021","Canada","2021A000011124","Orange juice","Total supply","Tonnes","288","thousands","3","v109545","1.115.2","","..","","","2"
"2022","Canada","2021A000011124","Orange juice","Total supply","Tonnes","288","thousands","3","v109545","1.115.2","","..","","","2"
"2023","Canada","2021A000011124","Orange juice","Total supply","Tonnes","288","thousands","3","v109545","1.115.2","","..","","","2"
"2024","Canada","2021A000011124","Orange juice","Total supply","Tonnes","288","thousands","3","v109545","1.115.2","","..","","","2"
"2025","Canada","2021A000011124","Orange juice","Total supply","Tonnes","288","thousands","3","v109545","1.115.2","","..","","","2"
"2021","Canada","2021A000011124","Orange juice","Imports","Tonnes","288","thousands","3","v109548","1.115.5","319.45","","","","2"
"2022","Canada","2021A000011124","Orange juice","Imports","Tonnes","288","thousands","3","v109548","1.115.5","323.34","","","","2"
"2023","Canada","2021A000011124","Orange juice","Imports","Tonnes","288","thousands","3","v109548","1.115.5","316.27","","","","2"
"2024","Canada","2021A000011124","Orange juice","Imports","Tonnes","288","thousands","3","v109548","1.115.5","","..","","","2"
"2025","Canada","2021A000011124","Orange juice","Imports","Tonnes","288","thousands","3","v109548","1.115.5","218.12","","","","2"
"2021","Canada","2021A000011124","Orange juice","Total disposition","Tonnes","288","thousands","3","v54326519","1.115.11","319.45","","","","2"
"2022","Canada","2021A000011124","Orange juice","Total disposition","Tonnes","288","thousands","3","v54326519","1.115.11","323.34","","","","2"
"2023","Canada","2021A000011124","Orange juice","Total disposition","Tonnes","288","thousands","3","v54326519","1.115.11","316.27","","","","2"
"2024","Canada","2021A000011124","Orange juice","Total disposition","Tonnes","288","thousands","3","v54326519","1.115.11","","..","","","2"
"2025","Canada","2021A000011124","Orange juice","Total disposition","Tonnes","288","thousands","3","v54326519","1.115.11","218.12","","","","2"
"2021","Canada","2021A000011124","Orange juice","Domestic disappearance","Tonnes","288","thousands","3","v109544","1.115.1","301.33","","","","2"
"2022","Canada","2021A000011124","Orange juice","Domestic disappearance","Tonnes","288","thousands","3","v109544","1.115.1","305.00","","","","2"
"2023","Canada","2021A000011124","Orange juice","Domestic disappearance","Tonnes","288","thousands","3","v109544","1.115.1","294.92","","","","2"
"2024","Canada","2021A000011124","Orange juice","Domestic disappearance","Tonnes","288","thousands","3","v109544","1.115.1","","..","","","2"
"2025","Canada","2021A000011124","Orange juice","Domestic disappearance","Tonnes","288","thousands","3","v109544","1.115.1","210.00","","","","2"
"2021","Canada","2021A000011124","Orange juice","Exports","Tonnes","288","thousands","3","v109550","1.115.7","18.12","","","","2"
"2022","Canada","2021A000011124","Orange juice","Exports","Tonnes","288","thousands","3","v109550","1.115.7","18.34","","","","2"
"2023","Canada","2021A000011124","Orange juice","Exports","Tonnes","288","thousands","3","v109550","1.115.7","21.35","","","","2"
"2024","Canada","2021A000011124","Orange juice","Exports","Tonnes","288","thousands","3","v109550","1.115.7","","..","","","2"
"2025","Canada","2021A000011124","Orange juice","Exports","Tonnes","288","thousands","3","v109550","1.115.7","8.11","","","","2"
"2021","Canada","2021A000011124","Lemons fresh","Total supply","Tonnes","288","thousands","3","v109558","1.116.2","","..","","","2"
"2022","Canada","2021A000011124","Lemons fresh","Total supply","Tonnes","288","thousands","3","v109558","1.116.2","","..","","","2"
"2023","Canada","2021A000011124","Lemons fresh","Total supply","Tonnes","288","thousands","3","v109558","1.116.2","","..","","","2"
"2024","Canada","2021A000011124","Lemons fresh","Total supply","Tonnes","288","thousands","3","v109558","1.116.2","","..","","","2"
"2025","Canada","2021A000011124","Lemons fresh","Total supply","Tonnes","288","thousands","3","v109558","1.116.2","","..","","","2"
"2021","Canada","2021A000011124","Lemons fresh","Imports","Tonnes","288","thousands","3","v109561","1.116.5","79.96","","","","2"
"2022","Canada","2021A000011124","Lemons fresh","Imports","Tonnes","288","thousands","3","v109561","1.116.5","82.06","","","","2"
"2023","Canada","2021A000011124","Lemons fresh","Imports","Tonnes","288","thousands","3","v109561","1.116.5","79.92","","","","2"
"2024","Canada","2021A000011124","Lemons fresh","Imports","Tonnes","288","thousands","3","v109561","1.116.5","83.36","","","","2"
"2025","Canada","2021A000011124","Lemons fresh","Imports","Tonnes","288","thousands","3","v109561","1.116.5","85.28","","","","2"
"2021","Canada","2021A000011124","Lemons fresh","Total disposition","Tonnes","288","thousands","3","v54326481","1.116.11","79.96","","","","2"
"2022","Canada","2021A000011124","Lemons fresh","Total disposition","Tonnes","288","thousands","3","v54326481","1.116.11","82.06","","","","2"
"2023","Canada","2021A000011124","Lemons fresh","Total disposition","Tonnes","288","thousands","3","v54326481","1.116.11","79.92","","","","2"
"2024","Canada","2021A000011124","Lemons fresh","Total disposition","Tonnes","288","thousands","3","v54326481","1.116.11","83.36","","","","2"
"2025","Canada","2021A000011124","Lemons fresh","Total disposition","Tonnes","288","thousands","3","v54326481","1.116.11","85.28","","","","2"
"2021","Canada","2021A000011124","Lemons fresh","Domestic disappearance","Tonnes","288","thousands","3","v109557","1.116.1","76.76","","","","2"
"2022","Canada","2021A000011124","Lemons fresh","Domestic disappearance","Tonnes","288","thousands","3","v109557","1.116.1","78.78","","","","2"
"2023","Canada","2021A000011124","Lemons fresh","Domestic disappearance","Tonnes","288","thousands","3","v109557","1.116.1","76.73","","","","2"
"2024","Canada","2021A000011124","Lemons fresh","Domestic disappearance","Tonnes","288","thousands","3","v109557","1.116.1","80.03","","","","2"
"2025","Canada","2021A000011124","Lemons fresh","Domestic disappearance","Tonnes","288","thousands","3","v109557","1.116.1","81.87","","","","2"
"2021","Canada","2021A000011124","Lemons fresh","Waste","Tonnes","288","thousands","3","v109565","1.116.9","3.20","","","","2"
"2022","Canada","2021A000011124","Lemons fresh","Waste","Tonnes","288","thousands","3","v109565","1.116.9","3.28","","","","2"
"2023","Canada","2021A000011124","Lemons fresh","Waste","Tonnes","288","thousands","3","v109565","1.116.9","3.20","","","","2"
"2024","Canada","2021A000011124","Lemons fresh","Waste","Tonnes","288","thousands","3","v109565","1.116.9","3.33","","","","2"
"2025","Canada","2021A000011124","Lemons fresh","Waste","Tonnes","288","thousands","3","v109565","1.116.9","3.41","","","","2"
"2021","Canada","2021A000011124","Lemon juice","Total supply","Tonnes","288","thousands","3","v109570","1.117.2","","..","","","2"
"2022","Canada","2021A000011124","Lemon juice","Total supply","Tonnes","288","thousands","3","v109570","1.117.2","","..","","","2"
"2023","Canada","2021A000011124","Lemon juice","Total supply","Tonnes","288","thousands","3","v109570","1.117.2","","..","","","2"
"2024","Canada","2021A000011124","Lemon juice","Total supply","Tonnes","288","thousands","3","v109570","1.117.2","","..","","","2"
"2025","Canada","2021A000011124","Lemon juice","Total supply","Tonnes","288","thousands","3","v109570","1.117.2","","..","","","2"
"2021","Canada","2021A000011124","Lemon juice","Imports","Tonnes","288","thousands","3","v109573","1.117.5","55.37","","","","2"
"2022","Canada","2021A000011124","Lemon juice","Imports","Tonnes","288","thousands","3","v109573","1.117.5","32.35","","","","2"
"2023","Canada","2021A000011124","Lemon juice","Imports","Tonnes","288","thousands","3","v109573","1.117.5","27.10","","","","2"
"2024","Canada","2021A000011124","Lemon juice","Imports","Tonnes","288","thousands","3","v109573","1.117.5","","..","","","2"
"2025","Canada","2021A000011124","Lemon juice","Imports","Tonnes","288","thousands","3","v109573","1.117.5","45.70","","","","2"
"2021","Canada","2021A000011124","Lemon juice","Total disposition","Tonnes","288","thousands","3","v54326521","1.117.11","55.37","","","","2"
"2022","Canada","2021A000011124","Lemon juice","Total disposition","Tonnes","288","thousands","3","v54326521","1.117.11","32.35","","","","2"
"2023","Canada","2021A000011124","Lemon juice","Total disposition","Tonnes","288","thousands","3","v54326521","1.117.11","27.10","","","","2"
"2024","Canada","2021A000011124","Lemon juice","Total disposition","Tonnes","288","thousands","3","v54326521","1.117.11","","..","","","2"
"2025","Canada","2021A000011124","Lemon juice","Total disposition","Tonnes","288","thousands","3","v54326521","1.117.11","45.70","","","","2"
"2021","Canada","2021A000011124","Lemon juice","Domestic disappearance","Tonnes","288","thousands","3","v109569","1.117.1","55.37","","","","2"
"2022","Canada","2021A000011124","Lemon juice","Domestic disappearance","Tonnes","288","thousands","3","v109569","1.117.1","32.35","","","","2"
"2023","Canada","2021A000011124","Lemon juice","Domestic disappearance","Tonnes","288","thousands","3","v109569","1.117.1","27.10","","","","2"
"2024","Canada","2021A000011124","Lemon juice","Domestic disappearance","Tonnes","288","thousands","3","v109569","1.117.1","","..","","","2"
"2025","Canada","2021A000011124","Lemon juice","Domestic disappearance","Tonnes","288","thousands","3","v109569","1.117.1","45.70","","","","2"
"2021","Canada","2021A000011124","Grapefruits fresh","Total supply","Tonnes","288","thousands","3","v109583","1.118.2","","..","","","2"
"2022","Canada","2021A000011124","Grapefruits fresh","Total supply","Tonnes","288","thousands","3","v109583","1.118.2","","..","","","2"
"2023","Canada","2021A000011124","Grapefruits fresh","Total supply","Tonnes","288","thousands","3","v109583","1.118.2","","..","","","2"
"2024","Canada","2021A000011124","Grapefruits fresh","Total supply","Tonnes","288","thousands","3","v109583","1.118.2","","..","","","2"
"2025","Canada","2021A000011124","Grapefruits fresh","Total supply","Tonnes","288","thousands","3","v109583","1.118.2","","..","","","2"
"2021","Canada","2021A000011124","Grapefruits fresh","Imports","Tonnes","288","thousands","3","v109586","1.118.5","35.38","","","","2"
"2022","Canada","2021A000011124","Grapefruits fresh","Imports","Tonnes","288","thousands","3","v109586","1.118.5","31.60","","","","2"
"2023","Canada","2021A000011124","Grapefruits fresh","Imports","Tonnes","288","thousands","3","v109586","1.118.5","28.91","","","","2"
"2024","Canada","2021A000011124","Grapefruits fresh","Imports","Tonnes","288","thousands","3","v109586","1.118.5","27.44","","","","2"
"2025","Canada","2021A000011124","Grapefruits fresh","Imports","Tonnes","288","thousands","3","v109586","1.118.5","27.12","","","","2"
"2021","Canada","2021A000011124","Grapefruits fresh","Total disposition","Tonnes","288","thousands","3","v54326522","1.118.11","35.38","","","","2"
"2022","Canada","2021A000011124","Grapefruits fresh","Total disposition","Tonnes","288","thousands","3","v54326522","1.118.11","31.60","","","","2"
"2023","Canada","2021A000011124","Grapefruits fresh","Total disposition","Tonnes","288","thousands","3","v54326522","1.118.11","28.91","","","","2"
"2024","Canada","2021A000011124","Grapefruits fresh","Total disposition","Tonnes","288","thousands","3","v54326522","1.118.11","27.44","","","","2"
"2025","Canada","2021A000011124","Grapefruits fresh","Total disposition","Tonnes","288","thousands","3","v54326522","1.118.11","27.12","","","","2"
"2021","Canada","2021A000011124","Grapefruits fresh","Domestic disappearance","Tonnes","288","thousands","3","v109582","1.118.1","34.32","","","","2"
"2022","Canada","2021A000011124","Grapefruits fresh","Domestic disappearance","Tonnes","288","thousands","3","v109582","1.118.1","30.66","","","","2"
"2023","Canada","2021A000011124","Grapefruits fresh","Domestic disappearance","Tonnes","288","thousands","3","v109582","1.118.1","28.04","","","","2"
"2024","Canada","2021A000011124","Grapefruits fresh","Domestic disappearance","Tonnes","288","thousands","3","v109582","1.118.1","26.62","","","","2"
"2025","Canada","2021A000011124","Grapefruits fresh","Domestic disappearance","Tonnes","288","thousands","3","v109582","1.118.1","26.30","","","","2"
"2021","Canada","2021A000011124","Grapefruits fresh","Exports","Tonnes","288","thousands","3","v109588","1.118.7","0.00","","","","2"
"2022","Canada","2021A000011124","Grapefruits fresh","Exports","Tonnes","288","thousands","3","v109588","1.118.7","0.00","","","","2"
"2023","Canada","2021A000011124","Grapefruits fresh","Exports","Tonnes","288","thousands","3","v109588","1.118.7","0.00","","","","2"
"2024","Canada","2021A000011124","Grapefruits fresh","Exports","Tonnes","288","thousands","3","v109588","1.118.7","0.00","","","","2"
"2025","Canada","2021A000011124","Grapefruits fresh","Exports","Tonnes","288","thousands","3","v109588","1.118.7","0.00","","","","2"
"2021","Canada","2021A000011124","Grapefruits fresh","Waste","Tonnes","288","thousands","3","v109590","1.118.9","1.06","","","","2"
"2022","Canada","2021A000011124","Grapefruits fresh","Waste","Tonnes","288","thousands","3","v109590","1.118.9","0.95","","","","2"
"2023","Canada","2021A000011124","Grapefruits fresh","Waste","Tonnes","288","thousands","3","v109590","1.118.9","0.87","","","","2"
"2024","Canada","2021A000011124","Grapefruits fresh","Waste","Tonnes","288","thousands","3","v109590","1.118.9","0.82","","","","2"
"2025","Canada","2021A000011124","Grapefruits fresh","Waste","Tonnes","288","thousands","3","v109590","1.118.9","0.81","","","","2"
"2021","Canada","2021A000011124","Grapefruit juice","Total supply","Tonnes","288","thousands","3","v109595","1.119.2","","..","","","2"
"2022","Canada","2021A000011124","Grapefruit juice","Total supply","Tonnes","288","thousands","3","v109595","1.119.2","","..","","","2"
"2023","Canada","2021A000011124","Grapefruit juice","Total supply","Tonnes","288","thousands","3","v109595","1.119.2","","..","","","2"
"2024","Canada","2021A000011124","Grapefruit juice","Total supply","Tonnes","288","thousands","3","v109595","1.119.2","","..","","","2"
"2025","Canada","2021A000011124","Grapefruit juice","Total supply","Tonnes","288","thousands","3","v109595","1.119.2","","..","","","2"
"2021","Canada","2021A000011124","Grapefruit juice","Imports","Tonnes","288","thousands","3","v109598","1.119.5","10.89","","","","2"
"2022","Canada","2021A000011124","Grapefruit juice","Imports","Tonnes","288","thousands","3","v109598","1.119.5","11.92","","","","2"
"2023","Canada","2021A000011124","Grapefruit juice","Imports","Tonnes","288","thousands","3","v109598","1.119.5","7.74","","","","2"
"2024","Canada","2021A000011124","Grapefruit juice","Imports","Tonnes","288","thousands","3","v109598","1.119.5","","..","","","2"
"2025","Canada","2021A000011124","Grapefruit juice","Imports","Tonnes","288","thousands","3","v109598","1.119.5","5.09","","","","2"
"2021","Canada","2021A000011124","Grapefruit juice","Total disposition","Tonnes","288","thousands","3","v54326523","1.119.11","10.89","","","","2"
"2022","Canada","2021A000011124","Grapefruit juice","Total disposition","Tonnes","288","thousands","3","v54326523","1.119.11","11.92","","","","2"
"2023","Canada","2021A000011124","Grapefruit juice","Total disposition","Tonnes","288","thousands","3","v54326523","1.119.11","7.74","","","","2"
"2024","Canada","2021A000011124","Grapefruit juice","Total disposition","Tonnes","288","thousands","3","v54326523","1.119.11","","..","","","2"
"2025","Canada","2021A000011124","Grapefruit juice","Total disposition","Tonnes","288","thousands","3","v54326523","1.119.11","5.09","","","","2"
"2021","Canada","2021A000011124","Grapefruit juice","Domestic disappearance","Tonnes","288","thousands","3","v109594","1.119.1","10.86","","","","2"
"2022","Canada","2021A000011124","Grapefruit juice","Domestic disappearance","Tonnes","288","thousands","3","v109594","1.119.1","11.64","","","","2"
"2023","Canada","2021A000011124","Grapefruit juice","Domestic disappearance","Tonnes","288","thousands","3","v109594","1.119.1","7.08","","","","2"
"2024","Canada","2021A000011124","Grapefruit juice","Domestic disappearance","Tonnes","288","thousands","3","v109594","1.119.1","","..","","","2"
"2025","Canada","2021A000011124","Grapefruit juice","Domestic disappearance","Tonnes","288","thousands","3","v109594","1.119.1","4.91","","","","2"
"2021","Canada","2021A000011124","Grapefruit juice","Exports","Tonnes","288","thousands","3","v109600","1.119.7","0.03","","","","2"
"2022","Canada","2021A000011124","Grapefruit juice","Exports","Tonnes","288","thousands","3","v109600","1.119.7","0.28","","","","2"
"2023","Canada","2021A000011124","Grapefruit juice","Exports","Tonnes","288","thousands","3","v109600","1.119.7","0.66","","","","2"
"2024","Canada","2021A000011124","Grapefruit juice","Exports","Tonnes","288","thousands","3","v109600","1.119.7","","..","","","2"
"2025","Canada","2021A000011124","Grapefruit juice","Exports","Tonnes","288","thousands","3","v109600","1.119.7","0.17","","","","2"
"2021","Canada","2021A000011124","Limes fresh","Total supply","Tonnes","288","thousands","3","v109608","1.120.2","","..","","","2"
"2022","Canada","2021A000011124","Limes fresh","Total supply","Tonnes","288","thousands","3","v109608","1.120.2","","..","","","2"
"2023","Canada","2021A000011124","Limes fresh","Total supply","Tonnes","288","thousands","3","v109608","1.120.2","","..","","","2"
"2024","Canada","2021A000011124","Limes fresh","Total supply","Tonnes","288","thousands","3","v109608","1.120.2","","..","","","2"
"2025","Canada","2021A000011124","Limes fresh","Total supply","Tonnes","288","thousands","3","v109608","1.120.2","","..","","","2"
"2021","Canada","2021A000011124","Limes fresh","Imports","Tonnes","288","thousands","3","v109611","1.120.5","29.41","","","","2"
"2022","Canada","2021A000011124","Limes fresh","Imports","Tonnes","288","thousands","3","v109611","1.120.5","27.99","","","","2"
"2023","Canada","2021A000011124","Limes fresh","Imports","Tonnes","288","thousands","3","v109611","1.120.5","32.02","","","","2"
"2024","Canada","2021A000011124","Limes fresh","Imports","Tonnes","288","thousands","3","v109611","1.120.5","36.14","","","","2"
"2025","Canada","2021A000011124","Limes fresh","Imports","Tonnes","288","thousands","3","v109611","1.120.5","39.21","","","","2"
"2021","Canada","2021A000011124","Limes fresh","Total disposition","Tonnes","288","thousands","3","v54326524","1.120.11","29.41","","","","2"
"2022","Canada","2021A000011124","Limes fresh","Total disposition","Tonnes","288","thousands","3","v54326524","1.120.11","27.99","","","","2"
"2023","Canada","2021A000011124","Limes fresh","Total disposition","Tonnes","288","thousands","3","v54326524","1.120.11","32.02","","","","2"
"2024","Canada","2021A000011124","Limes fresh","Total disposition","Tonnes","288","thousands","3","v54326524","1.120.11","36.14","","","","2"
"2025","Canada","2021A000011124","Limes fresh","Total disposition","Tonnes","288","thousands","3","v54326524","1.120.11","39.21","","","","2"
"2021","Canada","2021A000011124","Limes fresh","Domestic disappearance","Tonnes","288","thousands","3","v109607","1.120.1","27.94","","","","2"
"2022","Canada","2021A000011124","Limes fresh","Domestic disappearance","Tonnes","288","thousands","3","v109607","1.120.1","26.59","","","","2"
"2023","Canada","2021A000011124","Limes fresh","Domestic disappearance","Tonnes","288","thousands","3","v109607","1.120.1","30.42","","","","2"
"2024","Canada","2021A000011124","Limes fresh","Domestic disappearance","Tonnes","288","thousands","3","v109607","1.120.1","34.34","","","","2"
"2025","Canada","2021A000011124","Limes fresh","Domestic disappearance","Tonnes","288","thousands","3","v109607","1.120.1","37.25","","","","2"
"2021","Canada","2021A000011124","Limes fresh","Waste","Tonnes","288","thousands","3","v109615","1.120.9","1.47","","","","2"
"2022","Canada","2021A000011124","Limes fresh","Waste","Tonnes","288","thousands","3","v109615","1.120.9","1.40","","","","2"
"2023","Canada","2021A000011124","Limes fresh","Waste","Tonnes","288","thousands","3","v109615","1.120.9","1.60","","","","2"
"2024","Canada","2021A000011124","Limes fresh","Waste","Tonnes","288","thousands","3","v109615","1.120.9","1.81","","","","2"
"2025","Canada","2021A000011124","Limes fresh","Waste","Tonnes","288","thousands","3","v109615","1.120.9","1.96","","","","2"
"2021","Canada","2021A000011124","Mandarins fresh","Total supply","Tonnes","288","thousands","3","v109620","1.121.2","","..","","","2"
"2022","Canada","2021A000011124","Mandarins fresh","Total supply","Tonnes","288","thousands","3","v109620","1.121.2","","..","","","2"
"2023","Canada","2021A000011124","Mandarins fresh","Total supply","Tonnes","288","thousands","3","v109620","1.121.2","","..","","","2"
"2024","Canada","2021A000011124","Mandarins fresh","Total supply","Tonnes","288","thousands","3","v109620","1.121.2","","..","","","2"
"2025","Canada","2021A000011124","Mandarins fresh","Total supply","Tonnes","288","thousands","3","v109620","1.121.2","","..","","","2"
"2021","Canada","2021A000011124","Mandarins fresh","Imports","Tonnes","288","thousands","3","v109623","1.121.5","160.73","","","","2"
"2022","Canada","2021A000011124","Mandarins fresh","Imports","Tonnes","288","thousands","3","v109623","1.121.5","148.58","","","","2"
"2023","Canada","2021A000011124","Mandarins fresh","Imports","Tonnes","288","thousands","3","v109623","1.121.5","159.03","","","","2"
"2024","Canada","2021A000011124","Mandarins fresh","Imports","Tonnes","288","thousands","3","v109623","1.121.5","170.08","","","","2"
"2025","Canada","2021A000011124","Mandarins fresh","Imports","Tonnes","288","thousands","3","v109623","1.121.5","191.44","","","","2"
"2021","Canada","2021A000011124","Mandarins fresh","Total disposition","Tonnes","288","thousands","3","v54326525","1.121.11","160.73","","","","2"
"2022","Canada","2021A000011124","Mandarins fresh","Total disposition","Tonnes","288","thousands","3","v54326525","1.121.11","148.58","","","","2"
"2023","Canada","2021A000011124","Mandarins fresh","Total disposition","Tonnes","288","thousands","3","v54326525","1.121.11","159.03","","","","2"
"2024","Canada","2021A000011124","Mandarins fresh","Total disposition","Tonnes","288","thousands","3","v54326525","1.121.11","170.08","","","","2"
"2025","Canada","2021A000011124","Mandarins fresh","Total disposition","Tonnes","288","thousands","3","v54326525","1.121.11","191.44","","","","2"
"2021","Canada","2021A000011124","Mandarins fresh","Domestic disappearance","Tonnes","288","thousands","3","v109619","1.121.1","152.69","","","","2"
"2022","Canada","2021A000011124","Mandarins fresh","Domestic disappearance","Tonnes","288","thousands","3","v109619","1.121.1","141.15","","","","2"
"2023","Canada","2021A000011124","Mandarins fresh","Domestic disappearance","Tonnes","288","thousands","3","v109619","1.121.1","151.08","","","","2"
"2024","Canada","2021A000011124","Mandarins fresh","Domestic disappearance","Tonnes","288","thousands","3","v109619","1.121.1","161.58","","","","2"
"2025","Canada","2021A000011124","Mandarins fresh","Domestic disappearance","Tonnes","288","thousands","3","v109619","1.121.1","181.87","","","","2"
"2021","Canada","2021A000011124","Mandarins fresh","Exports","Tonnes","288","thousands","3","v109625","1.121.7","0.00","","","","2"
"2022","Canada","2021A000011124","Mandarins fresh","Exports","Tonnes","288","thousands","3","v109625","1.121.7","0.00","","","","2"
"2023","Canada","2021A000011124","Mandarins fresh","Exports","Tonnes","288","thousands","3","v109625","1.121.7","0.00","","","","2"
"2024","Canada","2021A000011124","Mandarins fresh","Exports","Tonnes","288","thousands","3","v109625","1.121.7","0.00","","","","2"
"2025","Canada","2021A000011124","Mandarins fresh","Exports","Tonnes","288","thousands","3","v109625","1.121.7","0.00","","","","2"
"2021","Canada","2021A000011124","Mandarins fresh","Waste","Tonnes","288","thousands","3","v109627","1.121.9","8.04","","","","2"
"2022","Canada","2021A000011124","Mandarins fresh","Waste","Tonnes","288","thousands","3","v109627","1.121.9","7.43","","","","2"
"2023","Canada","2021A000011124","Mandarins fresh","Waste","Tonnes","288","thousands","3","v109627","1.121.9","7.95","","","","2"
"2024","Canada","2021A000011124","Mandarins fresh","Waste","Tonnes","288","thousands","3","v109627","1.121.9","8.50","","","","2"
"2025","Canada","2021A000011124","Mandarins fresh","Waste","Tonnes","288","thousands","3","v109627","1.121.9","9.57","","","","2"
"2021","Canada","2021A000011124","Other citrus fresh","Total supply","Tonnes","288","thousands","3","v109632","1.122.2","","..","","","2"
"2022","Canada","2021A000011124","Other citrus fresh","Total supply","Tonnes","288","thousands","3","v109632","1.122.2","","..","","","2"
"2023","Canada","2021A000011124","Other citrus fresh","Total supply","Tonnes","288","thousands","3","v109632","1.122.2","","..","","","2"
"2024","Canada","2021A000011124","Other citrus fresh","Total supply","Tonnes","288","thousands","3","v109632","1.122.2","","..","","","2"
"2025","Canada","2021A000011124","Other citrus fresh","Total supply","Tonnes","288","thousands","3","v109632","1.122.2","","..","","","2"
"2021","Canada","2021A000011124","Other citrus fresh","Imports","Tonnes","288","thousands","3","v109635","1.122.5","1.48","","","","2"
"2022","Canada","2021A000011124","Other citrus fresh","Imports","Tonnes","288","thousands","3","v109635","1.122.5","1.26","","","","2"
"2023","Canada","2021A000011124","Other citrus fresh","Imports","Tonnes","288","thousands","3","v109635","1.122.5","1.44","","","","2"
"2024","Canada","2021A000011124","Other citrus fresh","Imports","Tonnes","288","thousands","3","v109635","1.122.5","2.21","","","","2"
"2025","Canada","2021A000011124","Other citrus fresh","Imports","Tonnes","288","thousands","3","v109635","1.122.5","1.53","","","","2"
"2021","Canada","2021A000011124","Other citrus fresh","Total disposition","Tonnes","288","thousands","3","v54326526","1.122.11","1.48","","","","2"
"2022","Canada","2021A000011124","Other citrus fresh","Total disposition","Tonnes","288","thousands","3","v54326526","1.122.11","1.26","","","","2"
"2023","Canada","2021A000011124","Other citrus fresh","Total disposition","Tonnes","288","thousands","3","v54326526","1.122.11","1.44","","","","2"
"2024","Canada","2021A000011124","Other citrus fresh","Total disposition","Tonnes","288","thousands","3","v54326526","1.122.11","2.21","","","","2"
"2025","Canada","2021A000011124","Other citrus fresh","Total disposition","Tonnes","288","thousands","3","v54326526","1.122.11","1.53","","","","2"
"2021","Canada","2021A000011124","Other citrus fresh","Domestic disappearance","Tonnes","288","thousands","3","v109631","1.122.1","1.43","","","","2"
"2022","Canada","2021A000011124","Other citrus fresh","Domestic disappearance","Tonnes","288","thousands","3","v109631","1.122.1","1.22","","","","2"
"2023","Canada","2021A000011124","Other citrus fresh","Domestic disappearance","Tonnes","288","thousands","3","v109631","1.122.1","1.40","","","","2"
"2024","Canada","2021A000011124","Other citrus fresh","Domestic disappearance","Tonnes","288","thousands","3","v109631","1.122.1","2.15","","","","2"
"2025","Canada","2021A000011124","Other citrus fresh","Domestic disappearance","Tonnes","288","thousands","3","v109631","1.122.1","1.48","","","","2"
"2021","Canada","2021A000011124","Other citrus fresh","Exports","Tonnes","288","thousands","3","v109637","1.122.7","0.00","","","","2"
"2022","Canada","2021A000011124","Other citrus fresh","Exports","Tonnes","288","thousands","3","v109637","1.122.7","0.00","","","","2"
"2023","Canada","2021A000011124","Other citrus fresh","Exports","Tonnes","288","thousands","3","v109637","1.122.7","0.00","","","","2"
"2024","Canada","2021A000011124","Other citrus fresh","Exports","Tonnes","288","thousands","3","v109637","1.122.7","0.00","","","","2"
"2025","Canada","2021A000011124","Other citrus fresh","Exports","Tonnes","288","thousands","3","v109637","1.122.7","0.00","","","","2"
"2021","Canada","2021A000011124","Other citrus fresh","Waste","Tonnes","288","thousands","3","v109639","1.122.9","0.04","","","","2"
"2022","Canada","2021A000011124","Other citrus fresh","Waste","Tonnes","288","thousands","3","v109639","1.122.9","0.04","","","","2"
"2023","Canada","2021A000011124","Other citrus fresh","Waste","Tonnes","288","thousands","3","v109639","1.122.9","0.04","","","","2"
"2024","Canada","2021A000011124","Other citrus fresh","Waste","Tonnes","288","thousands","3","v109639","1.122.9","0.07","","","","2"
"2025","Canada","2021A000011124","Other citrus fresh","Waste","Tonnes","288","thousands","3","v109639","1.122.9","0.05","","","","2"
"2021","Canada","2021A000011124","Artichokes fresh","Total supply","Tonnes","288","thousands","3","v109644","1.123.2","","..","","","2"
"2022","Canada","2021A000011124","Artichokes fresh","Total supply","Tonnes","288","thousands","3","v109644","1.123.2","","..","","","2"
"2023","Canada","2021A000011124","Artichokes fresh","Total supply","Tonnes","288","thousands","3","v109644","1.123.2","","..","","","2"
"2024","Canada","2021A000011124","Artichokes fresh","Total supply","Tonnes","288","thousands","3","v109644","1.123.2","","..","","","2"
"2025","Canada","2021A000011124","Artichokes fresh","Total supply","Tonnes","288","thousands","3","v109644","1.123.2","","..","","","2"
"2021","Canada","2021A000011124","Artichokes fresh","Imports","Tonnes","288","thousands","3","v109647","1.123.5","1.60","","","","2"
"2022","Canada","2021A000011124","Artichokes fresh","Imports","Tonnes","288","thousands","3","v109647","1.123.5","1.25","","","","2"
"2023","Canada","2021A000011124","Artichokes fresh","Imports","Tonnes","288","thousands","3","v109647","1.123.5","1.12","","","","2"
"2024","Canada","2021A000011124","Artichokes fresh","Imports","Tonnes","288","thousands","3","v109647","1.123.5","1.17","","","","2"
"2025","Canada","2021A000011124","Artichokes fresh","Imports","Tonnes","288","thousands","3","v109647","1.123.5","1.26","","","","2"
"2021","Canada","2021A000011124","Artichokes fresh","Total disposition","Tonnes","288","thousands","3","v54326527","1.123.11","1.60","","","","2"
"2022","Canada","2021A000011124","Artichokes fresh","Total disposition","Tonnes","288","thousands","3","v54326527","1.123.11","1.25","","","","2"
"2023","Canada","2021A000011124","Artichokes fresh","Total disposition","Tonnes","288","thousands","3","v54326527","1.123.11","1.12","","","","2"
"2024","Canada","2021A000011124","Artichokes fresh","Total disposition","Tonnes","288","thousands","3","v54326527","1.123.11","1.17","","","","2"
"2025","Canada","2021A000011124","Artichokes fresh","Total disposition","Tonnes","288","thousands","3","v54326527","1.123.11","1.26","","","","2"
"2021","Canada","2021A000011124","Artichokes fresh","Domestic disappearance","Tonnes","288","thousands","3","v109643","1.123.1","1.49","","","","2"
"2022","Canada","2021A000011124","Artichokes fresh","Domestic disappearance","Tonnes","288","thousands","3","v109643","1.123.1","1.16","","","","2"
"2023","Canada","2021A000011124","Artichokes fresh","Domestic disappearance","Tonnes","288","thousands","3","v109643","1.123.1","1.04","","","","2"
"2024","Canada","2021A000011124","Artichokes fresh","Domestic disappearance","Tonnes","288","thousands","3","v109643","1.123.1","1.08","","","","2"
"2025","Canada","2021A000011124","Artichokes fresh","Domestic disappearance","Tonnes","288","thousands","3","v109643","1.123.1","1.17","","","","2"
"2021","Canada","2021A000011124","Artichokes fresh","Exports","Tonnes","288","thousands","3","v109649","1.123.7","0.01","","","","2"
"2022","Canada","2021A000011124","Artichokes fresh","Exports","Tonnes","288","thousands","3","v109649","1.123.7","","0s","","","2"
"2023","Canada","2021A000011124","Artichokes fresh","Exports","Tonnes","288","thousands","3","v109649","1.123.7","","0s","","","2"
"2024","Canada","2021A000011124","Artichokes fresh","Exports","Tonnes","288","thousands","3","v109649","1.123.7","0.01","","","","2"
"2025","Canada","2021A000011124","Artichokes fresh","Exports","Tonnes","288","thousands","3","v109649","1.123.7","","0s","","","2"
"2021","Canada","2021A000011124","Artichokes fresh","Waste","Tonnes","288","thousands","3","v109651","1.123.9","0.11","","","","2"
"2022","Canada","2021A000011124","Artichokes fresh","Waste","Tonnes","288","thousands","3","v109651","1.123.9","0.09","","","","2"
"2023","Canada","2021A000011124","Artichokes fresh","Waste","Tonnes","288","thousands","3","v109651","1.123.9","0.08","","","","2"
"2024","Canada","2021A000011124","Artichokes fresh","Waste","Tonnes","288","thousands","3","v109651","1.123.9","0.08","","","","2"
"2025","Canada","2021A000011124","Artichokes fresh","Waste","Tonnes","288","thousands","3","v109651","1.123.9","0.09","","","","2"
"2021","Canada","2021A000011124","Asparagus fresh","Total supply","Tonnes","288","thousands","3","v109776","1.124.2","36.19","","","","2"
"2022","Canada","2021A000011124","Asparagus fresh","Total supply","Tonnes","288","thousands","3","v109776","1.124.2","31.22","","","","2"
"2023","Canada","2021A000011124","Asparagus fresh","Total supply","Tonnes","288","thousands","3","v109776","1.124.2","27.67","","","","2"
"2024","Canada","2021A000011124","Asparagus fresh","Total supply","Tonnes","288","thousands","3","v109776","1.124.2","29.43","","","","2"
"2025","Canada","2021A000011124","Asparagus fresh","Total supply","Tonnes","288","thousands","3","v109776","1.124.2","27.60","","","","2"
"2021","Canada","2021A000011124","Asparagus fresh","Production","Tonnes","288","thousands","3","v109778","1.124.4","8.69","","","","2"
"2022","Canada","2021A000011124","Asparagus fresh","Production","Tonnes","288","thousands","3","v109778","1.124.4","9.35","","","","2"
"2023","Canada","2021A000011124","Asparagus fresh","Production","Tonnes","288","thousands","3","v109778","1.124.4","10.03","","","","2"
"2024","Canada","2021A000011124","Asparagus fresh","Production","Tonnes","288","thousands","3","v109778","1.124.4","10.75","","","","2"
"2025","Canada","2021A000011124","Asparagus fresh","Production","Tonnes","288","thousands","3","v109778","1.124.4","12.18","","","","2"
"2021","Canada","2021A000011124","Asparagus fresh","Imports","Tonnes","288","thousands","3","v109779","1.124.5","27.50","","","","2"
"2022","Canada","2021A000011124","Asparagus fresh","Imports","Tonnes","288","thousands","3","v109779","1.124.5","21.87","","","","2"
"2023","Canada","2021A000011124","Asparagus fresh","Imports","Tonnes","288","thousands","3","v109779","1.124.5","17.64","","","","2"
"2024","Canada","2021A000011124","Asparagus fresh","Imports","Tonnes","288","thousands","3","v109779","1.124.5","18.69","","","","2"
"2025","Canada","2021A000011124","Asparagus fresh","Imports","Tonnes","288","thousands","3","v109779","1.124.5","15.43","","","","2"
"2021","Canada","2021A000011124","Asparagus fresh","Total disposition","Tonnes","288","thousands","3","v54326538","1.124.11","36.19","","","","2"
"2022","Canada","2021A000011124","Asparagus fresh","Total disposition","Tonnes","288","thousands","3","v54326538","1.124.11","31.22","","","","2"
"2023","Canada","2021A000011124","Asparagus fresh","Total disposition","Tonnes","288","thousands","3","v54326538","1.124.11","27.67","","","","2"
"2024","Canada","2021A000011124","Asparagus fresh","Total disposition","Tonnes","288","thousands","3","v54326538","1.124.11","29.43","","","","2"
"2025","Canada","2021A000011124","Asparagus fresh","Total disposition","Tonnes","288","thousands","3","v54326538","1.124.11","27.60","","","","2"
"2021","Canada","2021A000011124","Asparagus fresh","Domestic disappearance","Tonnes","288","thousands","3","v109775","1.124.1","30.88","","","","2"
"2022","Canada","2021A000011124","Asparagus fresh","Domestic disappearance","Tonnes","288","thousands","3","v109775","1.124.1","26.20","","","","2"
"2023","Canada","2021A000011124","Asparagus fresh","Domestic disappearance","Tonnes","288","thousands","3","v109775","1.124.1","22.25","","","","2"
"2024","Canada","2021A000011124","Asparagus fresh","Domestic disappearance","Tonnes","288","thousands","3","v109775","1.124.1","23.17","","","","2"
"2025","Canada","2021A000011124","Asparagus fresh","Domestic disappearance","Tonnes","288","thousands","3","v109775","1.124.1","21.22","","","","2"
"2021","Canada","2021A000011124","Asparagus fresh","Exports","Tonnes","288","thousands","3","v109781","1.124.7","1.90","","","","2"
"2022","Canada","2021A000011124","Asparagus fresh","Exports","Tonnes","288","thousands","3","v109781","1.124.7","2.03","","","","2"
"2023","Canada","2021A000011124","Asparagus fresh","Exports","Tonnes","288","thousands","3","v109781","1.124.7","2.79","","","","2"
"2024","Canada","2021A000011124","Asparagus fresh","Exports","Tonnes","288","thousands","3","v109781","1.124.7","3.52","","","","2"
"2025","Canada","2021A000011124","Asparagus fresh","Exports","Tonnes","288","thousands","3","v109781","1.124.7","3.27","","","","2"
"2021","Canada","2021A000011124","Asparagus fresh","Manufacturing","Tonnes","288","thousands","3","v109782","1.124.8","0.36","","","","2"
"2022","Canada","2021A000011124","Asparagus fresh","Manufacturing","Tonnes","288","thousands","3","v109782","1.124.8","","F","","","2"
"2023","Canada","2021A000011124","Asparagus fresh","Manufacturing","Tonnes","288","thousands","3","v109782","1.124.8","0.43","E","","","2"
"2024","Canada","2021A000011124","Asparagus fresh","Manufacturing","Tonnes","288","thousands","3","v109782","1.124.8","0.46","E","","","2"
"2025","Canada","2021A000011124","Asparagus fresh","Manufacturing","Tonnes","288","thousands","3","v109782","1.124.8","1.01","","","","2"
"2021","Canada","2021A000011124","Asparagus fresh","Waste","Tonnes","288","thousands","3","v109783","1.124.9","3.05","","","","2"
"2022","Canada","2021A000011124","Asparagus fresh","Waste","Tonnes","288","thousands","3","v109783","1.124.9","2.59","","","","2"
"2023","Canada","2021A000011124","Asparagus fresh","Waste","Tonnes","288","thousands","3","v109783","1.124.9","2.20","","","","2"
"2024","Canada","2021A000011124","Asparagus fresh","Waste","Tonnes","288","thousands","3","v109783","1.124.9","2.29","","","","2"
"2025","Canada","2021A000011124","Asparagus fresh","Waste","Tonnes","288","thousands","3","v109783","1.124.9","2.10","","","","2"
"2021","Canada","2021A000011124","Asparagus canned","Total supply","Tonnes","288","thousands","3","v109908","1.125.2","","..","","","2"
"2022","Canada","2021A000011124","Asparagus canned","Total supply","Tonnes","288","thousands","3","v109908","1.125.2","","..","","","2"
"2023","Canada","2021A000011124","Asparagus canned","Total supply","Tonnes","288","thousands","3","v109908","1.125.2","","..","","","2"
"2024","Canada","2021A000011124","Asparagus canned","Total supply","Tonnes","288","thousands","3","v109908","1.125.2","","..","","","2"
"2025","Canada","2021A000011124","Asparagus canned","Total supply","Tonnes","288","thousands","3","v109908","1.125.2","","..","","","2"
"2021","Canada","2021A000011124","Asparagus canned","Imports","Tonnes","288","thousands","3","v109911","1.125.5","0.41","","","","2"
"2022","Canada","2021A000011124","Asparagus canned","Imports","Tonnes","288","thousands","3","v109911","1.125.5","0.34","","","","2"
"2023","Canada","2021A000011124","Asparagus canned","Imports","Tonnes","288","thousands","3","v109911","1.125.5","0.33","","","","2"
"2024","Canada","2021A000011124","Asparagus canned","Imports","Tonnes","288","thousands","3","v109911","1.125.5","","..","","","2"
"2025","Canada","2021A000011124","Asparagus canned","Imports","Tonnes","288","thousands","3","v109911","1.125.5","0.25","","","","2"
"2021","Canada","2021A000011124","Asparagus canned","Total disposition","Tonnes","288","thousands","3","v54326549","1.125.11","","..","","","2"
"2022","Canada","2021A000011124","Asparagus canned","Total disposition","Tonnes","288","thousands","3","v54326549","1.125.11","","..","","","2"
"2023","Canada","2021A000011124","Asparagus canned","Total disposition","Tonnes","288","thousands","3","v54326549","1.125.11","","..","","","2"
"2024","Canada","2021A000011124","Asparagus canned","Total disposition","Tonnes","288","thousands","3","v54326549","1.125.11","","..","","","2"
"2025","Canada","2021A000011124","Asparagus canned","Total disposition","Tonnes","288","thousands","3","v54326549","1.125.11","","..","","","2"
"2021","Canada","2021A000011124","Asparagus canned","Exports","Tonnes","288","thousands","3","v109913","1.125.7","","0s","","","2"
"2022","Canada","2021A000011124","Asparagus canned","Exports","Tonnes","288","thousands","3","v109913","1.125.7","","0s","","","2"
"2023","Canada","2021A000011124","Asparagus canned","Exports","Tonnes","288","thousands","3","v109913","1.125.7","","0s","","","2"
"2024","Canada","2021A000011124","Asparagus canned","Exports","Tonnes","288","thousands","3","v109913","1.125.7","","..","","","2"
"2025","Canada","2021A000011124","Asparagus canned","Exports","Tonnes","288","thousands","3","v109913","1.125.7","","0s","","","2"
"2021","Canada","2021A000011124","Beans green and wax fresh","Total supply","Tonnes","288","thousands","3","v110040","1.126.2","74.28","","","","2"
"2022","Canada","2021A000011124","Beans green and wax fresh","Total supply","Tonnes","288","thousands","3","v110040","1.126.2","74.18","","","","2"
"2023","Canada","2021A000011124","Beans green and wax fresh","Total supply","Tonnes","288","thousands","3","v110040","1.126.2","78.68","","","","2"
"2024","Canada","2021A000011124","Beans green and wax fresh","Total supply","Tonnes","288","thousands","3","v110040","1.126.2","78.96","","","","2"
"2025","Canada","2021A000011124","Beans green and wax fresh","Total supply","Tonnes","288","thousands","3","v110040","1.126.2","73.84","","","","2"
"2021","Canada","2021A000011124","Beans green and wax fresh","Production","Tonnes","288","thousands","3","v110042","1.126.4","44.45","","","","2"
"2022","Canada","2021A000011124","Beans green and wax fresh","Production","Tonnes","288","thousands","3","v110042","1.126.4","47.21","","","","2"
"2023","Canada","2021A000011124","Beans green and wax fresh","Production","Tonnes","288","thousands","3","v110042","1.126.4","52.71","","","","2"
"2024","Canada","2021A000011124","Beans green and wax fresh","Production","Tonnes","288","thousands","3","v110042","1.126.4","52.04","","","","2"
"2025","Canada","2021A000011124","Beans green and wax fresh","Production","Tonnes","288","thousands","3","v110042","1.126.4","47.97","","","","2"
"2021","Canada","2021A000011124","Beans green and wax fresh","Imports","Tonnes","288","thousands","3","v110043","1.126.5","29.84","","","","2"
"2022","Canada","2021A000011124","Beans green and wax fresh","Imports","Tonnes","288","thousands","3","v110043","1.126.5","26.97","","","","2"
"2023","Canada","2021A000011124","Beans green and wax fresh","Imports","Tonnes","288","thousands","3","v110043","1.126.5","25.97","","","","2"
"2024","Canada","2021A000011124","Beans green and wax fresh","Imports","Tonnes","288","thousands","3","v110043","1.126.5","26.92","","","","2"
"2025","Canada","2021A000011124","Beans green and wax fresh","Imports","Tonnes","288","thousands","3","v110043","1.126.5","25.88","","","","2"
"2021","Canada","2021A000011124","Beans green and wax fresh","Total disposition","Tonnes","288","thousands","3","v54326560","1.126.11","74.28","","","","2"
"2022","Canada","2021A000011124","Beans green and wax fresh","Total disposition","Tonnes","288","thousands","3","v54326560","1.126.11","74.18","","","","2"
"2023","Canada","2021A000011124","Beans green and wax fresh","Total disposition","Tonnes","288","thousands","3","v54326560","1.126.11","78.68","","","","2"
"2024","Canada","2021A000011124","Beans green and wax fresh","Total disposition","Tonnes","288","thousands","3","v54326560","1.126.11","78.96","","","","2"
"2025","Canada","2021A000011124","Beans green and wax fresh","Total disposition","Tonnes","288","thousands","3","v54326560","1.126.11","73.84","","","","2"
"2021","Canada","2021A000011124","Beans green and wax fresh","Domestic disappearance","Tonnes","288","thousands","3","v110039","1.126.1","33.68","","","","2"
"2022","Canada","2021A000011124","Beans green and wax fresh","Domestic disappearance","Tonnes","288","thousands","3","v110039","1.126.1","33.71","","","","2"
"2023","Canada","2021A000011124","Beans green and wax fresh","Domestic disappearance","Tonnes","288","thousands","3","v110039","1.126.1","32.59","","","","2"
"2024","Canada","2021A000011124","Beans green and wax fresh","Domestic disappearance","Tonnes","288","thousands","3","v110039","1.126.1","30.99","","","","2"
"2025","Canada","2021A000011124","Beans green and wax fresh","Domestic disappearance","Tonnes","288","thousands","3","v110039","1.126.1","30.57","","","","2"
"2021","Canada","2021A000011124","Beans green and wax fresh","Exports","Tonnes","288","thousands","3","v110045","1.126.7","3.04","","","","2"
"2022","Canada","2021A000011124","Beans green and wax fresh","Exports","Tonnes","288","thousands","3","v110045","1.126.7","2.78","","","","2"
"2023","Canada","2021A000011124","Beans green and wax fresh","Exports","Tonnes","288","thousands","3","v110045","1.126.7","2.62","","","","2"
"2024","Canada","2021A000011124","Beans green and wax fresh","Exports","Tonnes","288","thousands","3","v110045","1.126.7","4.42","","","","2"
"2025","Canada","2021A000011124","Beans green and wax fresh","Exports","Tonnes","288","thousands","3","v110045","1.126.7","4.13","","","","2"
"2021","Canada","2021A000011124","Beans green and wax fresh","Manufacturing","Tonnes","288","thousands","3","v110046","1.126.8","35.41","","","","2"
"2022","Canada","2021A000011124","Beans green and wax fresh","Manufacturing","Tonnes","288","thousands","3","v110046","1.126.8","35.54","","","","2"
"2023","Canada","2021A000011124","Beans green and wax fresh","Manufacturing","Tonnes","288","thousands","3","v110046","1.126.8","41.38","","","","2"
"2024","Canada","2021A000011124","Beans green and wax fresh","Manufacturing","Tonnes","288","thousands","3","v110046","1.126.8","41.57","","","","2"
"2025","Canada","2021A000011124","Beans green and wax fresh","Manufacturing","Tonnes","288","thousands","3","v110046","1.126.8","37.18","","","","2"
"2021","Canada","2021A000011124","Beans green and wax fresh","Waste","Tonnes","288","thousands","3","v110047","1.126.9","2.15","","","","2"
"2022","Canada","2021A000011124","Beans green and wax fresh","Waste","Tonnes","288","thousands","3","v110047","1.126.9","2.15","","","","2"
"2023","Canada","2021A000011124","Beans green and wax fresh","Waste","Tonnes","288","thousands","3","v110047","1.126.9","2.08","","","","2"
"2024","Canada","2021A000011124","Beans green and wax fresh","Waste","Tonnes","288","thousands","3","v110047","1.126.9","1.98","","","","2"
"2025","Canada","2021A000011124","Beans green and wax fresh","Waste","Tonnes","288","thousands","3","v110047","1.126.9","1.95","","","","2"
"2021","Canada","2021A000011124","Beans green and wax canned","Total supply","Tonnes","288","thousands","3","v110172","1.127.2","","..","","","2"
"2022","Canada","2021A000011124","Beans green and wax canned","Total supply","Tonnes","288","thousands","3","v110172","1.127.2","","..","","","2"
"2023","Canada","2021A000011124","Beans green and wax canned","Total supply","Tonnes","288","thousands","3","v110172","1.127.2","","..","","","2"
"2024","Canada","2021A000011124","Beans green and wax canned","Total supply","Tonnes","288","thousands","3","v110172","1.127.2","","..","","","2"
"2025","Canada","2021A000011124","Beans green and wax canned","Total supply","Tonnes","288","thousands","3","v110172","1.127.2","","..","","","2"
"2021","Canada","2021A000011124","Beans green and wax canned","Imports","Tonnes","288","thousands","3","v110175","1.127.5","7.86","","","","2"
"2022","Canada","2021A000011124","Beans green and wax canned","Imports","Tonnes","288","thousands","3","v110175","1.127.5","7.14","","","","2"
"2023","Canada","2021A000011124","Beans green and wax canned","Imports","Tonnes","288","thousands","3","v110175","1.127.5","6.74","","","","2"
"2024","Canada","2021A000011124","Beans green and wax canned","Imports","Tonnes","288","thousands","3","v110175","1.127.5","","..","","","2"
"2025","Canada","2021A000011124","Beans green and wax canned","Imports","Tonnes","288","thousands","3","v110175","1.127.5","8.31","","","","2"
"2021","Canada","2021A000011124","Beans green and wax frozen","Total supply","Tonnes","288","thousands","3","v110305","1.128.2","","..","","","2"
"2022","Canada","2021A000011124","Beans green and wax frozen","Total supply","Tonnes","288","thousands","3","v110305","1.128.2","","..","","","2"
"2023","Canada","2021A000011124","Beans green and wax frozen","Total supply","Tonnes","288","thousands","3","v110305","1.128.2","","..","","","2"
"2024","Canada","2021A000011124","Beans green and wax frozen","Total supply","Tonnes","288","thousands","3","v110305","1.128.2","","..","","","2"
"2025","Canada","2021A000011124","Beans green and wax frozen","Total supply","Tonnes","288","thousands","3","v110305","1.128.2","","..","","","2"
"2021","Canada","2021A000011124","Beans green and wax frozen","Imports","Tonnes","288","thousands","3","v110308","1.128.5","7.98","","","","2"
"2022","Canada","2021A000011124","Beans green and wax frozen","Imports","Tonnes","288","thousands","3","v110308","1.128.5","12.13","","","","2"
"2023","Canada","2021A000011124","Beans green and wax frozen","Imports","Tonnes","288","thousands","3","v110308","1.128.5","12.32","","","","2"
"2024","Canada","2021A000011124","Beans green and wax frozen","Imports","Tonnes","288","thousands","3","v110308","1.128.5","","..","","","2"
"2025","Canada","2021A000011124","Beans green and wax frozen","Imports","Tonnes","288","thousands","3","v110308","1.128.5","13.08","","","","2"
"2021","Canada","2021A000011124","Beans green and wax frozen","Total disposition","Tonnes","288","thousands","3","v54326587","1.128.11","","..","","","2"
"2022","Canada","2021A000011124","Beans green and wax frozen","Total disposition","Tonnes","288","thousands","3","v54326587","1.128.11","","..","","","2"
"2023","Canada","2021A000011124","Beans green and wax frozen","Total disposition","Tonnes","288","thousands","3","v54326587","1.128.11","","..","","","2"
"2024","Canada","2021A000011124","Beans green and wax frozen","Total disposition","Tonnes","288","thousands","3","v54326587","1.128.11","","..","","","2"
"2025","Canada","2021A000011124","Beans green and wax frozen","Total disposition","Tonnes","288","thousands","3","v54326587","1.128.11","","..","","","2"
"2021","Canada","2021A000011124","Beans green and wax frozen","Exports","Tonnes","288","thousands","3","v110310","1.128.7","30.69","","","","2"
"2022","Canada","2021A000011124","Beans green and wax frozen","Exports","Tonnes","288","thousands","3","v110310","1.128.7","29.21","","","","2"
"2023","Canada","2021A000011124","Beans green and wax frozen","Exports","Tonnes","288","thousands","3","v110310","1.128.7","23.75","","","","2"
"2024","Canada","2021A000011124","Beans green and wax frozen","Exports","Tonnes","288","thousands","3","v110310","1.128.7","","..","","","2"
"2025","Canada","2021A000011124","Beans green and wax frozen","Exports","Tonnes","288","thousands","3","v110310","1.128.7","22.53","","","","2"
"2021","Canada","2021A000011124","Beets fresh","Total supply","Tonnes","288","thousands","3","v110317","1.129.2","50.68","","","","2"
"2022","Canada","2021A000011124","Beets fresh","Total supply","Tonnes","288","thousands","3","v110317","1.129.2","47.09","","","","2"
"2023","Canada","2021A000011124","Beets fresh","Total supply","Tonnes","288","thousands","3","v110317","1.129.2","52.01","","","","2"
"2024","Canada","2021A000011124","Beets fresh","Total supply","Tonnes","288","thousands","3","v110317","1.129.2","55.84","","","","2"
"2025","Canada","2021A000011124","Beets fresh","Total supply","Tonnes","288","thousands","3","v110317","1.129.2","54.34","","","","2"
"2021","Canada","2021A000011124","Beets fresh","Production","Tonnes","288","thousands","3","v110319","1.129.4","45.93","","","","2"
"2022","Canada","2021A000011124","Beets fresh","Production","Tonnes","288","thousands","3","v110319","1.129.4","43.17","","","","2"
"2023","Canada","2021A000011124","Beets fresh","Production","Tonnes","288","thousands","3","v110319","1.129.4","46.45","","","","2"
"2024","Canada","2021A000011124","Beets fresh","Production","Tonnes","288","thousands","3","v110319","1.129.4","48.04","","","","2"
"2025","Canada","2021A000011124","Beets fresh","Production","Tonnes","288","thousands","3","v110319","1.129.4","47.16","","","","2"
"2021","Canada","2021A000011124","Beets fresh","Imports","Tonnes","288","thousands","3","v110320","1.129.5","4.76","","","","2"
"2022","Canada","2021A000011124","Beets fresh","Imports","Tonnes","288","thousands","3","v110320","1.129.5","3.92","","","","2"
"2023","Canada","2021A000011124","Beets fresh","Imports","Tonnes","288","thousands","3","v110320","1.129.5","5.57","","","","2"
"2024","Canada","2021A000011124","Beets fresh","Imports","Tonnes","288","thousands","3","v110320","1.129.5","7.80","","","","2"
"2025","Canada","2021A000011124","Beets fresh","Imports","Tonnes","288","thousands","3","v110320","1.129.5","7.17","","","","2"
"2021","Canada","2021A000011124","Beets fresh","Total disposition","Tonnes","288","thousands","3","v54326588","1.129.11","50.68","","","","2"
"2022","Canada","2021A000011124","Beets fresh","Total disposition","Tonnes","288","thousands","3","v54326588","1.129.11","47.09","","","","2"
"2023","Canada","2021A000011124","Beets fresh","Total disposition","Tonnes","288","thousands","3","v54326588","1.129.11","52.01","","","","2"
"2024","Canada","2021A000011124","Beets fresh","Total disposition","Tonnes","288","thousands","3","v54326588","1.129.11","55.84","","","","2"
"2025","Canada","2021A000011124","Beets fresh","Total disposition","Tonnes","288","thousands","3","v54326588","1.129.11","54.34","","","","2"
"2021","Canada","2021A000011124","Beets fresh","Domestic disappearance","Tonnes","288","thousands","3","v110316","1.129.1","37.49","","","","2"
"2022","Canada","2021A000011124","Beets fresh","Domestic disappearance","Tonnes","288","thousands","3","v110316","1.129.1","35.05","","","","2"
"2023","Canada","2021A000011124","Beets fresh","Domestic disappearance","Tonnes","288","thousands","3","v110316","1.129.1","38.67","","","","2"
"2024","Canada","2021A000011124","Beets fresh","Domestic disappearance","Tonnes","288","thousands","3","v110316","1.129.1","42.40","","","","2"
"2025","Canada","2021A000011124","Beets fresh","Domestic disappearance","Tonnes","288","thousands","3","v110316","1.129.1","42.66","","","","2"
"2021","Canada","2021A000011124","Beets fresh","Manufacturing","Tonnes","288","thousands","3","v110323","1.129.8","12.04","","","","2"
"2022","Canada","2021A000011124","Beets fresh","Manufacturing","Tonnes","288","thousands","3","v110323","1.129.8","10.96","E","","","2"
"2023","Canada","2021A000011124","Beets fresh","Manufacturing","Tonnes","288","thousands","3","v110323","1.129.8","12.15","E","","","2"
"2024","Canada","2021A000011124","Beets fresh","Manufacturing","Tonnes","288","thousands","3","v110323","1.129.8","12.13","","","","2"
"2025","Canada","2021A000011124","Beets fresh","Manufacturing","Tonnes","288","thousands","3","v110323","1.129.8","10.36","","","","2"
"2021","Canada","2021A000011124","Beets fresh","Waste","Tonnes","288","thousands","3","v110324","1.129.9","1.16","","","","2"
"2022","Canada","2021A000011124","Beets fresh","Waste","Tonnes","288","thousands","3","v110324","1.129.9","1.08","","","","2"
"2023","Canada","2021A000011124","Beets fresh","Waste","Tonnes","288","thousands","3","v110324","1.129.9","1.20","","","","2"
"2024","Canada","2021A000011124","Beets fresh","Waste","Tonnes","288","thousands","3","v110324","1.129.9","1.31","","","","2"
"2025","Canada","2021A000011124","Beets fresh","Waste","Tonnes","288","thousands","3","v110324","1.129.9","1.32","","","","2"
"2021","Canada","2021A000011124","Beets canned","Total supply","Tonnes","288","thousands","3","v110329","1.130.2","","..","","","2"
"2022","Canada","2021A000011124","Beets canned","Total supply","Tonnes","288","thousands","3","v110329","1.130.2","","..","","","2"
"2023","Canada","2021A000011124","Beets canned","Total supply","Tonnes","288","thousands","3","v110329","1.130.2","","..","","","2"
"2024","Canada","2021A000011124","Beets canned","Total supply","Tonnes","288","thousands","3","v110329","1.130.2","","..","","","2"
"2025","Canada","2021A000011124","Beets canned","Total supply","Tonnes","288","thousands","3","v110329","1.130.2","","..","","","2"
"2021","Canada","2021A000011124","Beets canned","Imports","Tonnes","288","thousands","3","v110332","1.130.5","1.47","","","","2"
"2022","Canada","2021A000011124","Beets canned","Imports","Tonnes","288","thousands","3","v110332","1.130.5","1.74","","","","2"
"2023","Canada","2021A000011124","Beets canned","Imports","Tonnes","288","thousands","3","v110332","1.130.5","1.26","","","","2"
"2024","Canada","2021A000011124","Beets canned","Imports","Tonnes","288","thousands","3","v110332","1.130.5","","..","","","2"
"2025","Canada","2021A000011124","Beets canned","Imports","Tonnes","288","thousands","3","v110332","1.130.5","3.05","","","","2"
"2021","Canada","2021A000011124","Beets canned","Total disposition","Tonnes","288","thousands","3","v54326589","1.130.11","","..","","","2"
"2022","Canada","2021A000011124","Beets canned","Total disposition","Tonnes","288","thousands","3","v54326589","1.130.11","","..","","","2"
"2023","Canada","2021A000011124","Beets canned","Total disposition","Tonnes","288","thousands","3","v54326589","1.130.11","","..","","","2"
"2024","Canada","2021A000011124","Beets canned","Total disposition","Tonnes","288","thousands","3","v54326589","1.130.11","","..","","","2"
"2025","Canada","2021A000011124","Beets canned","Total disposition","Tonnes","288","thousands","3","v54326589","1.130.11","","..","","","2"
"2021","Canada","2021A000011124","Broccoli fresh","Total supply","Tonnes","288","thousands","3","v110341","1.131.2","107.28","","","","2"
"2022","Canada","2021A000011124","Broccoli fresh","Total supply","Tonnes","288","thousands","3","v110341","1.131.2","128.58","","","","2"
"2023","Canada","2021A000011124","Broccoli fresh","Total supply","Tonnes","288","thousands","3","v110341","1.131.2","125.27","","","","2"
"2024","Canada","2021A000011124","Broccoli fresh","Total supply","Tonnes","288","thousands","3","v110341","1.131.2","124.38","","","","2"
"2025","Canada","2021A000011124","Broccoli fresh","Total supply","Tonnes","288","thousands","3","v110341","1.131.2","122.50","","","","2"
"2021","Canada","2021A000011124","Broccoli fresh","Production","Tonnes","288","thousands","3","v110343","1.131.4","40.01","","","","2"
"2022","Canada","2021A000011124","Broccoli fresh","Production","Tonnes","288","thousands","3","v110343","1.131.4","35.58","E","","","2"
"2023","Canada","2021A000011124","Broccoli fresh","Production","Tonnes","288","thousands","3","v110343","1.131.4","34.38","","","","2"
"2024","Canada","2021A000011124","Broccoli fresh","Production","Tonnes","288","thousands","3","v110343","1.131.4","38.22","","","","2"
"2025","Canada","2021A000011124","Broccoli fresh","Production","Tonnes","288","thousands","3","v110343","1.131.4","39.82","","","","2"
"2021","Canada","2021A000011124","Broccoli fresh","Imports","Tonnes","288","thousands","3","v110344","1.131.5","67.27","","","","2"
"2022","Canada","2021A000011124","Broccoli fresh","Imports","Tonnes","288","thousands","3","v110344","1.131.5","93.01","","","","2"
"2023","Canada","2021A000011124","Broccoli fresh","Imports","Tonnes","288","thousands","3","v110344","1.131.5","90.89","","","","2"
"2024","Canada","2021A000011124","Broccoli fresh","Imports","Tonnes","288","thousands","3","v110344","1.131.5","86.16","","","","2"
"2025","Canada","2021A000011124","Broccoli fresh","Imports","Tonnes","288","thousands","3","v110344","1.131.5","82.68","","","","2"
"2021","Canada","2021A000011124","Broccoli fresh","Total disposition","Tonnes","288","thousands","3","v54326590","1.131.11","107.28","","","","2"
"2022","Canada","2021A000011124","Broccoli fresh","Total disposition","Tonnes","288","thousands","3","v54326590","1.131.11","128.58","","","","2"
"2023","Canada","2021A000011124","Broccoli fresh","Total disposition","Tonnes","288","thousands","3","v54326590","1.131.11","125.27","","","","2"
"2024","Canada","2021A000011124","Broccoli fresh","Total disposition","Tonnes","288","thousands","3","v54326590","1.131.11","124.38","","","","2"
"2025","Canada","2021A000011124","Broccoli fresh","Total disposition","Tonnes","288","thousands","3","v54326590","1.131.11","122.50","","","","2"
"2021","Canada","2021A000011124","Broccoli fresh","Domestic disappearance","Tonnes","288","thousands","3","v110340","1.131.1","95.38","","","","2"
"2022","Canada","2021A000011124","Broccoli fresh","Domestic disappearance","Tonnes","288","thousands","3","v110340","1.131.1","115.36","","","","2"
"2023","Canada","2021A000011124","Broccoli fresh","Domestic disappearance","Tonnes","288","thousands","3","v110340","1.131.1","112.79","","","","2"
"2024","Canada","2021A000011124","Broccoli fresh","Domestic disappearance","Tonnes","288","thousands","3","v110340","1.131.1","111.59","","","","2"
"2025","Canada","2021A000011124","Broccoli fresh","Domestic disappearance","Tonnes","288","thousands","3","v110340","1.131.1","109.79","","","","2"
"2021","Canada","2021A000011124","Broccoli fresh","Manufacturing","Tonnes","288","thousands","3","v110347","1.131.8","3.61","","","","2"
"2022","Canada","2021A000011124","Broccoli fresh","Manufacturing","Tonnes","288","thousands","3","v110347","1.131.8","3.19","","","","2"
"2023","Canada","2021A000011124","Broccoli fresh","Manufacturing","Tonnes","288","thousands","3","v110347","1.131.8","2.67","","","","2"
"2024","Canada","2021A000011124","Broccoli fresh","Manufacturing","Tonnes","288","thousands","3","v110347","1.131.8","3.09","","","","2"
"2025","Canada","2021A000011124","Broccoli fresh","Manufacturing","Tonnes","288","thousands","3","v110347","1.131.8","3.16","","","","2"
"2021","Canada","2021A000011124","Broccoli fresh","Waste","Tonnes","288","thousands","3","v110348","1.131.9","8.29","","","","2"
"2022","Canada","2021A000011124","Broccoli fresh","Waste","Tonnes","288","thousands","3","v110348","1.131.9","10.03","","","","2"
"2023","Canada","2021A000011124","Broccoli fresh","Waste","Tonnes","288","thousands","3","v110348","1.131.9","9.81","","","","2"
"2024","Canada","2021A000011124","Broccoli fresh","Waste","Tonnes","288","thousands","3","v110348","1.131.9","9.70","","","","2"
"2025","Canada","2021A000011124","Broccoli fresh","Waste","Tonnes","288","thousands","3","v110348","1.131.9","9.55","","","","2"
"2021","Canada","2021A000011124","Broccoli frozen","Total supply","Tonnes","288","thousands","3","v109656","1.132.2","","..","","","2"
"2022","Canada","2021A000011124","Broccoli frozen","Total supply","Tonnes","288","thousands","3","v109656","1.132.2","","..","","","2"
"2023","Canada","2021A000011124","Broccoli frozen","Total supply","Tonnes","288","thousands","3","v109656","1.132.2","","..","","","2"
"2024","Canada","2021A000011124","Broccoli frozen","Total supply","Tonnes","288","thousands","3","v109656","1.132.2","","..","","","2"
"2025","Canada","2021A000011124","Broccoli frozen","Total supply","Tonnes","288","thousands","3","v109656","1.132.2","","..","","","2"
"2021","Canada","2021A000011124","Broccoli frozen","Imports","Tonnes","288","thousands","3","v109659","1.132.5","26.92","","","","2"
"2022","Canada","2021A000011124","Broccoli frozen","Imports","Tonnes","288","thousands","3","v109659","1.132.5","27.97","","","","2"
"2023","Canada","2021A000011124","Broccoli frozen","Imports","Tonnes","288","thousands","3","v109659","1.132.5","25.96","","","","2"
"2024","Canada","2021A000011124","Broccoli frozen","Imports","Tonnes","288","thousands","3","v109659","1.132.5","","..","","","2"
"2025","Canada","2021A000011124","Broccoli frozen","Imports","Tonnes","288","thousands","3","v109659","1.132.5","27.93","","","","2"
"2021","Canada","2021A000011124","Broccoli frozen","Total disposition","Tonnes","288","thousands","3","v54326528","1.132.11","","..","","","2"
"2022","Canada","2021A000011124","Broccoli frozen","Total disposition","Tonnes","288","thousands","3","v54326528","1.132.11","","..","","","2"
"2023","Canada","2021A000011124","Broccoli frozen","Total disposition","Tonnes","288","thousands","3","v54326528","1.132.11","","..","","","2"
"2024","Canada","2021A000011124","Broccoli frozen","Total disposition","Tonnes","288","thousands","3","v54326528","1.132.11","","..","","","2"
"2025","Canada","2021A000011124","Broccoli frozen","Total disposition","Tonnes","288","thousands","3","v54326528","1.132.11","","..","","","2"
"2021","Canada","2021A000011124","Brussels sprouts fresh","Total supply","Tonnes","288","thousands","3","v109668","1.133.2","18.11","","","","2"
"2022","Canada","2021A000011124","Brussels sprouts fresh","Total supply","Tonnes","288","thousands","3","v109668","1.133.2","18.31","","","","2"
"2023","Canada","2021A000011124","Brussels sprouts fresh","Total supply","Tonnes","288","thousands","3","v109668","1.133.2","17.56","","","","2"
"2024","Canada","2021A000011124","Brussels sprouts fresh","Total supply","Tonnes","288","thousands","3","v109668","1.133.2","18.67","","","","2"
"2025","Canada","2021A000011124","Brussels sprouts fresh","Total supply","Tonnes","288","thousands","3","v109668","1.133.2","16.92","","","","2"
"2021","Canada","2021A000011124","Brussels sprouts fresh","Production","Tonnes","288","thousands","3","v109670","1.133.4","5.48","E","","","2"
"2022","Canada","2021A000011124","Brussels sprouts fresh","Production","Tonnes","288","thousands","3","v109670","1.133.4","6.80","","","","2"
"2023","Canada","2021A000011124","Brussels sprouts fresh","Production","Tonnes","288","thousands","3","v109670","1.133.4","6.54","","","","2"
"2024","Canada","2021A000011124","Brussels sprouts fresh","Production","Tonnes","288","thousands","3","v109670","1.133.4","6.73","","","","2"
"2025","Canada","2021A000011124","Brussels sprouts fresh","Production","Tonnes","288","thousands","3","v109670","1.133.4","7.00","","","","2"
"2021","Canada","2021A000011124","Brussels sprouts fresh","Imports","Tonnes","288","thousands","3","v109671","1.133.5","12.63","","","","2"
"2022","Canada","2021A000011124","Brussels sprouts fresh","Imports","Tonnes","288","thousands","3","v109671","1.133.5","11.51","","","","2"
"2023","Canada","2021A000011124","Brussels sprouts fresh","Imports","Tonnes","288","thousands","3","v109671","1.133.5","11.01","","","","2"
"2024","Canada","2021A000011124","Brussels sprouts fresh","Imports","Tonnes","288","thousands","3","v109671","1.133.5","11.93","","","","2"
"2025","Canada","2021A000011124","Brussels sprouts fresh","Imports","Tonnes","288","thousands","3","v109671","1.133.5","9.92","","","","2"
"2021","Canada","2021A000011124","Brussels sprouts fresh","Total disposition","Tonnes","288","thousands","3","v54326529","1.133.11","18.11","","","","2"
"2022","Canada","2021A000011124","Brussels sprouts fresh","Total disposition","Tonnes","288","thousands","3","v54326529","1.133.11","18.31","","","","2"
"2023","Canada","2021A000011124","Brussels sprouts fresh","Total disposition","Tonnes","288","thousands","3","v54326529","1.133.11","17.56","","","","2"
"2024","Canada","2021A000011124","Brussels sprouts fresh","Total disposition","Tonnes","288","thousands","3","v54326529","1.133.11","18.67","","","","2"
"2025","Canada","2021A000011124","Brussels sprouts fresh","Total disposition","Tonnes","288","thousands","3","v54326529","1.133.11","16.92","","","","2"
"2021","Canada","2021A000011124","Brussels sprouts fresh","Domestic disappearance","Tonnes","288","thousands","3","v109667","1.133.1","14.97","","","","2"
"2022","Canada","2021A000011124","Brussels sprouts fresh","Domestic disappearance","Tonnes","288","thousands","3","v109667","1.133.1","14.62","","","","2"
"2023","Canada","2021A000011124","Brussels sprouts fresh","Domestic disappearance","Tonnes","288","thousands","3","v109667","1.133.1","14.02","","","","2"
"2024","Canada","2021A000011124","Brussels sprouts fresh","Domestic disappearance","Tonnes","288","thousands","3","v109667","1.133.1","14.16","","","","2"
"2025","Canada","2021A000011124","Brussels sprouts fresh","Domestic disappearance","Tonnes","288","thousands","3","v109667","1.133.1","11.61","","","","2"
"2021","Canada","2021A000011124","Brussels sprouts fresh","Exports","Tonnes","288","thousands","3","v109673","1.133.7","0.81","","","","2"
"2022","Canada","2021A000011124","Brussels sprouts fresh","Exports","Tonnes","288","thousands","3","v109673","1.133.7","1.07","","","","2"
"2023","Canada","2021A000011124","Brussels sprouts fresh","Exports","Tonnes","288","thousands","3","v109673","1.133.7","0.78","","","","2"
"2024","Canada","2021A000011124","Brussels sprouts fresh","Exports","Tonnes","288","thousands","3","v109673","1.133.7","1.70","","","","2"
"2025","Canada","2021A000011124","Brussels sprouts fresh","Exports","Tonnes","288","thousands","3","v109673","1.133.7","2.71","","","","2"
"2021","Canada","2021A000011124","Brussels sprouts fresh","Manufacturing","Tonnes","288","thousands","3","v109674","1.133.8","1.03","E","","","2"
"2022","Canada","2021A000011124","Brussels sprouts fresh","Manufacturing","Tonnes","288","thousands","3","v109674","1.133.8","1.35","","","","2"
"2023","Canada","2021A000011124","Brussels sprouts fresh","Manufacturing","Tonnes","288","thousands","3","v109674","1.133.8","1.54","","","","2"
"2024","Canada","2021A000011124","Brussels sprouts fresh","Manufacturing","Tonnes","288","thousands","3","v109674","1.133.8","1.58","","","","2"
"2025","Canada","2021A000011124","Brussels sprouts fresh","Manufacturing","Tonnes","288","thousands","3","v109674","1.133.8","1.60","","","","2"
"2021","Canada","2021A000011124","Brussels sprouts fresh","Waste","Tonnes","288","thousands","3","v109675","1.133.9","1.30","","","","2"
"2022","Canada","2021A000011124","Brussels sprouts fresh","Waste","Tonnes","288","thousands","3","v109675","1.133.9","1.27","","","","2"
"2023","Canada","2021A000011124","Brussels sprouts fresh","Waste","Tonnes","288","thousands","3","v109675","1.133.9","1.22","","","","2"
"2024","Canada","2021A000011124","Brussels sprouts fresh","Waste","Tonnes","288","thousands","3","v109675","1.133.9","1.23","","","","2"
"2025","Canada","2021A000011124","Brussels sprouts fresh","Waste","Tonnes","288","thousands","3","v109675","1.133.9","1.01","","","","2"
"2021","Canada","2021A000011124","Brussels sprouts frozen","Total supply","Tonnes","288","thousands","3","v109680","1.134.2","","..","","","2"
"2022","Canada","2021A000011124","Brussels sprouts frozen","Total supply","Tonnes","288","thousands","3","v109680","1.134.2","","..","","","2"
"2023","Canada","2021A000011124","Brussels sprouts frozen","Total supply","Tonnes","288","thousands","3","v109680","1.134.2","","..","","","2"
"2024","Canada","2021A000011124","Brussels sprouts frozen","Total supply","Tonnes","288","thousands","3","v109680","1.134.2","","..","","","2"
"2025","Canada","2021A000011124","Brussels sprouts frozen","Total supply","Tonnes","288","thousands","3","v109680","1.134.2","","..","","","2"
"2021","Canada","2021A000011124","Brussels sprouts frozen","Imports","Tonnes","288","thousands","3","v109683","1.134.5","1.27","","","","2"
"2022","Canada","2021A000011124","Brussels sprouts frozen","Imports","Tonnes","288","thousands","3","v109683","1.134.5","2.61","","","","2"
"2023","Canada","2021A000011124","Brussels sprouts frozen","Imports","Tonnes","288","thousands","3","v109683","1.134.5","1.77","","","","2"
"2024","Canada","2021A000011124","Brussels sprouts frozen","Imports","Tonnes","288","thousands","3","v109683","1.134.5","","..","","","2"
"2025","Canada","2021A000011124","Brussels sprouts frozen","Imports","Tonnes","288","thousands","3","v109683","1.134.5","1.44","","","","2"
"2021","Canada","2021A000011124","Brussels sprouts frozen","Total disposition","Tonnes","288","thousands","3","v54326530","1.134.11","","..","","","2"
"2022","Canada","2021A000011124","Brussels sprouts frozen","Total disposition","Tonnes","288","thousands","3","v54326530","1.134.11","","..","","","2"
"2023","Canada","2021A000011124","Brussels sprouts frozen","Total disposition","Tonnes","288","thousands","3","v54326530","1.134.11","","..","","","2"
"2024","Canada","2021A000011124","Brussels sprouts frozen","Total disposition","Tonnes","288","thousands","3","v54326530","1.134.11","","..","","","2"
"2025","Canada","2021A000011124","Brussels sprouts frozen","Total disposition","Tonnes","288","thousands","3","v54326530","1.134.11","","..","","","2"
"2021","Canada","2021A000011124","Cabbage fresh","Total supply","Tonnes","288","thousands","3","v109692","1.135.2","315.63","","","","2"
"2022","Canada","2021A000011124","Cabbage fresh","Total supply","Tonnes","288","thousands","3","v109692","1.135.2","316.22","","","","2"
"2023","Canada","2021A000011124","Cabbage fresh","Total supply","Tonnes","288","thousands","3","v109692","1.135.2","289.18","","","","2"
"2024","Canada","2021A000011124","Cabbage fresh","Total supply","Tonnes","288","thousands","3","v109692","1.135.2","302.99","","","","2"
"2025","Canada","2021A000011124","Cabbage fresh","Total supply","Tonnes","288","thousands","3","v109692","1.135.2","325.74","","","","2"
"2021","Canada","2021A000011124","Cabbage fresh","Beginning stocks","Tonnes","288","thousands","3","v109693","1.135.3","33.43","","","","2"
"2022","Canada","2021A000011124","Cabbage fresh","Beginning stocks","Tonnes","288","thousands","3","v109693","1.135.3","36.13","","","","2"
"2023","Canada","2021A000011124","Cabbage fresh","Beginning stocks","Tonnes","288","thousands","3","v109693","1.135.3","35.67","","","","2"
"2024","Canada","2021A000011124","Cabbage fresh","Beginning stocks","Tonnes","288","thousands","3","v109693","1.135.3","29.17","","","","2"
"2025","Canada","2021A000011124","Cabbage fresh","Beginning stocks","Tonnes","288","thousands","3","v109693","1.135.3","33.00","","","","2"
"2021","Canada","2021A000011124","Cabbage fresh","Production","Tonnes","288","thousands","3","v109694","1.135.4","167.83","","","","2"
"2022","Canada","2021A000011124","Cabbage fresh","Production","Tonnes","288","thousands","3","v109694","1.135.4","167.98","","","","2"
"2023","Canada","2021A000011124","Cabbage fresh","Production","Tonnes","288","thousands","3","v109694","1.135.4","149.21","","","","2"
"2024","Canada","2021A000011124","Cabbage fresh","Production","Tonnes","288","thousands","3","v109694","1.135.4","164.64","","","","2"
"2025","Canada","2021A000011124","Cabbage fresh","Production","Tonnes","288","thousands","3","v109694","1.135.4","183.52","","","","2"
"2021","Canada","2021A000011124","Cabbage fresh","Imports","Tonnes","288","thousands","3","v109695","1.135.5","114.37","","","","2"
"2022","Canada","2021A000011124","Cabbage fresh","Imports","Tonnes","288","thousands","3","v109695","1.135.5","112.10","","","","2"
"2023","Canada","2021A000011124","Cabbage fresh","Imports","Tonnes","288","thousands","3","v109695","1.135.5","104.30","","","","2"
"2024","Canada","2021A000011124","Cabbage fresh","Imports","Tonnes","288","thousands","3","v109695","1.135.5","109.18","","","","2"
"2025","Canada","2021A000011124","Cabbage fresh","Imports","Tonnes","288","thousands","3","v109695","1.135.5","109.22","","","","2"
"2021","Canada","2021A000011124","Cabbage fresh","Total disposition","Tonnes","288","thousands","3","v54326531","1.135.11","279.50","","","","2"
"2022","Canada","2021A000011124","Cabbage fresh","Total disposition","Tonnes","288","thousands","3","v54326531","1.135.11","280.55","","","","2"
"2023","Canada","2021A000011124","Cabbage fresh","Total disposition","Tonnes","288","thousands","3","v54326531","1.135.11","260.01","","","","2"
"2024","Canada","2021A000011124","Cabbage fresh","Total disposition","Tonnes","288","thousands","3","v54326531","1.135.11","269.99","","","","2"
"2025","Canada","2021A000011124","Cabbage fresh","Total disposition","Tonnes","288","thousands","3","v54326531","1.135.11","287.60","","","","2"
"2021","Canada","2021A000011124","Cabbage fresh","Domestic disappearance","Tonnes","288","thousands","3","v109691","1.135.1","162.63","","","","2"
"2022","Canada","2021A000011124","Cabbage fresh","Domestic disappearance","Tonnes","288","thousands","3","v109691","1.135.1","165.14","","","","2"
"2023","Canada","2021A000011124","Cabbage fresh","Domestic disappearance","Tonnes","288","thousands","3","v109691","1.135.1","145.09","","","","2"
"2024","Canada","2021A000011124","Cabbage fresh","Domestic disappearance","Tonnes","288","thousands","3","v109691","1.135.1","153.34","","","","2"
"2025","Canada","2021A000011124","Cabbage fresh","Domestic disappearance","Tonnes","288","thousands","3","v109691","1.135.1","165.92","","","","2"
"2021","Canada","2021A000011124","Cabbage fresh","Exports","Tonnes","288","thousands","3","v107744669","1.135.7","83.53","","","","2"
"2022","Canada","2021A000011124","Cabbage fresh","Exports","Tonnes","288","thousands","3","v107744669","1.135.7","79.70","","","","2"
"2023","Canada","2021A000011124","Cabbage fresh","Exports","Tonnes","288","thousands","3","v107744669","1.135.7","81.69","","","","2"
"2024","Canada","2021A000011124","Cabbage fresh","Exports","Tonnes","288","thousands","3","v107744669","1.135.7","85.56","","","","2"
"2025","Canada","2021A000011124","Cabbage fresh","Exports","Tonnes","288","thousands","3","v107744669","1.135.7","83.71","","","","2"
"2021","Canada","2021A000011124","Cabbage fresh","Manufacturing","Tonnes","288","thousands","3","v109698","1.135.8","21.10","E","","","2"
"2022","Canada","2021A000011124","Cabbage fresh","Manufacturing","Tonnes","288","thousands","3","v109698","1.135.8","23.28","E","","","2"
"2023","Canada","2021A000011124","Cabbage fresh","Manufacturing","Tonnes","288","thousands","3","v109698","1.135.8","22.31","","","","2"
"2024","Canada","2021A000011124","Cabbage fresh","Manufacturing","Tonnes","288","thousands","3","v109698","1.135.8","19.55","","","","2"
"2025","Canada","2021A000011124","Cabbage fresh","Manufacturing","Tonnes","288","thousands","3","v109698","1.135.8","25.49","","","","2"
"2021","Canada","2021A000011124","Cabbage fresh","Waste","Tonnes","288","thousands","3","v109699","1.135.9","12.24","","","","2"
"2022","Canada","2021A000011124","Cabbage fresh","Waste","Tonnes","288","thousands","3","v109699","1.135.9","12.43","","","","2"
"2023","Canada","2021A000011124","Cabbage fresh","Waste","Tonnes","288","thousands","3","v109699","1.135.9","10.92","","","","2"
"2024","Canada","2021A000011124","Cabbage fresh","Waste","Tonnes","288","thousands","3","v109699","1.135.9","11.54","","","","2"
"2025","Canada","2021A000011124","Cabbage fresh","Waste","Tonnes","288","thousands","3","v109699","1.135.9","12.49","","","","2"
"2021","Canada","2021A000011124","Cabbage fresh","Ending stocks","Tonnes","288","thousands","3","v109700","1.135.10","36.13","","","","2"
"2022","Canada","2021A000011124","Cabbage fresh","Ending stocks","Tonnes","288","thousands","3","v109700","1.135.10","35.67","","","","2"
"2023","Canada","2021A000011124","Cabbage fresh","Ending stocks","Tonnes","288","thousands","3","v109700","1.135.10","29.17","","","","2"
"2024","Canada","2021A000011124","Cabbage fresh","Ending stocks","Tonnes","288","thousands","3","v109700","1.135.10","33.00","","","","2"
"2025","Canada","2021A000011124","Cabbage fresh","Ending stocks","Tonnes","288","thousands","3","v109700","1.135.10","38.14","","","","2"
"2021","Canada","2021A000011124","Chinese cabbage fresh","Total supply","Tonnes","288","thousands","3","v109704","1.136.2","69.37","","","","2"
"2022","Canada","2021A000011124","Chinese cabbage fresh","Total supply","Tonnes","288","thousands","3","v109704","1.136.2","70.35","","","","2"
"2023","Canada","2021A000011124","Chinese cabbage fresh","Total supply","Tonnes","288","thousands","3","v109704","1.136.2","65.94","","","","2"
"2024","Canada","2021A000011124","Chinese cabbage fresh","Total supply","Tonnes","288","thousands","3","v109704","1.136.2","69.37","","","","2"
"2025","Canada","2021A000011124","Chinese cabbage fresh","Total supply","Tonnes","288","thousands","3","v109704","1.136.2","62.15","","","","2"
"2021","Canada","2021A000011124","Chinese cabbage fresh","Production","Tonnes","288","units","0","v1064335398","1.136.4","25.81","","","","2"
"2022","Canada","2021A000011124","Chinese cabbage fresh","Production","Tonnes","288","units","0","v1064335398","1.136.4","26.93","","","","2"
"2023","Canada","2021A000011124","Chinese cabbage fresh","Production","Tonnes","288","units","0","v1064335398","1.136.4","23.22","","","","2"
"2024","Canada","2021A000011124","Chinese cabbage fresh","Production","Tonnes","288","units","0","v1064335398","1.136.4","27.26","","","","2"
"2025","Canada","2021A000011124","Chinese cabbage fresh","Production","Tonnes","288","units","0","v1064335398","1.136.4","24.92","","","","2"
"2021","Canada","2021A000011124","Chinese cabbage fresh","Imports","Tonnes","288","thousands","3","v109707","1.136.5","43.56","","","","2"
"2022","Canada","2021A000011124","Chinese cabbage fresh","Imports","Tonnes","288","thousands","3","v109707","1.136.5","43.42","","","","2"
"2023","Canada","2021A000011124","Chinese cabbage fresh","Imports","Tonnes","288","thousands","3","v109707","1.136.5","42.72","","","","2"
"2024","Canada","2021A000011124","Chinese cabbage fresh","Imports","Tonnes","288","thousands","3","v109707","1.136.5","42.11","","","","2"
"2025","Canada","2021A000011124","Chinese cabbage fresh","Imports","Tonnes","288","thousands","3","v109707","1.136.5","37.23","","","","2"
"2021","Canada","2021A000011124","Chinese cabbage fresh","Total disposition","Tonnes","288","thousands","3","v54326532","1.136.11","69.37","","","","2"
"2022","Canada","2021A000011124","Chinese cabbage fresh","Total disposition","Tonnes","288","thousands","3","v54326532","1.136.11","70.35","","","","2"
"2023","Canada","2021A000011124","Chinese cabbage fresh","Total disposition","Tonnes","288","thousands","3","v54326532","1.136.11","65.94","","","","2"
"2024","Canada","2021A000011124","Chinese cabbage fresh","Total disposition","Tonnes","288","thousands","3","v54326532","1.136.11","69.37","","","","2"
"2025","Canada","2021A000011124","Chinese cabbage fresh","Total disposition","Tonnes","288","thousands","3","v54326532","1.136.11","62.15","","","","2"
"2021","Canada","2021A000011124","Chinese cabbage fresh","Domestic disappearance","Tonnes","288","thousands","3","v109703","1.136.1","64.52","","","","2"
"2022","Canada","2021A000011124","Chinese cabbage fresh","Domestic disappearance","Tonnes","288","thousands","3","v109703","1.136.1","65.43","","","","2"
"2023","Canada","2021A000011124","Chinese cabbage fresh","Domestic disappearance","Tonnes","288","thousands","3","v109703","1.136.1","61.33","","","","2"
"2024","Canada","2021A000011124","Chinese cabbage fresh","Domestic disappearance","Tonnes","288","thousands","3","v109703","1.136.1","62.02","","","","2"
"2025","Canada","2021A000011124","Chinese cabbage fresh","Domestic disappearance","Tonnes","288","thousands","3","v109703","1.136.1","55.24","","","","2"
"2021","Canada","2021A000011124","Chinese cabbage fresh","Manufacturing","Tonnes","288","units","0","v1064335400","1.136.8","0.00","","","","2"
"2022","Canada","2021A000011124","Chinese cabbage fresh","Manufacturing","Tonnes","288","units","0","v1064335400","1.136.8","","F","","","2"
"2023","Canada","2021A000011124","Chinese cabbage fresh","Manufacturing","Tonnes","288","units","0","v1064335400","1.136.8","","F","","","2"
"2024","Canada","2021A000011124","Chinese cabbage fresh","Manufacturing","Tonnes","288","units","0","v1064335400","1.136.8","","x","","","2"
"2025","Canada","2021A000011124","Chinese cabbage fresh","Manufacturing","Tonnes","288","units","0","v1064335400","1.136.8","2.75","E","","","2"
"2021","Canada","2021A000011124","Chinese cabbage fresh","Waste","Tonnes","288","thousands","3","v109711","1.136.9","4.86","","","","2"
"2022","Canada","2021A000011124","Chinese cabbage fresh","Waste","Tonnes","288","thousands","3","v109711","1.136.9","4.92","","","","2"
"2023","Canada","2021A000011124","Chinese cabbage fresh","Waste","Tonnes","288","thousands","3","v109711","1.136.9","4.62","","","","2"
"2024","Canada","2021A000011124","Chinese cabbage fresh","Waste","Tonnes","288","thousands","3","v109711","1.136.9","","x","","","2"
"2025","Canada","2021A000011124","Chinese cabbage fresh","Waste","Tonnes","288","thousands","3","v109711","1.136.9","4.16","","","","2"
"2021","Canada","2021A000011124","Kale fresh","Total supply","Tonnes","288","units","0","v1064253147","1.194.2","30.69","","","","2"
"2022","Canada","2021A000011124","Kale fresh","Total supply","Tonnes","288","units","0","v1064253147","1.194.2","31.34","","","","2"
"2023","Canada","2021A000011124","Kale fresh","Total supply","Tonnes","288","units","0","v1064253147","1.194.2","27.36","","","","2"
"2024","Canada","2021A000011124","Kale fresh","Total supply","Tonnes","288","units","0","v1064253147","1.194.2","28.27","","","","2"
"2025","Canada","2021A000011124","Kale fresh","Total supply","Tonnes","288","units","0","v1064253147","1.194.2","26.72","","","","2"
"2021","Canada","2021A000011124","Kale fresh","Production","Tonnes","288","units","0","v1064253148","1.194.4","2.70","E","","","2"
"2022","Canada","2021A000011124","Kale fresh","Production","Tonnes","288","units","0","v1064253148","1.194.4","2.94","","","","2"
"2023","Canada","2021A000011124","Kale fresh","Production","Tonnes","288","units","0","v1064253148","1.194.4","2.79","","","","2"
"2024","Canada","2021A000011124","Kale fresh","Production","Tonnes","288","units","0","v1064253148","1.194.4","2.48","","","","2"
"2025","Canada","2021A000011124","Kale fresh","Production","Tonnes","288","units","0","v1064253148","1.194.4","2.34","","","","2"
"2021","Canada","2021A000011124","Kale fresh","Imports","Tonnes","288","units","0","v1064253149","1.194.5","27.99","","","","2"
"2022","Canada","2021A000011124","Kale fresh","Imports","Tonnes","288","units","0","v1064253149","1.194.5","28.40","","","","2"
"2023","Canada","2021A000011124","Kale fresh","Imports","Tonnes","288","units","0","v1064253149","1.194.5","24.57","","","","2"
"2024","Canada","2021A000011124","Kale fresh","Imports","Tonnes","288","units","0","v1064253149","1.194.5","25.79","","","","2"
"2025","Canada","2021A000011124","Kale fresh","Imports","Tonnes","288","units","0","v1064253149","1.194.5","24.37","","","","2"
"2021","Canada","2021A000011124","Kale fresh","Total disposition","Tonnes","288","units","0","v1064253151","1.194.11","30.69","","","","2"
"2022","Canada","2021A000011124","Kale fresh","Total disposition","Tonnes","288","units","0","v1064253151","1.194.11","31.34","","","","2"
"2023","Canada","2021A000011124","Kale fresh","Total disposition","Tonnes","288","units","0","v1064253151","1.194.11","27.36","","","","2"
"2024","Canada","2021A000011124","Kale fresh","Total disposition","Tonnes","288","units","0","v1064253151","1.194.11","28.27","","","","2"
"2025","Canada","2021A000011124","Kale fresh","Total disposition","Tonnes","288","units","0","v1064253151","1.194.11","26.72","","","","2"
"2021","Canada","2021A000011124","Kale fresh","Domestic disappearance","Tonnes","288","units","0","v1064253146","1.194.1","26.91","","","","2"
"2022","Canada","2021A000011124","Kale fresh","Domestic disappearance","Tonnes","288","units","0","v1064253146","1.194.1","27.46","","","","2"
"2023","Canada","2021A000011124","Kale fresh","Domestic disappearance","Tonnes","288","units","0","v1064253146","1.194.1","23.98","","","","2"
"2024","Canada","2021A000011124","Kale fresh","Domestic disappearance","Tonnes","288","units","0","v1064253146","1.194.1","24.80","","","","2"
"2025","Canada","2021A000011124","Kale fresh","Domestic disappearance","Tonnes","288","units","0","v1064253146","1.194.1","23.47","","","","2"
"2021","Canada","2021A000011124","Kale fresh","Exports","Tonnes","288","units","0","v1277416519","1.194.7","","..","","","2"
"2022","Canada","2021A000011124","Kale fresh","Exports","Tonnes","288","units","0","v1277416519","1.194.7","","..","","","2"
"2023","Canada","2021A000011124","Kale fresh","Exports","Tonnes","288","units","0","v1277416519","1.194.7","","..","","","2"
"2024","Canada","2021A000011124","Kale fresh","Exports","Tonnes","288","units","0","v1277416519","1.194.7","","..","","","2"
"2025","Canada","2021A000011124","Kale fresh","Exports","Tonnes","288","units","0","v1277416519","1.194.7","","..","","","2"
"2021","Canada","2021A000011124","Kale fresh","Manufacturing","Tonnes","288","units","0","v1277416520","1.194.8","","F","","","2"
"2022","Canada","2021A000011124","Kale fresh","Manufacturing","Tonnes","288","units","0","v1277416520","1.194.8","0.14","","","","2"
"2023","Canada","2021A000011124","Kale fresh","Manufacturing","Tonnes","288","units","0","v1277416520","1.194.8","0.11","","","","2"
"2024","Canada","2021A000011124","Kale fresh","Manufacturing","Tonnes","288","units","0","v1277416520","1.194.8","0.08","","","","2"
"2025","Canada","2021A000011124","Kale fresh","Manufacturing","Tonnes","288","units","0","v1277416520","1.194.8","","x","","","2"
"2021","Canada","2021A000011124","Kale fresh","Waste","Tonnes","288","units","0","v1064253150","1.194.9","3.67","","","","2"
"2022","Canada","2021A000011124","Kale fresh","Waste","Tonnes","288","units","0","v1064253150","1.194.9","3.74","","","","2"
"2023","Canada","2021A000011124","Kale fresh","Waste","Tonnes","288","units","0","v1064253150","1.194.9","3.27","","","","2"
"2024","Canada","2021A000011124","Kale fresh","Waste","Tonnes","288","units","0","v1064253150","1.194.9","3.38","","","","2"
"2025","Canada","2021A000011124","Kale fresh","Waste","Tonnes","288","units","0","v1064253150","1.194.9","","x","","","2"
"2021","Canada","2021A000011124","Carrots fresh","Total supply","Tonnes","288","thousands","3","v109716","1.137.2","500.78","","","","2"
"2022","Canada","2021A000011124","Carrots fresh","Total supply","Tonnes","288","thousands","3","v109716","1.137.2","479.53","","","","2"
"2023","Canada","2021A000011124","Carrots fresh","Total supply","Tonnes","288","thousands","3","v109716","1.137.2","479.70","","","","2"
"2024","Canada","2021A000011124","Carrots fresh","Total supply","Tonnes","288","thousands","3","v109716","1.137.2","506.79","","","","2"
"2025","Canada","2021A000011124","Carrots fresh","Total supply","Tonnes","288","thousands","3","v109716","1.137.2","548.00","","","","2"
"2021","Canada","2021A000011124","Carrots fresh","Beginning stocks","Tonnes","288","thousands","3","v109717","1.137.3","41.16","","","","2"
"2022","Canada","2021A000011124","Carrots fresh","Beginning stocks","Tonnes","288","thousands","3","v109717","1.137.3","49.14","","","","2"
"2023","Canada","2021A000011124","Carrots fresh","Beginning stocks","Tonnes","288","thousands","3","v109717","1.137.3","47.33","","","","2"
"2024","Canada","2021A000011124","Carrots fresh","Beginning stocks","Tonnes","288","thousands","3","v109717","1.137.3","45.56","","","","2"
"2025","Canada","2021A000011124","Carrots fresh","Beginning stocks","Tonnes","288","thousands","3","v109717","1.137.3","42.78","","","","2"
"2021","Canada","2021A000011124","Carrots fresh","Production","Tonnes","288","thousands","3","v109718","1.137.4","349.83","","","","2"
"2022","Canada","2021A000011124","Carrots fresh","Production","Tonnes","288","thousands","3","v109718","1.137.4","331.77","","","","2"
"2023","Canada","2021A000011124","Carrots fresh","Production","Tonnes","288","thousands","3","v109718","1.137.4","335.99","","","","2"
"2024","Canada","2021A000011124","Carrots fresh","Production","Tonnes","288","thousands","3","v109718","1.137.4","351.80","","","","2"
"2025","Canada","2021A000011124","Carrots fresh","Production","Tonnes","288","thousands","3","v109718","1.137.4","395.03","","","","2"
"2021","Canada","2021A000011124","Carrots fresh","Imports","Tonnes","288","thousands","3","v109719","1.137.5","109.79","","","","2"
"2022","Canada","2021A000011124","Carrots fresh","Imports","Tonnes","288","thousands","3","v109719","1.137.5","98.63","","","","2"
"2023","Canada","2021A000011124","Carrots fresh","Imports","Tonnes","288","thousands","3","v109719","1.137.5","96.38","","","","2"
"2024","Canada","2021A000011124","Carrots fresh","Imports","Tonnes","288","thousands","3","v109719","1.137.5","109.42","","","","2"
"2025","Canada","2021A000011124","Carrots fresh","Imports","Tonnes","288","thousands","3","v109719","1.137.5","110.20","","","","2"
"2021","Canada","2021A000011124","Carrots fresh","Total disposition","Tonnes","288","thousands","3","v54326533","1.137.11","451.64","","","","2"
"2022","Canada","2021A000011124","Carrots fresh","Total disposition","Tonnes","288","thousands","3","v54326533","1.137.11","432.20","","","","2"
"2023","Canada","2021A000011124","Carrots fresh","Total disposition","Tonnes","288","thousands","3","v54326533","1.137.11","434.14","","","","2"
"2024","Canada","2021A000011124","Carrots fresh","Total disposition","Tonnes","288","thousands","3","v54326533","1.137.11","464.01","","","","2"
"2025","Canada","2021A000011124","Carrots fresh","Total disposition","Tonnes","288","thousands","3","v54326533","1.137.11","495.56","","","","2"
"2021","Canada","2021A000011124","Carrots fresh","Domestic disappearance","Tonnes","288","thousands","3","v109715","1.137.1","239.58","","","","2"
"2022","Canada","2021A000011124","Carrots fresh","Domestic disappearance","Tonnes","288","thousands","3","v109715","1.137.1","232.66","","","","2"
"2023","Canada","2021A000011124","Carrots fresh","Domestic disappearance","Tonnes","288","thousands","3","v109715","1.137.1","220.83","","","","2"
"2024","Canada","2021A000011124","Carrots fresh","Domestic disappearance","Tonnes","288","thousands","3","v109715","1.137.1","234.66","","","","2"
"2025","Canada","2021A000011124","Carrots fresh","Domestic disappearance","Tonnes","288","thousands","3","v109715","1.137.1","277.36","","","","2"
"2021","Canada","2021A000011124","Carrots fresh","Exports","Tonnes","288","thousands","3","v109721","1.137.7","92.52","","","","2"
"2022","Canada","2021A000011124","Carrots fresh","Exports","Tonnes","288","thousands","3","v109721","1.137.7","98.42","","","","2"
"2023","Canada","2021A000011124","Carrots fresh","Exports","Tonnes","288","thousands","3","v109721","1.137.7","107.38","","","","2"
"2024","Canada","2021A000011124","Carrots fresh","Exports","Tonnes","288","thousands","3","v109721","1.137.7","106.86","","","","2"
"2025","Canada","2021A000011124","Carrots fresh","Exports","Tonnes","288","thousands","3","v109721","1.137.7","99.45","","","","2"
"2021","Canada","2021A000011124","Carrots fresh","Manufacturing","Tonnes","288","thousands","3","v109722","1.137.8","","x","","","2"
"2022","Canada","2021A000011124","Carrots fresh","Manufacturing","Tonnes","288","thousands","3","v109722","1.137.8","93.93","","","","2"
"2023","Canada","2021A000011124","Carrots fresh","Manufacturing","Tonnes","288","thousands","3","v109722","1.137.8","99.09","","","","2"
"2024","Canada","2021A000011124","Carrots fresh","Manufacturing","Tonnes","288","thousands","3","v109722","1.137.8","115.23","","","","2"
"2025","Canada","2021A000011124","Carrots fresh","Manufacturing","Tonnes","288","thousands","3","v109722","1.137.8","110.16","","","","2"
"2021","Canada","2021A000011124","Carrots fresh","Waste","Tonnes","288","thousands","3","v109723","1.137.9","","x","","","2"
"2022","Canada","2021A000011124","Carrots fresh","Waste","Tonnes","288","thousands","3","v109723","1.137.9","7.20","","","","2"
"2023","Canada","2021A000011124","Carrots fresh","Waste","Tonnes","288","thousands","3","v109723","1.137.9","6.83","","","","2"
"2024","Canada","2021A000011124","Carrots fresh","Waste","Tonnes","288","thousands","3","v109723","1.137.9","7.26","","","","2"
"2025","Canada","2021A000011124","Carrots fresh","Waste","Tonnes","288","thousands","3","v109723","1.137.9","8.58","","","","2"
"2021","Canada","2021A000011124","Carrots fresh","Ending stocks","Tonnes","288","thousands","3","v109724","1.137.10","49.14","","","","2"
"2022","Canada","2021A000011124","Carrots fresh","Ending stocks","Tonnes","288","thousands","3","v109724","1.137.10","47.33","","","","2"
"2023","Canada","2021A000011124","Carrots fresh","Ending stocks","Tonnes","288","thousands","3","v109724","1.137.10","45.56","","","","2"
"2024","Canada","2021A000011124","Carrots fresh","Ending stocks","Tonnes","288","thousands","3","v109724","1.137.10","42.78","","","","2"
"2025","Canada","2021A000011124","Carrots fresh","Ending stocks","Tonnes","288","thousands","3","v109724","1.137.10","52.44","","","","2"
"2021","Canada","2021A000011124","Carrots canned","Total supply","Tonnes","288","thousands","3","v109728","1.138.2","","..","","","2"
"2022","Canada","2021A000011124","Carrots canned","Total supply","Tonnes","288","thousands","3","v109728","1.138.2","","..","","","2"
"2023","Canada","2021A000011124","Carrots canned","Total supply","Tonnes","288","thousands","3","v109728","1.138.2","","..","","","2"
"2024","Canada","2021A000011124","Carrots canned","Total supply","Tonnes","288","thousands","3","v109728","1.138.2","","..","","","2"
"2025","Canada","2021A000011124","Carrots canned","Total supply","Tonnes","288","thousands","3","v109728","1.138.2","","..","","","2"
"2021","Canada","2021A000011124","Carrots canned","Imports","Tonnes","288","thousands","3","v109731","1.138.5","4.35","","","","2"
"2022","Canada","2021A000011124","Carrots canned","Imports","Tonnes","288","thousands","3","v109731","1.138.5","5.66","","","","2"
"2023","Canada","2021A000011124","Carrots canned","Imports","Tonnes","288","thousands","3","v109731","1.138.5","0.59","","","","2"
"2024","Canada","2021A000011124","Carrots canned","Imports","Tonnes","288","thousands","3","v109731","1.138.5","","..","","","2"
"2025","Canada","2021A000011124","Carrots canned","Imports","Tonnes","288","thousands","3","v109731","1.138.5","0.30","","","","2"
"2021","Canada","2021A000011124","Carrots canned","Total disposition","Tonnes","288","thousands","3","v54326534","1.138.11","","..","","","2"
"2022","Canada","2021A000011124","Carrots canned","Total disposition","Tonnes","288","thousands","3","v54326534","1.138.11","","..","","","2"
"2023","Canada","2021A000011124","Carrots canned","Total disposition","Tonnes","288","thousands","3","v54326534","1.138.11","","..","","","2"
"2024","Canada","2021A000011124","Carrots canned","Total disposition","Tonnes","288","thousands","3","v54326534","1.138.11","","..","","","2"
"2025","Canada","2021A000011124","Carrots canned","Total disposition","Tonnes","288","thousands","3","v54326534","1.138.11","","..","","","2"
"2021","Canada","2021A000011124","Carrots frozen","Total supply","Tonnes","288","thousands","3","v109740","1.139.2","","..","","","2"
"2022","Canada","2021A000011124","Carrots frozen","Total supply","Tonnes","288","thousands","3","v109740","1.139.2","","..","","","2"
"2023","Canada","2021A000011124","Carrots frozen","Total supply","Tonnes","288","thousands","3","v109740","1.139.2","","..","","","2"
"2024","Canada","2021A000011124","Carrots frozen","Total supply","Tonnes","288","thousands","3","v109740","1.139.2","","..","","","2"
"2025","Canada","2021A000011124","Carrots frozen","Total supply","Tonnes","288","thousands","3","v109740","1.139.2","","..","","","2"
"2021","Canada","2021A000011124","Carrots frozen","Imports","Tonnes","288","thousands","3","v109743","1.139.5","10.07","","","","2"
"2022","Canada","2021A000011124","Carrots frozen","Imports","Tonnes","288","thousands","3","v109743","1.139.5","7.53","","","","2"
"2023","Canada","2021A000011124","Carrots frozen","Imports","Tonnes","288","thousands","3","v109743","1.139.5","4.90","","","","2"
"2024","Canada","2021A000011124","Carrots frozen","Imports","Tonnes","288","thousands","3","v109743","1.139.5","","..","","","2"
"2025","Canada","2021A000011124","Carrots frozen","Imports","Tonnes","288","thousands","3","v109743","1.139.5","3.93","","","","2"
"2021","Canada","2021A000011124","Carrots frozen","Total disposition","Tonnes","288","thousands","3","v54326535","1.139.11","","..","","","2"
"2022","Canada","2021A000011124","Carrots frozen","Total disposition","Tonnes","288","thousands","3","v54326535","1.139.11","","..","","","2"
"2023","Canada","2021A000011124","Carrots frozen","Total disposition","Tonnes","288","thousands","3","v54326535","1.139.11","","..","","","2"
"2024","Canada","2021A000011124","Carrots frozen","Total disposition","Tonnes","288","thousands","3","v54326535","1.139.11","","..","","","2"
"2025","Canada","2021A000011124","Carrots frozen","Total disposition","Tonnes","288","thousands","3","v54326535","1.139.11","","..","","","2"
"2021","Canada","2021A000011124","Cauliflower fresh","Total supply","Tonnes","288","thousands","3","v109752","1.140.2","155.43","","","","2"
"2022","Canada","2021A000011124","Cauliflower fresh","Total supply","Tonnes","288","thousands","3","v109752","1.140.2","89.77","","","","2"
"2023","Canada","2021A000011124","Cauliflower fresh","Total supply","Tonnes","288","thousands","3","v109752","1.140.2","95.09","","","","2"
"2024","Canada","2021A000011124","Cauliflower fresh","Total supply","Tonnes","288","thousands","3","v109752","1.140.2","95.53","","","","2"
"2025","Canada","2021A000011124","Cauliflower fresh","Total supply","Tonnes","288","thousands","3","v109752","1.140.2","95.92","","","","2"
"2021","Canada","2021A000011124","Cauliflower fresh","Production","Tonnes","288","thousands","3","v109754","1.140.4","30.61","","","","2"
"2022","Canada","2021A000011124","Cauliflower fresh","Production","Tonnes","288","thousands","3","v109754","1.140.4","28.91","","","","2"
"2023","Canada","2021A000011124","Cauliflower fresh","Production","Tonnes","288","thousands","3","v109754","1.140.4","27.31","","","","2"
"2024","Canada","2021A000011124","Cauliflower fresh","Production","Tonnes","288","thousands","3","v109754","1.140.4","26.84","","","","2"
"2025","Canada","2021A000011124","Cauliflower fresh","Production","Tonnes","288","thousands","3","v109754","1.140.4","30.58","","","","2"
"2021","Canada","2021A000011124","Cauliflower fresh","Imports","Tonnes","288","thousands","3","v109755","1.140.5","124.82","","","","2"
"2022","Canada","2021A000011124","Cauliflower fresh","Imports","Tonnes","288","thousands","3","v109755","1.140.5","60.85","","","","2"
"2023","Canada","2021A000011124","Cauliflower fresh","Imports","Tonnes","288","thousands","3","v109755","1.140.5","67.78","","","","2"
"2024","Canada","2021A000011124","Cauliflower fresh","Imports","Tonnes","288","thousands","3","v109755","1.140.5","68.69","","","","2"
"2025","Canada","2021A000011124","Cauliflower fresh","Imports","Tonnes","288","thousands","3","v109755","1.140.5","65.35","","","","2"
"2021","Canada","2021A000011124","Cauliflower fresh","Total disposition","Tonnes","288","thousands","3","v54326536","1.140.11","155.43","","","","2"
"2022","Canada","2021A000011124","Cauliflower fresh","Total disposition","Tonnes","288","thousands","3","v54326536","1.140.11","89.77","","","","2"
"2023","Canada","2021A000011124","Cauliflower fresh","Total disposition","Tonnes","288","thousands","3","v54326536","1.140.11","95.09","","","","2"
"2024","Canada","2021A000011124","Cauliflower fresh","Total disposition","Tonnes","288","thousands","3","v54326536","1.140.11","95.53","","","","2"
"2025","Canada","2021A000011124","Cauliflower fresh","Total disposition","Tonnes","288","thousands","3","v54326536","1.140.11","95.92","","","","2"
"2021","Canada","2021A000011124","Cauliflower fresh","Domestic disappearance","Tonnes","288","thousands","3","v109751","1.140.1","115.93","","","","2"
"2022","Canada","2021A000011124","Cauliflower fresh","Domestic disappearance","Tonnes","288","thousands","3","v109751","1.140.1","55.66","","","","2"
"2023","Canada","2021A000011124","Cauliflower fresh","Domestic disappearance","Tonnes","288","thousands","3","v109751","1.140.1","62.82","","","","2"
"2024","Canada","2021A000011124","Cauliflower fresh","Domestic disappearance","Tonnes","288","thousands","3","v109751","1.140.1","65.34","","","","2"
"2025","Canada","2021A000011124","Cauliflower fresh","Domestic disappearance","Tonnes","288","thousands","3","v109751","1.140.1","60.13","","","","2"
"2021","Canada","2021A000011124","Cauliflower fresh","Exports","Tonnes","288","thousands","3","v109757","1.140.7","26.31","","","","2"
"2022","Canada","2021A000011124","Cauliflower fresh","Exports","Tonnes","288","thousands","3","v109757","1.140.7","24.63","","","","2"
"2023","Canada","2021A000011124","Cauliflower fresh","Exports","Tonnes","288","thousands","3","v109757","1.140.7","23.30","","","","2"
"2024","Canada","2021A000011124","Cauliflower fresh","Exports","Tonnes","288","thousands","3","v109757","1.140.7","21.13","","","","2"
"2025","Canada","2021A000011124","Cauliflower fresh","Exports","Tonnes","288","thousands","3","v109757","1.140.7","25.88","","","","2"
"2021","Canada","2021A000011124","Cauliflower fresh","Manufacturing","Tonnes","288","thousands","3","v109758","1.140.8","3.11","E","","","2"
"2022","Canada","2021A000011124","Cauliflower fresh","Manufacturing","Tonnes","288","thousands","3","v109758","1.140.8","4.63","","","","2"
"2023","Canada","2021A000011124","Cauliflower fresh","Manufacturing","Tonnes","288","thousands","3","v109758","1.140.8","3.51","","","","2"
"2024","Canada","2021A000011124","Cauliflower fresh","Manufacturing","Tonnes","288","thousands","3","v109758","1.140.8","3.37","","","","2"
"2025","Canada","2021A000011124","Cauliflower fresh","Manufacturing","Tonnes","288","thousands","3","v109758","1.140.8","4.69","","","","2"
"2021","Canada","2021A000011124","Cauliflower fresh","Waste","Tonnes","288","thousands","3","v109759","1.140.9","10.08","","","","2"
"2022","Canada","2021A000011124","Cauliflower fresh","Waste","Tonnes","288","thousands","3","v109759","1.140.9","4.84","","","","2"
"2023","Canada","2021A000011124","Cauliflower fresh","Waste","Tonnes","288","thousands","3","v109759","1.140.9","5.46","","","","2"
"2024","Canada","2021A000011124","Cauliflower fresh","Waste","Tonnes","288","thousands","3","v109759","1.140.9","5.68","","","","2"
"2025","Canada","2021A000011124","Cauliflower fresh","Waste","Tonnes","288","thousands","3","v109759","1.140.9","5.23","","","","2"
"2021","Canada","2021A000011124","Cauliflower frozen","Total disposition","Tonnes","288","thousands","3","v54326537","1.141.11","","..","","t","2"
"2022","Canada","2021A000011124","Cauliflower frozen","Total disposition","Tonnes","288","thousands","3","v54326537","1.141.11","","..","","t","2"
"2023","Canada","2021A000011124","Cauliflower frozen","Total disposition","Tonnes","288","thousands","3","v54326537","1.141.11","","..","","t","2"
"2024","Canada","2021A000011124","Cauliflower frozen","Total disposition","Tonnes","288","thousands","3","v54326537","1.141.11","","..","","t","2"
"2025","Canada","2021A000011124","Cauliflower frozen","Total disposition","Tonnes","288","thousands","3","v54326537","1.141.11","","..","","t","2"
"2021","Canada","2021A000011124","Celery fresh","Total supply","Tonnes","288","thousands","3","v109788","1.142.2","119.02","","","","2"
"2022","Canada","2021A000011124","Celery fresh","Total supply","Tonnes","288","thousands","3","v109788","1.142.2","109.24","","","","2"
"2023","Canada","2021A000011124","Celery fresh","Total supply","Tonnes","288","thousands","3","v109788","1.142.2","106.95","","","","2"
"2024","Canada","2021A000011124","Celery fresh","Total supply","Tonnes","288","thousands","3","v109788","1.142.2","108.78","","","","2"
"2025","Canada","2021A000011124","Celery fresh","Total supply","Tonnes","288","thousands","3","v109788","1.142.2","100.24","","","","2"
"2021","Canada","2021A000011124","Celery fresh","Production","Tonnes","288","thousands","3","v109790","1.142.4","31.97","","","","2"
"2022","Canada","2021A000011124","Celery fresh","Production","Tonnes","288","thousands","3","v109790","1.142.4","31.40","","","","2"
"2023","Canada","2021A000011124","Celery fresh","Production","Tonnes","288","thousands","3","v109790","1.142.4","29.82","","","","2"
"2024","Canada","2021A000011124","Celery fresh","Production","Tonnes","288","thousands","3","v109790","1.142.4","30.39","","","","2"
"2025","Canada","2021A000011124","Celery fresh","Production","Tonnes","288","thousands","3","v109790","1.142.4","27.79","","","","2"
"2021","Canada","2021A000011124","Celery fresh","Imports","Tonnes","288","thousands","3","v109791","1.142.5","87.05","","","","2"
"2022","Canada","2021A000011124","Celery fresh","Imports","Tonnes","288","thousands","3","v109791","1.142.5","77.84","","","","2"
"2023","Canada","2021A000011124","Celery fresh","Imports","Tonnes","288","thousands","3","v109791","1.142.5","77.13","","","","2"
"2024","Canada","2021A000011124","Celery fresh","Imports","Tonnes","288","thousands","3","v109791","1.142.5","78.38","","","","2"
"2025","Canada","2021A000011124","Celery fresh","Imports","Tonnes","288","thousands","3","v109791","1.142.5","72.45","","","","2"
"2021","Canada","2021A000011124","Celery fresh","Total disposition","Tonnes","288","thousands","3","v54326539","1.142.11","119.02","","","","2"
"2022","Canada","2021A000011124","Celery fresh","Total disposition","Tonnes","288","thousands","3","v54326539","1.142.11","109.24","","","","2"
"2023","Canada","2021A000011124","Celery fresh","Total disposition","Tonnes","288","thousands","3","v54326539","1.142.11","106.95","","","","2"
"2024","Canada","2021A000011124","Celery fresh","Total disposition","Tonnes","288","thousands","3","v54326539","1.142.11","108.78","","","","2"
"2025","Canada","2021A000011124","Celery fresh","Total disposition","Tonnes","288","thousands","3","v54326539","1.142.11","100.24","","","","2"
"2021","Canada","2021A000011124","Celery fresh","Domestic disappearance","Tonnes","288","thousands","3","v109787","1.142.1","99.95","","","","2"
"2022","Canada","2021A000011124","Celery fresh","Domestic disappearance","Tonnes","288","thousands","3","v109787","1.142.1","88.65","","","","2"
"2023","Canada","2021A000011124","Celery fresh","Domestic disappearance","Tonnes","288","thousands","3","v109787","1.142.1","85.69","","","","2"
"2024","Canada","2021A000011124","Celery fresh","Domestic disappearance","Tonnes","288","thousands","3","v109787","1.142.1","86.73","","","","2"
"2025","Canada","2021A000011124","Celery fresh","Domestic disappearance","Tonnes","288","thousands","3","v109787","1.142.1","78.47","","","","2"
"2021","Canada","2021A000011124","Celery fresh","Exports","Tonnes","288","thousands","3","v109793","1.142.7","6.40","","","","2"
"2022","Canada","2021A000011124","Celery fresh","Exports","Tonnes","288","thousands","3","v109793","1.142.7","8.23","","","","2"
"2023","Canada","2021A000011124","Celery fresh","Exports","Tonnes","288","thousands","3","v109793","1.142.7","8.88","","","","2"
"2024","Canada","2021A000011124","Celery fresh","Exports","Tonnes","288","thousands","3","v109793","1.142.7","9.48","","","","2"
"2025","Canada","2021A000011124","Celery fresh","Exports","Tonnes","288","thousands","3","v109793","1.142.7","9.26","","","","2"
"2021","Canada","2021A000011124","Celery fresh","Manufacturing","Tonnes","288","thousands","3","v109794","1.142.8","5.14","E","","","2"
"2022","Canada","2021A000011124","Celery fresh","Manufacturing","Tonnes","288","thousands","3","v109794","1.142.8","5.69","E","","","2"
"2023","Canada","2021A000011124","Celery fresh","Manufacturing","Tonnes","288","thousands","3","v109794","1.142.8","5.92","E","","","2"
"2024","Canada","2021A000011124","Celery fresh","Manufacturing","Tonnes","288","thousands","3","v109794","1.142.8","","x","","","2"
"2025","Canada","2021A000011124","Celery fresh","Manufacturing","Tonnes","288","thousands","3","v109794","1.142.8","6.60","E","","","2"
"2021","Canada","2021A000011124","Celery fresh","Waste","Tonnes","288","thousands","3","v109795","1.142.9","7.52","","","","2"
"2022","Canada","2021A000011124","Celery fresh","Waste","Tonnes","288","thousands","3","v109795","1.142.9","6.67","","","","2"
"2023","Canada","2021A000011124","Celery fresh","Waste","Tonnes","288","thousands","3","v109795","1.142.9","6.45","","","","2"
"2024","Canada","2021A000011124","Celery fresh","Waste","Tonnes","288","thousands","3","v109795","1.142.9","","x","","","2"
"2025","Canada","2021A000011124","Celery fresh","Waste","Tonnes","288","thousands","3","v109795","1.142.9","5.91","","","","2"
"2021","Canada","2021A000011124","Corn fresh","Total supply","Tonnes","288","thousands","3","v109800","1.143.2","244.51","","","","2"
"2022","Canada","2021A000011124","Corn fresh","Total supply","Tonnes","288","thousands","3","v109800","1.143.2","234.22","","","","2"
"2023","Canada","2021A000011124","Corn fresh","Total supply","Tonnes","288","thousands","3","v109800","1.143.2","232.32","","","","2"
"2024","Canada","2021A000011124","Corn fresh","Total supply","Tonnes","288","thousands","3","v109800","1.143.2","244.89","","","","2"
"2025","Canada","2021A000011124","Corn fresh","Total supply","Tonnes","288","thousands","3","v109800","1.143.2","229.35","","","","2"
"2021","Canada","2021A000011124","Corn fresh","Production","Tonnes","288","thousands","3","v109802","1.143.4","191.58","","","","2"
"2022","Canada","2021A000011124","Corn fresh","Production","Tonnes","288","thousands","3","v109802","1.143.4","193.17","","","","2"
"2023","Canada","2021A000011124","Corn fresh","Production","Tonnes","288","thousands","3","v109802","1.143.4","188.71","","","","2"
"2024","Canada","2021A000011124","Corn fresh","Production","Tonnes","288","thousands","3","v109802","1.143.4","196.57","","","","2"
"2025","Canada","2021A000011124","Corn fresh","Production","Tonnes","288","thousands","3","v109802","1.143.4","185.81","","","","2"
"2021","Canada","2021A000011124","Corn fresh","Imports","Tonnes","288","thousands","3","v109803","1.143.5","52.93","","","","2"
"2022","Canada","2021A000011124","Corn fresh","Imports","Tonnes","288","thousands","3","v109803","1.143.5","41.05","","","","2"
"2023","Canada","2021A000011124","Corn fresh","Imports","Tonnes","288","thousands","3","v109803","1.143.5","43.61","","","","2"
"2024","Canada","2021A000011124","Corn fresh","Imports","Tonnes","288","thousands","3","v109803","1.143.5","48.32","","","","2"
"2025","Canada","2021A000011124","Corn fresh","Imports","Tonnes","288","thousands","3","v109803","1.143.5","43.54","","","","2"
"2021","Canada","2021A000011124","Corn fresh","Total disposition","Tonnes","288","thousands","3","v54326540","1.143.11","244.51","","","","2"
"2022","Canada","2021A000011124","Corn fresh","Total disposition","Tonnes","288","thousands","3","v54326540","1.143.11","234.22","","","","2"
"2023","Canada","2021A000011124","Corn fresh","Total disposition","Tonnes","288","thousands","3","v54326540","1.143.11","232.32","","","","2"
"2024","Canada","2021A000011124","Corn fresh","Total disposition","Tonnes","288","thousands","3","v54326540","1.143.11","244.89","","","","2"
"2025","Canada","2021A000011124","Corn fresh","Total disposition","Tonnes","288","thousands","3","v54326540","1.143.11","229.35","","","","2"
"2021","Canada","2021A000011124","Corn fresh","Domestic disappearance","Tonnes","288","thousands","3","v109799","1.143.1","112.08","","","","2"
"2022","Canada","2021A000011124","Corn fresh","Domestic disappearance","Tonnes","288","thousands","3","v109799","1.143.1","95.09","","","","2"
"2023","Canada","2021A000011124","Corn fresh","Domestic disappearance","Tonnes","288","thousands","3","v109799","1.143.1","94.95","","","","2"
"2024","Canada","2021A000011124","Corn fresh","Domestic disappearance","Tonnes","288","thousands","3","v109799","1.143.1","97.50","","","","2"
"2025","Canada","2021A000011124","Corn fresh","Domestic disappearance","Tonnes","288","thousands","3","v109799","1.143.1","94.61","","","","2"
"2021","Canada","2021A000011124","Corn fresh","Manufacturing","Tonnes","288","thousands","3","v109806","1.143.8","122.68","","","","2"
"2022","Canada","2021A000011124","Corn fresh","Manufacturing","Tonnes","288","thousands","3","v109806","1.143.8","130.86","","","","2"
"2023","Canada","2021A000011124","Corn fresh","Manufacturing","Tonnes","288","thousands","3","v109806","1.143.8","129.11","","","","2"
"2024","Canada","2021A000011124","Corn fresh","Manufacturing","Tonnes","288","thousands","3","v109806","1.143.8","138.91","","","","2"
"2025","Canada","2021A000011124","Corn fresh","Manufacturing","Tonnes","288","thousands","3","v109806","1.143.8","126.51","","","","2"
"2021","Canada","2021A000011124","Corn fresh","Waste","Tonnes","288","thousands","3","v109807","1.143.9","9.75","","","","2"
"2022","Canada","2021A000011124","Corn fresh","Waste","Tonnes","288","thousands","3","v109807","1.143.9","8.27","","","","2"
"2023","Canada","2021A000011124","Corn fresh","Waste","Tonnes","288","thousands","3","v109807","1.143.9","8.26","","","","2"
"2024","Canada","2021A000011124","Corn fresh","Waste","Tonnes","288","thousands","3","v109807","1.143.9","8.48","","","","2"
"2025","Canada","2021A000011124","Corn fresh","Waste","Tonnes","288","thousands","3","v109807","1.143.9","8.23","","","","2"
"2021","Canada","2021A000011124","Corn canned","Total supply","Tonnes","288","thousands","3","v109812","1.144.2","","..","","","2"
"2022","Canada","2021A000011124","Corn canned","Total supply","Tonnes","288","thousands","3","v109812","1.144.2","","..","","","2"
"2023","Canada","2021A000011124","Corn canned","Total supply","Tonnes","288","thousands","3","v109812","1.144.2","","..","","","2"
"2024","Canada","2021A000011124","Corn canned","Total supply","Tonnes","288","thousands","3","v109812","1.144.2","","..","","","2"
"2025","Canada","2021A000011124","Corn canned","Total supply","Tonnes","288","thousands","3","v109812","1.144.2","","..","","","2"
"2021","Canada","2021A000011124","Corn canned","Imports","Tonnes","288","thousands","3","v109815","1.144.5","2.59","","","","2"
"2022","Canada","2021A000011124","Corn canned","Imports","Tonnes","288","thousands","3","v109815","1.144.5","2.84","","","","2"
"2023","Canada","2021A000011124","Corn canned","Imports","Tonnes","288","thousands","3","v109815","1.144.5","2.41","","","","2"
"2024","Canada","2021A000011124","Corn canned","Imports","Tonnes","288","thousands","3","v109815","1.144.5","","..","","","2"
"2025","Canada","2021A000011124","Corn canned","Imports","Tonnes","288","thousands","3","v109815","1.144.5","3.76","","","","2"
"2021","Canada","2021A000011124","Corn canned","Total disposition","Tonnes","288","thousands","3","v54326541","1.144.11","","..","","","2"
"2022","Canada","2021A000011124","Corn canned","Total disposition","Tonnes","288","thousands","3","v54326541","1.144.11","","..","","","2"
"2023","Canada","2021A000011124","Corn canned","Total disposition","Tonnes","288","thousands","3","v54326541","1.144.11","","..","","","2"
"2024","Canada","2021A000011124","Corn canned","Total disposition","Tonnes","288","thousands","3","v54326541","1.144.11","","..","","","2"
"2025","Canada","2021A000011124","Corn canned","Total disposition","Tonnes","288","thousands","3","v54326541","1.144.11","","..","","","2"
"2021","Canada","2021A000011124","Corn canned","Exports","Tonnes","288","thousands","3","v109817","1.144.7","3.66","","","","2"
"2022","Canada","2021A000011124","Corn canned","Exports","Tonnes","288","thousands","3","v109817","1.144.7","2.66","","","","2"
"2023","Canada","2021A000011124","Corn canned","Exports","Tonnes","288","thousands","3","v109817","1.144.7","2.84","","","","2"
"2024","Canada","2021A000011124","Corn canned","Exports","Tonnes","288","thousands","3","v109817","1.144.7","","..","","","2"
"2025","Canada","2021A000011124","Corn canned","Exports","Tonnes","288","thousands","3","v109817","1.144.7","1.48","","","","2"
"2021","Canada","2021A000011124","Corn frozen","Total supply","Tonnes","288","thousands","3","v109824","1.145.2","","..","","","2"
"2022","Canada","2021A000011124","Corn frozen","Total supply","Tonnes","288","thousands","3","v109824","1.145.2","","..","","","2"
"2023","Canada","2021A000011124","Corn frozen","Total supply","Tonnes","288","thousands","3","v109824","1.145.2","","..","","","2"
"2024","Canada","2021A000011124","Corn frozen","Total supply","Tonnes","288","thousands","3","v109824","1.145.2","","..","","","2"
"2025","Canada","2021A000011124","Corn frozen","Total supply","Tonnes","288","thousands","3","v109824","1.145.2","","..","","","2"
"2021","Canada","2021A000011124","Corn frozen","Imports","Tonnes","288","thousands","3","v109827","1.145.5","11.50","","","","2"
"2022","Canada","2021A000011124","Corn frozen","Imports","Tonnes","288","thousands","3","v109827","1.145.5","10.37","","","","2"
"2023","Canada","2021A000011124","Corn frozen","Imports","Tonnes","288","thousands","3","v109827","1.145.5","18.13","","","","2"
"2024","Canada","2021A000011124","Corn frozen","Imports","Tonnes","288","thousands","3","v109827","1.145.5","","..","","","2"
"2025","Canada","2021A000011124","Corn frozen","Imports","Tonnes","288","thousands","3","v109827","1.145.5","11.88","","","","2"
"2021","Canada","2021A000011124","Corn frozen","Total disposition","Tonnes","288","thousands","3","v54326542","1.145.11","","..","","","2"
"2022","Canada","2021A000011124","Corn frozen","Total disposition","Tonnes","288","thousands","3","v54326542","1.145.11","","..","","","2"
"2023","Canada","2021A000011124","Corn frozen","Total disposition","Tonnes","288","thousands","3","v54326542","1.145.11","","..","","","2"
"2024","Canada","2021A000011124","Corn frozen","Total disposition","Tonnes","288","thousands","3","v54326542","1.145.11","","..","","","2"
"2025","Canada","2021A000011124","Corn frozen","Total disposition","Tonnes","288","thousands","3","v54326542","1.145.11","","..","","","2"
"2021","Canada","2021A000011124","Corn frozen","Exports","Tonnes","288","thousands","3","v109829","1.145.7","21.18","","","","2"
"2022","Canada","2021A000011124","Corn frozen","Exports","Tonnes","288","thousands","3","v109829","1.145.7","18.76","","","","2"
"2023","Canada","2021A000011124","Corn frozen","Exports","Tonnes","288","thousands","3","v109829","1.145.7","20.64","","","","2"
"2024","Canada","2021A000011124","Corn frozen","Exports","Tonnes","288","thousands","3","v109829","1.145.7","","..","","","2"
"2025","Canada","2021A000011124","Corn frozen","Exports","Tonnes","288","thousands","3","v109829","1.145.7","23.25","","","","2"
"2021","Canada","2021A000011124","Cucumbers fresh","Total supply","Tonnes","288","thousands","3","v109836","1.146.2","346.36","","","","2"
"2022","Canada","2021A000011124","Cucumbers fresh","Total supply","Tonnes","288","thousands","3","v109836","1.146.2","369.02","","","","2"
"2023","Canada","2021A000011124","Cucumbers fresh","Total supply","Tonnes","288","thousands","3","v109836","1.146.2","418.48","","","","2"
"2024","Canada","2021A000011124","Cucumbers fresh","Total supply","Tonnes","288","thousands","3","v109836","1.146.2","455.83","","","","2"
"2025","Canada","2021A000011124","Cucumbers fresh","Total supply","Tonnes","288","thousands","3","v109836","1.146.2","475.70","","","","2"
"2021","Canada","2021A000011124","Cucumbers fresh","Production","Tonnes","288","thousands","3","v109838","1.146.4","294.17","","","","2"
"2022","Canada","2021A000011124","Cucumbers fresh","Production","Tonnes","288","thousands","3","v109838","1.146.4","331.86","","","","2"
"2023","Canada","2021A000011124","Cucumbers fresh","Production","Tonnes","288","thousands","3","v109838","1.146.4","379.60","","","","2"
"2024","Canada","2021A000011124","Cucumbers fresh","Production","Tonnes","288","thousands","3","v109838","1.146.4","424.26","","","","2"
"2025","Canada","2021A000011124","Cucumbers fresh","Production","Tonnes","288","thousands","3","v109838","1.146.4","443.32","","","","2"
"2021","Canada","2021A000011124","Cucumbers fresh","Imports","Tonnes","288","thousands","3","v109839","1.146.5","52.19","","","","2"
"2022","Canada","2021A000011124","Cucumbers fresh","Imports","Tonnes","288","thousands","3","v109839","1.146.5","37.16","","","","2"
"2023","Canada","2021A000011124","Cucumbers fresh","Imports","Tonnes","288","thousands","3","v109839","1.146.5","38.88","","","","2"
"2024","Canada","2021A000011124","Cucumbers fresh","Imports","Tonnes","288","thousands","3","v109839","1.146.5","31.58","","","","2"
"2025","Canada","2021A000011124","Cucumbers fresh","Imports","Tonnes","288","thousands","3","v109839","1.146.5","32.39","","","","2"
"2021","Canada","2021A000011124","Cucumbers fresh","Total disposition","Tonnes","288","thousands","3","v54326543","1.146.11","346.36","","","","2"
"2022","Canada","2021A000011124","Cucumbers fresh","Total disposition","Tonnes","288","thousands","3","v54326543","1.146.11","369.02","","","","2"
"2023","Canada","2021A000011124","Cucumbers fresh","Total disposition","Tonnes","288","thousands","3","v54326543","1.146.11","418.48","","","","2"
"2024","Canada","2021A000011124","Cucumbers fresh","Total disposition","Tonnes","288","thousands","3","v54326543","1.146.11","455.83","","","","2"
"2025","Canada","2021A000011124","Cucumbers fresh","Total disposition","Tonnes","288","thousands","3","v54326543","1.146.11","475.70","","","","2"
"2021","Canada","2021A000011124","Cucumbers fresh","Domestic disappearance","Tonnes","288","thousands","3","v109835","1.146.1","109.70","","","","2"
"2022","Canada","2021A000011124","Cucumbers fresh","Domestic disappearance","Tonnes","288","thousands","3","v109835","1.146.1","90.41","","","","2"
"2023","Canada","2021A000011124","Cucumbers fresh","Domestic disappearance","Tonnes","288","thousands","3","v109835","1.146.1","112.91","","","","2"
"2024","Canada","2021A000011124","Cucumbers fresh","Domestic disappearance","Tonnes","288","thousands","3","v109835","1.146.1","109.36","","","","2"
"2025","Canada","2021A000011124","Cucumbers fresh","Domestic disappearance","Tonnes","288","thousands","3","v109835","1.146.1","89.50","","","","2"
"2021","Canada","2021A000011124","Cucumbers fresh","Exports","Tonnes","288","thousands","3","v109841","1.146.7","185.57","","","","2"
"2022","Canada","2021A000011124","Cucumbers fresh","Exports","Tonnes","288","thousands","3","v109841","1.146.7","227.73","","","","2"
"2023","Canada","2021A000011124","Cucumbers fresh","Exports","Tonnes","288","thousands","3","v109841","1.146.7","249.84","","","","2"
"2024","Canada","2021A000011124","Cucumbers fresh","Exports","Tonnes","288","thousands","3","v109841","1.146.7","294.64","","","","2"
"2025","Canada","2021A000011124","Cucumbers fresh","Exports","Tonnes","288","thousands","3","v109841","1.146.7","332.92","","","","2"
"2021","Canada","2021A000011124","Cucumbers fresh","Manufacturing","Tonnes","288","thousands","3","v109842","1.146.8","41.56","","","","2"
"2022","Canada","2021A000011124","Cucumbers fresh","Manufacturing","Tonnes","288","thousands","3","v109842","1.146.8","43.01","","","","2"
"2023","Canada","2021A000011124","Cucumbers fresh","Manufacturing","Tonnes","288","thousands","3","v109842","1.146.8","45.90","","","","2"
"2024","Canada","2021A000011124","Cucumbers fresh","Manufacturing","Tonnes","288","thousands","3","v109842","1.146.8","42.33","","","","2"
"2025","Canada","2021A000011124","Cucumbers fresh","Manufacturing","Tonnes","288","thousands","3","v109842","1.146.8","45.50","","","","2"
"2021","Canada","2021A000011124","Cucumbers fresh","Waste","Tonnes","288","thousands","3","v109843","1.146.9","9.54","","","","2"
"2022","Canada","2021A000011124","Cucumbers fresh","Waste","Tonnes","288","thousands","3","v109843","1.146.9","7.86","","","","2"
"2023","Canada","2021A000011124","Cucumbers fresh","Waste","Tonnes","288","thousands","3","v109843","1.146.9","9.82","","","","2"
"2024","Canada","2021A000011124","Cucumbers fresh","Waste","Tonnes","288","thousands","3","v109843","1.146.9","9.51","","","","2"
"2025","Canada","2021A000011124","Cucumbers fresh","Waste","Tonnes","288","thousands","3","v109843","1.146.9","7.78","","","","2"
"2021","Canada","2021A000011124","Other edible roots fresh","Total supply","Tonnes","288","thousands","3","v109848","1.147.2","","..","","","2"
"2022","Canada","2021A000011124","Other edible roots fresh","Total supply","Tonnes","288","thousands","3","v109848","1.147.2","","..","","","2"
"2023","Canada","2021A000011124","Other edible roots fresh","Total supply","Tonnes","288","thousands","3","v109848","1.147.2","","..","","","2"
"2024","Canada","2021A000011124","Other edible roots fresh","Total supply","Tonnes","288","thousands","3","v109848","1.147.2","","..","","","2"
"2025","Canada","2021A000011124","Other edible roots fresh","Total supply","Tonnes","288","thousands","3","v109848","1.147.2","","..","","","2"
"2021","Canada","2021A000011124","Other edible roots fresh","Imports","Tonnes","288","thousands","3","v109851","1.147.5","2.84","","","","2"
"2022","Canada","2021A000011124","Other edible roots fresh","Imports","Tonnes","288","thousands","3","v109851","1.147.5","3.03","","","","2"
"2023","Canada","2021A000011124","Other edible roots fresh","Imports","Tonnes","288","thousands","3","v109851","1.147.5","5.80","","","","2"
"2024","Canada","2021A000011124","Other edible roots fresh","Imports","Tonnes","288","thousands","3","v109851","1.147.5","5.98","","","","2"
"2025","Canada","2021A000011124","Other edible roots fresh","Imports","Tonnes","288","thousands","3","v109851","1.147.5","5.22","","","","2"
"2021","Canada","2021A000011124","Other edible roots fresh","Total disposition","Tonnes","288","thousands","3","v54326544","1.147.11","2.84","","","","2"
"2022","Canada","2021A000011124","Other edible roots fresh","Total disposition","Tonnes","288","thousands","3","v54326544","1.147.11","3.03","","","","2"
"2023","Canada","2021A000011124","Other edible roots fresh","Total disposition","Tonnes","288","thousands","3","v54326544","1.147.11","5.80","","","","2"
"2024","Canada","2021A000011124","Other edible roots fresh","Total disposition","Tonnes","288","thousands","3","v54326544","1.147.11","5.98","","","","2"
"2025","Canada","2021A000011124","Other edible roots fresh","Total disposition","Tonnes","288","thousands","3","v54326544","1.147.11","5.22","","","","2"
"2021","Canada","2021A000011124","Other edible roots fresh","Domestic disappearance","Tonnes","288","thousands","3","v109847","1.147.1","2.71","","","","2"
"2022","Canada","2021A000011124","Other edible roots fresh","Domestic disappearance","Tonnes","288","thousands","3","v109847","1.147.1","2.91","","","","2"
"2023","Canada","2021A000011124","Other edible roots fresh","Domestic disappearance","Tonnes","288","thousands","3","v109847","1.147.1","5.31","","","","2"
"2024","Canada","2021A000011124","Other edible roots fresh","Domestic disappearance","Tonnes","288","thousands","3","v109847","1.147.1","5.61","","","","2"
"2025","Canada","2021A000011124","Other edible roots fresh","Domestic disappearance","Tonnes","288","thousands","3","v109847","1.147.1","4.88","","","","2"
"2021","Canada","2021A000011124","Other edible roots fresh","Waste","Tonnes","288","thousands","3","v109855","1.147.9","0.11","","","","2"
"2022","Canada","2021A000011124","Other edible roots fresh","Waste","Tonnes","288","thousands","3","v109855","1.147.9","0.12","","","","2"
"2023","Canada","2021A000011124","Other edible roots fresh","Waste","Tonnes","288","thousands","3","v109855","1.147.9","0.22","","","","2"
"2024","Canada","2021A000011124","Other edible roots fresh","Waste","Tonnes","288","thousands","3","v109855","1.147.9","0.23","","","","2"
"2025","Canada","2021A000011124","Other edible roots fresh","Waste","Tonnes","288","thousands","3","v109855","1.147.9","0.20","","","","2"
"2021","Canada","2021A000011124","Eggplants fresh","Total supply","Tonnes","288","thousands","3","v109860","1.148.2","35.43","","","","2"
"2022","Canada","2021A000011124","Eggplants fresh","Total supply","Tonnes","288","thousands","3","v109860","1.148.2","34.32","","","","2"
"2023","Canada","2021A000011124","Eggplants fresh","Total supply","Tonnes","288","thousands","3","v109860","1.148.2","35.94","","","","2"
"2024","Canada","2021A000011124","Eggplants fresh","Total supply","Tonnes","288","thousands","3","v109860","1.148.2","36.95","","","","2"
"2025","Canada","2021A000011124","Eggplants fresh","Total supply","Tonnes","288","thousands","3","v109860","1.148.2","37.20","","","","2"
"2021","Canada","2021A000011124","Eggplants fresh","Production","Tonnes","288","units","0","v1064335399","1.148.4","7.22","","","","2"
"2022","Canada","2021A000011124","Eggplants fresh","Production","Tonnes","288","units","0","v1064335399","1.148.4","7.81","","","","2"
"2023","Canada","2021A000011124","Eggplants fresh","Production","Tonnes","288","units","0","v1064335399","1.148.4","8.43","","","","2"
"2024","Canada","2021A000011124","Eggplants fresh","Production","Tonnes","288","units","0","v1064335399","1.148.4","8.42","","","","2"
"2025","Canada","2021A000011124","Eggplants fresh","Production","Tonnes","288","units","0","v1064335399","1.148.4","8.00","","","","2"
"2021","Canada","2021A000011124","Eggplants fresh","Imports","Tonnes","288","thousands","3","v109863","1.148.5","28.21","","","","2"
"2022","Canada","2021A000011124","Eggplants fresh","Imports","Tonnes","288","thousands","3","v109863","1.148.5","26.51","","","","2"
"2023","Canada","2021A000011124","Eggplants fresh","Imports","Tonnes","288","thousands","3","v109863","1.148.5","27.51","","","","2"
"2024","Canada","2021A000011124","Eggplants fresh","Imports","Tonnes","288","thousands","3","v109863","1.148.5","28.53","","","","2"
"2025","Canada","2021A000011124","Eggplants fresh","Imports","Tonnes","288","thousands","3","v109863","1.148.5","29.20","","","","2"
"2021","Canada","2021A000011124","Eggplants fresh","Total disposition","Tonnes","288","thousands","3","v54326545","1.148.11","35.43","","","","2"
"2022","Canada","2021A000011124","Eggplants fresh","Total disposition","Tonnes","288","thousands","3","v54326545","1.148.11","34.32","","","","2"
"2023","Canada","2021A000011124","Eggplants fresh","Total disposition","Tonnes","288","thousands","3","v54326545","1.148.11","35.94","","","","2"
"2024","Canada","2021A000011124","Eggplants fresh","Total disposition","Tonnes","288","thousands","3","v54326545","1.148.11","36.95","","","","2"
"2025","Canada","2021A000011124","Eggplants fresh","Total disposition","Tonnes","288","thousands","3","v54326545","1.148.11","37.20","","","","2"
"2021","Canada","2021A000011124","Eggplants fresh","Domestic disappearance","Tonnes","288","thousands","3","v109859","1.148.1","29.74","","","","2"
"2022","Canada","2021A000011124","Eggplants fresh","Domestic disappearance","Tonnes","288","thousands","3","v109859","1.148.1","28.56","","","","2"
"2023","Canada","2021A000011124","Eggplants fresh","Domestic disappearance","Tonnes","288","thousands","3","v109859","1.148.1","30.20","","","","2"
"2024","Canada","2021A000011124","Eggplants fresh","Domestic disappearance","Tonnes","288","thousands","3","v109859","1.148.1","31.24","","","","2"
"2025","Canada","2021A000011124","Eggplants fresh","Domestic disappearance","Tonnes","288","thousands","3","v109859","1.148.1","31.30","","","","2"
"2021","Canada","2021A000011124","Eggplants fresh","Exports","Tonnes","288","thousands","3","v109865","1.148.7","2.18","","","","2"
"2022","Canada","2021A000011124","Eggplants fresh","Exports","Tonnes","288","thousands","3","v109865","1.148.7","2.33","","","","2"
"2023","Canada","2021A000011124","Eggplants fresh","Exports","Tonnes","288","thousands","3","v109865","1.148.7","2.16","","","","2"
"2024","Canada","2021A000011124","Eggplants fresh","Exports","Tonnes","288","thousands","3","v109865","1.148.7","2.02","","","","2"
"2025","Canada","2021A000011124","Eggplants fresh","Exports","Tonnes","288","thousands","3","v109865","1.148.7","2.01","","","","2"
"2021","Canada","2021A000011124","Eggplants fresh","Manufacturing","Tonnes","288","units","0","v1277422585","1.148.8","0.21","","","","2"
"2022","Canada","2021A000011124","Eggplants fresh","Manufacturing","Tonnes","288","units","0","v1277422585","1.148.8","0.25","","","","2"
"2023","Canada","2021A000011124","Eggplants fresh","Manufacturing","Tonnes","288","units","0","v1277422585","1.148.8","0.23","","","","2"
"2024","Canada","2021A000011124","Eggplants fresh","Manufacturing","Tonnes","288","units","0","v1277422585","1.148.8","0.22","","","","2"
"2025","Canada","2021A000011124","Eggplants fresh","Manufacturing","Tonnes","288","units","0","v1277422585","1.148.8","0.42","","","","2"
"2021","Canada","2021A000011124","Eggplants fresh","Waste","Tonnes","288","thousands","3","v109867","1.148.9","3.30","","","","2"
"2022","Canada","2021A000011124","Eggplants fresh","Waste","Tonnes","288","thousands","3","v109867","1.148.9","3.17","","","","2"
"2023","Canada","2021A000011124","Eggplants fresh","Waste","Tonnes","288","thousands","3","v109867","1.148.9","3.36","","","","2"
"2024","Canada","2021A000011124","Eggplants fresh","Waste","Tonnes","288","thousands","3","v109867","1.148.9","3.47","","","","2"
"2025","Canada","2021A000011124","Eggplants fresh","Waste","Tonnes","288","thousands","3","v109867","1.148.9","3.48","","","","2"
"2021","Canada","2021A000011124","Garlic fresh","Total supply","Tonnes","288","thousands","3","v109872","1.149.2","24.86","","","","2"
"2022","Canada","2021A000011124","Garlic fresh","Total supply","Tonnes","288","thousands","3","v109872","1.149.2","26.43","","","","2"
"2023","Canada","2021A000011124","Garlic fresh","Total supply","Tonnes","288","thousands","3","v109872","1.149.2","26.12","","","","2"
"2024","Canada","2021A000011124","Garlic fresh","Total supply","Tonnes","288","thousands","3","v109872","1.149.2","28.45","","","","2"
"2025","Canada","2021A000011124","Garlic fresh","Total supply","Tonnes","288","thousands","3","v109872","1.149.2","30.93","","","","2"
"2021","Canada","2021A000011124","Garlic fresh","Production","Tonnes","288","thousands","3","v109874","1.149.4","1.93","","","","2"
"2022","Canada","2021A000011124","Garlic fresh","Production","Tonnes","288","thousands","3","v109874","1.149.4","1.95","","","","2"
"2023","Canada","2021A000011124","Garlic fresh","Production","Tonnes","288","thousands","3","v109874","1.149.4","1.93","","","","2"
"2024","Canada","2021A000011124","Garlic fresh","Production","Tonnes","288","thousands","3","v109874","1.149.4","2.00","","","","2"
"2025","Canada","2021A000011124","Garlic fresh","Production","Tonnes","288","thousands","3","v109874","1.149.4","2.01","","","","2"
"2021","Canada","2021A000011124","Garlic fresh","Imports","Tonnes","288","thousands","3","v109875","1.149.5","22.92","","","","2"
"2022","Canada","2021A000011124","Garlic fresh","Imports","Tonnes","288","thousands","3","v109875","1.149.5","24.47","","","","2"
"2023","Canada","2021A000011124","Garlic fresh","Imports","Tonnes","288","thousands","3","v109875","1.149.5","24.19","","","","2"
"2024","Canada","2021A000011124","Garlic fresh","Imports","Tonnes","288","thousands","3","v109875","1.149.5","26.45","","","","2"
"2025","Canada","2021A000011124","Garlic fresh","Imports","Tonnes","288","thousands","3","v109875","1.149.5","28.92","","","","2"
"2021","Canada","2021A000011124","Garlic fresh","Total disposition","Tonnes","288","thousands","3","v54326546","1.149.11","24.86","","","","2"
"2022","Canada","2021A000011124","Garlic fresh","Total disposition","Tonnes","288","thousands","3","v54326546","1.149.11","26.43","","","","2"
"2023","Canada","2021A000011124","Garlic fresh","Total disposition","Tonnes","288","thousands","3","v54326546","1.149.11","26.12","","","","2"
"2024","Canada","2021A000011124","Garlic fresh","Total disposition","Tonnes","288","thousands","3","v54326546","1.149.11","28.45","","","","2"
"2025","Canada","2021A000011124","Garlic fresh","Total disposition","Tonnes","288","thousands","3","v54326546","1.149.11","30.93","","","","2"
"2021","Canada","2021A000011124","Garlic fresh","Domestic disappearance","Tonnes","288","thousands","3","v109871","1.149.1","19.94","","","","2"
"2022","Canada","2021A000011124","Garlic fresh","Domestic disappearance","Tonnes","288","thousands","3","v109871","1.149.1","21.15","","","","2"
"2023","Canada","2021A000011124","Garlic fresh","Domestic disappearance","Tonnes","288","thousands","3","v109871","1.149.1","20.81","","","","2"
"2024","Canada","2021A000011124","Garlic fresh","Domestic disappearance","Tonnes","288","thousands","3","v109871","1.149.1","22.70","","","","2"
"2025","Canada","2021A000011124","Garlic fresh","Domestic disappearance","Tonnes","288","thousands","3","v109871","1.149.1","24.64","","","","2"
"2021","Canada","2021A000011124","Garlic fresh","Exports","Tonnes","288","thousands","3","v109877","1.149.7","0.24","","","","2"
"2022","Canada","2021A000011124","Garlic fresh","Exports","Tonnes","288","thousands","3","v109877","1.149.7","0.31","","","","2"
"2023","Canada","2021A000011124","Garlic fresh","Exports","Tonnes","288","thousands","3","v109877","1.149.7","0.36","","","","2"
"2024","Canada","2021A000011124","Garlic fresh","Exports","Tonnes","288","thousands","3","v109877","1.149.7","0.32","","","","2"
"2025","Canada","2021A000011124","Garlic fresh","Exports","Tonnes","288","thousands","3","v109877","1.149.7","0.39","","","","2"
"2021","Canada","2021A000011124","Garlic fresh","Waste","Tonnes","288","thousands","3","v109879","1.149.9","4.68","","","","2"
"2022","Canada","2021A000011124","Garlic fresh","Waste","Tonnes","288","thousands","3","v109879","1.149.9","4.96","","","","2"
"2023","Canada","2021A000011124","Garlic fresh","Waste","Tonnes","288","thousands","3","v109879","1.149.9","4.88","","","","2"
"2024","Canada","2021A000011124","Garlic fresh","Waste","Tonnes","288","thousands","3","v109879","1.149.9","5.32","","","","2"
"2025","Canada","2021A000011124","Garlic fresh","Waste","Tonnes","288","thousands","3","v109879","1.149.9","5.78","","","","2"
"2021","Canada","2021A000011124","Leeks fresh","Total supply","Tonnes","288","thousands","3","v109896","1.151.2","13.25","","","","2"
"2022","Canada","2021A000011124","Leeks fresh","Total supply","Tonnes","288","thousands","3","v109896","1.151.2","13.29","","","","2"
"2023","Canada","2021A000011124","Leeks fresh","Total supply","Tonnes","288","thousands","3","v109896","1.151.2","12.61","","","","2"
"2024","Canada","2021A000011124","Leeks fresh","Total supply","Tonnes","288","thousands","3","v109896","1.151.2","13.76","","","","2"
"2025","Canada","2021A000011124","Leeks fresh","Total supply","Tonnes","288","thousands","3","v109896","1.151.2","13.45","","","","2"
"2021","Canada","2021A000011124","Leeks fresh","Production","Tonnes","288","thousands","3","v109898","1.151.4","6.78","","","","2"
"2022","Canada","2021A000011124","Leeks fresh","Production","Tonnes","288","thousands","3","v109898","1.151.4","6.65","E","","","2"
"2023","Canada","2021A000011124","Leeks fresh","Production","Tonnes","288","thousands","3","v109898","1.151.4","6.34","","","","2"
"2024","Canada","2021A000011124","Leeks fresh","Production","Tonnes","288","thousands","3","v109898","1.151.4","6.84","","","","2"
"2025","Canada","2021A000011124","Leeks fresh","Production","Tonnes","288","thousands","3","v109898","1.151.4","6.58","","","","2"
"2021","Canada","2021A000011124","Leeks fresh","Imports","Tonnes","288","thousands","3","v109899","1.151.5","6.46","","","","2"
"2022","Canada","2021A000011124","Leeks fresh","Imports","Tonnes","288","thousands","3","v109899","1.151.5","6.64","","","","2"
"2023","Canada","2021A000011124","Leeks fresh","Imports","Tonnes","288","thousands","3","v109899","1.151.5","6.27","","","","2"
"2024","Canada","2021A000011124","Leeks fresh","Imports","Tonnes","288","thousands","3","v109899","1.151.5","6.91","","","","2"
"2025","Canada","2021A000011124","Leeks fresh","Imports","Tonnes","288","thousands","3","v109899","1.151.5","6.86","","","","2"
"2021","Canada","2021A000011124","Leeks fresh","Total disposition","Tonnes","288","thousands","3","v54326548","1.151.11","13.25","","","","2"
"2022","Canada","2021A000011124","Leeks fresh","Total disposition","Tonnes","288","thousands","3","v54326548","1.151.11","13.29","","","","2"
"2023","Canada","2021A000011124","Leeks fresh","Total disposition","Tonnes","288","thousands","3","v54326548","1.151.11","12.61","","","","2"
"2024","Canada","2021A000011124","Leeks fresh","Total disposition","Tonnes","288","thousands","3","v54326548","1.151.11","13.76","","","","2"
"2025","Canada","2021A000011124","Leeks fresh","Total disposition","Tonnes","288","thousands","3","v54326548","1.151.11","13.45","","","","2"
"2021","Canada","2021A000011124","Leeks fresh","Domestic disappearance","Tonnes","288","thousands","3","v109895","1.151.1","11.56","","","","2"
"2022","Canada","2021A000011124","Leeks fresh","Domestic disappearance","Tonnes","288","thousands","3","v109895","1.151.1","9.37","","","","2"
"2023","Canada","2021A000011124","Leeks fresh","Domestic disappearance","Tonnes","288","thousands","3","v109895","1.151.1","7.56","","","","2"
"2024","Canada","2021A000011124","Leeks fresh","Domestic disappearance","Tonnes","288","thousands","3","v109895","1.151.1","7.75","","","","2"
"2025","Canada","2021A000011124","Leeks fresh","Domestic disappearance","Tonnes","288","thousands","3","v109895","1.151.1","8.03","","","","2"
"2021","Canada","2021A000011124","Leeks fresh","Exports","Tonnes","288","thousands","3","v109901","1.151.7","0.94","","","","2"
"2022","Canada","2021A000011124","Leeks fresh","Exports","Tonnes","288","thousands","3","v109901","1.151.7","3.32","","","","2"
"2023","Canada","2021A000011124","Leeks fresh","Exports","Tonnes","288","thousands","3","v109901","1.151.7","4.57","","","","2"
"2024","Canada","2021A000011124","Leeks fresh","Exports","Tonnes","288","thousands","3","v109901","1.151.7","5.51","","","","2"
"2025","Canada","2021A000011124","Leeks fresh","Exports","Tonnes","288","thousands","3","v109901","1.151.7","4.90","","","","2"
"2021","Canada","2021A000011124","Leeks fresh","Waste","Tonnes","288","thousands","3","v109903","1.151.9","0.74","","","","2"
"2022","Canada","2021A000011124","Leeks fresh","Waste","Tonnes","288","thousands","3","v109903","1.151.9","0.60","","","","2"
"2023","Canada","2021A000011124","Leeks fresh","Waste","Tonnes","288","thousands","3","v109903","1.151.9","0.48","","","","2"
"2024","Canada","2021A000011124","Leeks fresh","Waste","Tonnes","288","thousands","3","v109903","1.151.9","0.49","","","","2"
"2025","Canada","2021A000011124","Leeks fresh","Waste","Tonnes","288","thousands","3","v109903","1.151.9","0.51","","","","2"
"2021","Canada","2021A000011124","Other leguminous vegetables fresh","Total supply","Tonnes","288","thousands","3","v109920","1.152.2","","..","","","2"
"2022","Canada","2021A000011124","Other leguminous vegetables fresh","Total supply","Tonnes","288","thousands","3","v109920","1.152.2","","..","","","2"
"2023","Canada","2021A000011124","Other leguminous vegetables fresh","Total supply","Tonnes","288","thousands","3","v109920","1.152.2","","..","","","2"
"2024","Canada","2021A000011124","Other leguminous vegetables fresh","Total supply","Tonnes","288","thousands","3","v109920","1.152.2","","..","","","2"
"2025","Canada","2021A000011124","Other leguminous vegetables fresh","Total supply","Tonnes","288","thousands","3","v109920","1.152.2","","..","","","2"
"2021","Canada","2021A000011124","Other leguminous vegetables fresh","Imports","Tonnes","288","thousands","3","v109923","1.152.5","0.69","","","","2"
"2022","Canada","2021A000011124","Other leguminous vegetables fresh","Imports","Tonnes","288","thousands","3","v109923","1.152.5","1.30","","","","2"
"2023","Canada","2021A000011124","Other leguminous vegetables fresh","Imports","Tonnes","288","thousands","3","v109923","1.152.5","1.31","","","","2"
"2024","Canada","2021A000011124","Other leguminous vegetables fresh","Imports","Tonnes","288","thousands","3","v109923","1.152.5","0.96","","","","2"
"2025","Canada","2021A000011124","Other leguminous vegetables fresh","Imports","Tonnes","288","thousands","3","v109923","1.152.5","0.85","","","","2"
"2021","Canada","2021A000011124","Other leguminous vegetables fresh","Total disposition","Tonnes","288","thousands","3","v54326550","1.152.11","0.69","","","","2"
"2022","Canada","2021A000011124","Other leguminous vegetables fresh","Total disposition","Tonnes","288","thousands","3","v54326550","1.152.11","1.30","","","","2"
"2023","Canada","2021A000011124","Other leguminous vegetables fresh","Total disposition","Tonnes","288","thousands","3","v54326550","1.152.11","1.31","","","","2"
"2024","Canada","2021A000011124","Other leguminous vegetables fresh","Total disposition","Tonnes","288","thousands","3","v54326550","1.152.11","0.96","","","","2"
"2025","Canada","2021A000011124","Other leguminous vegetables fresh","Total disposition","Tonnes","288","thousands","3","v54326550","1.152.11","0.85","","","","2"
"2021","Canada","2021A000011124","Other leguminous vegetables fresh","Domestic disappearance","Tonnes","288","thousands","3","v109919","1.152.1","","F","","","2"
"2022","Canada","2021A000011124","Other leguminous vegetables fresh","Domestic disappearance","Tonnes","288","thousands","3","v109919","1.152.1","","F","","","2"
"2023","Canada","2021A000011124","Other leguminous vegetables fresh","Domestic disappearance","Tonnes","288","thousands","3","v109919","1.152.1","","F","","","2"
"2024","Canada","2021A000011124","Other leguminous vegetables fresh","Domestic disappearance","Tonnes","288","thousands","3","v109919","1.152.1","","F","","","2"
"2025","Canada","2021A000011124","Other leguminous vegetables fresh","Domestic disappearance","Tonnes","288","thousands","3","v109919","1.152.1","","F","","","2"
"2021","Canada","2021A000011124","Other leguminous vegetables fresh","Exports","Tonnes","288","thousands","3","v109925","1.152.7","","F","","","2"
"2022","Canada","2021A000011124","Other leguminous vegetables fresh","Exports","Tonnes","288","thousands","3","v109925","1.152.7","","F","","","2"
"2023","Canada","2021A000011124","Other leguminous vegetables fresh","Exports","Tonnes","288","thousands","3","v109925","1.152.7","","F","","","2"
"2024","Canada","2021A000011124","Other leguminous vegetables fresh","Exports","Tonnes","288","thousands","3","v109925","1.152.7","","F","","","2"
"2025","Canada","2021A000011124","Other leguminous vegetables fresh","Exports","Tonnes","288","thousands","3","v109925","1.152.7","","F","","","2"
"2021","Canada","2021A000011124","Other leguminous vegetables fresh","Waste","Tonnes","288","thousands","3","v109927","1.152.9","","F","","","2"
"2022","Canada","2021A000011124","Other leguminous vegetables fresh","Waste","Tonnes","288","thousands","3","v109927","1.152.9","","F","","","2"
"2023","Canada","2021A000011124","Other leguminous vegetables fresh","Waste","Tonnes","288","thousands","3","v109927","1.152.9","","F","","","2"
"2024","Canada","2021A000011124","Other leguminous vegetables fresh","Waste","Tonnes","288","thousands","3","v109927","1.152.9","","F","","","2"
"2025","Canada","2021A000011124","Other leguminous vegetables fresh","Waste","Tonnes","288","thousands","3","v109927","1.152.9","","F","","","2"
"2021","Canada","2021A000011124","Lettuce fresh","Total supply","Tonnes","288","thousands","3","v109932","1.153.2","362.04","","","","2"
"2022","Canada","2021A000011124","Lettuce fresh","Total supply","Tonnes","288","thousands","3","v109932","1.153.2","358.69","","","","2"
"2023","Canada","2021A000011124","Lettuce fresh","Total supply","Tonnes","288","thousands","3","v109932","1.153.2","366.41","","","","2"
"2024","Canada","2021A000011124","Lettuce fresh","Total supply","Tonnes","288","thousands","3","v109932","1.153.2","366.50","","","","2"
"2025","Canada","2021A000011124","Lettuce fresh","Total supply","Tonnes","288","thousands","3","v109932","1.153.2","361.88","","","","2"
"2021","Canada","2021A000011124","Lettuce fresh","Production","Tonnes","288","thousands","3","v109934","1.153.4","94.80","","","","2"
"2022","Canada","2021A000011124","Lettuce fresh","Production","Tonnes","288","thousands","3","v109934","1.153.4","93.32","","","","2"
"2023","Canada","2021A000011124","Lettuce fresh","Production","Tonnes","288","thousands","3","v109934","1.153.4","92.37","","","","2"
"2024","Canada","2021A000011124","Lettuce fresh","Production","Tonnes","288","thousands","3","v109934","1.153.4","97.18","","","","2"
"2025","Canada","2021A000011124","Lettuce fresh","Production","Tonnes","288","thousands","3","v109934","1.153.4","108.95","","","","2"
"2021","Canada","2021A000011124","Lettuce fresh","Imports","Tonnes","288","thousands","3","v109935","1.153.5","267.24","","","","2"
"2022","Canada","2021A000011124","Lettuce fresh","Imports","Tonnes","288","thousands","3","v109935","1.153.5","265.36","","","","2"
"2023","Canada","2021A000011124","Lettuce fresh","Imports","Tonnes","288","thousands","3","v109935","1.153.5","274.03","","","","2"
"2024","Canada","2021A000011124","Lettuce fresh","Imports","Tonnes","288","thousands","3","v109935","1.153.5","269.32","","","","2"
"2025","Canada","2021A000011124","Lettuce fresh","Imports","Tonnes","288","thousands","3","v109935","1.153.5","252.93","","","","2"
"2021","Canada","2021A000011124","Lettuce fresh","Total disposition","Tonnes","288","thousands","3","v54326551","1.153.11","362.04","","","","2"
"2022","Canada","2021A000011124","Lettuce fresh","Total disposition","Tonnes","288","thousands","3","v54326551","1.153.11","358.69","","","","2"
"2023","Canada","2021A000011124","Lettuce fresh","Total disposition","Tonnes","288","thousands","3","v54326551","1.153.11","366.41","","","","2"
"2024","Canada","2021A000011124","Lettuce fresh","Total disposition","Tonnes","288","thousands","3","v54326551","1.153.11","366.50","","","","2"
"2025","Canada","2021A000011124","Lettuce fresh","Total disposition","Tonnes","288","thousands","3","v54326551","1.153.11","361.88","","","","2"
"2021","Canada","2021A000011124","Lettuce fresh","Domestic disappearance","Tonnes","288","thousands","3","v109931","1.153.1","300.13","","","","2"
"2022","Canada","2021A000011124","Lettuce fresh","Domestic disappearance","Tonnes","288","thousands","3","v109931","1.153.1","299.38","","","","2"
"2023","Canada","2021A000011124","Lettuce fresh","Domestic disappearance","Tonnes","288","thousands","3","v109931","1.153.1","314.14","","","","2"
"2024","Canada","2021A000011124","Lettuce fresh","Domestic disappearance","Tonnes","288","thousands","3","v109931","1.153.1","315.99","","","","2"
"2025","Canada","2021A000011124","Lettuce fresh","Domestic disappearance","Tonnes","288","thousands","3","v109931","1.153.1","301.76","","","","2"
"2021","Canada","2021A000011124","Lettuce fresh","Exports","Tonnes","288","thousands","3","v109937","1.153.7","39.32","","","","2"
"2022","Canada","2021A000011124","Lettuce fresh","Exports","Tonnes","288","thousands","3","v109937","1.153.7","36.77","","","","2"
"2023","Canada","2021A000011124","Lettuce fresh","Exports","Tonnes","288","thousands","3","v109937","1.153.7","28.62","","","","2"
"2024","Canada","2021A000011124","Lettuce fresh","Exports","Tonnes","288","thousands","3","v109937","1.153.7","26.73","","","","2"
"2025","Canada","2021A000011124","Lettuce fresh","Exports","Tonnes","288","thousands","3","v109937","1.153.7","37.41","","","","2"
"2021","Canada","2021A000011124","Lettuce fresh","Waste","Tonnes","288","thousands","3","v109939","1.153.9","22.59","","","","2"
"2022","Canada","2021A000011124","Lettuce fresh","Waste","Tonnes","288","thousands","3","v109939","1.153.9","22.53","","","","2"
"2023","Canada","2021A000011124","Lettuce fresh","Waste","Tonnes","288","thousands","3","v109939","1.153.9","23.64","","","","2"
"2024","Canada","2021A000011124","Lettuce fresh","Waste","Tonnes","288","thousands","3","v109939","1.153.9","23.78","","","","2"
"2025","Canada","2021A000011124","Lettuce fresh","Waste","Tonnes","288","thousands","3","v109939","1.153.9","22.71","","","","2"
"2021","Canada","2021A000011124","Lima beans frozen","Total supply","Tonnes","288","thousands","3","v109944","1.154.2","","..","","t","2"
"2022","Canada","2021A000011124","Lima beans frozen","Total supply","Tonnes","288","thousands","3","v109944","1.154.2","","..","","t","2"
"2023","Canada","2021A000011124","Lima beans frozen","Total supply","Tonnes","288","thousands","3","v109944","1.154.2","","..","","t","2"
"2024","Canada","2021A000011124","Lima beans frozen","Total supply","Tonnes","288","thousands","3","v109944","1.154.2","","..","","t","2"
"2025","Canada","2021A000011124","Lima beans frozen","Total supply","Tonnes","288","thousands","3","v109944","1.154.2","","..","","t","2"
"2021","Canada","2021A000011124","Lima beans frozen","Imports","Tonnes","288","thousands","3","v109947","1.154.5","","..","","t","2"
"2022","Canada","2021A000011124","Lima beans frozen","Imports","Tonnes","288","thousands","3","v109947","1.154.5","","..","","t","2"
"2023","Canada","2021A000011124","Lima beans frozen","Imports","Tonnes","288","thousands","3","v109947","1.154.5","","..","","t","2"
"2024","Canada","2021A000011124","Lima beans frozen","Imports","Tonnes","288","thousands","3","v109947","1.154.5","","..","","t","2"
"2025","Canada","2021A000011124","Lima beans frozen","Imports","Tonnes","288","thousands","3","v109947","1.154.5","","..","","t","2"
"2021","Canada","2021A000011124","Lima beans frozen","Total disposition","Tonnes","288","thousands","3","v54326552","1.154.11","","..","","t","2"
"2022","Canada","2021A000011124","Lima beans frozen","Total disposition","Tonnes","288","thousands","3","v54326552","1.154.11","","..","","t","2"
"2023","Canada","2021A000011124","Lima beans frozen","Total disposition","Tonnes","288","thousands","3","v54326552","1.154.11","","..","","t","2"
"2024","Canada","2021A000011124","Lima beans frozen","Total disposition","Tonnes","288","thousands","3","v54326552","1.154.11","","..","","t","2"
"2025","Canada","2021A000011124","Lima beans frozen","Total disposition","Tonnes","288","thousands","3","v54326552","1.154.11","","..","","t","2"
"2021","Canada","2021A000011124","Manioc fresh","Total supply","Tonnes","288","thousands","3","v109956","1.155.2","","..","","","2"
"2022","Canada","2021A000011124","Manioc fresh","Total supply","Tonnes","288","thousands","3","v109956","1.155.2","","..","","","2"
"2023","Canada","2021A000011124","Manioc fresh","Total supply","Tonnes","288","thousands","3","v109956","1.155.2","","..","","","2"
"2024","Canada","2021A000011124","Manioc fresh","Total supply","Tonnes","288","thousands","3","v109956","1.155.2","","..","","","2"
"2025","Canada","2021A000011124","Manioc fresh","Total supply","Tonnes","288","thousands","3","v109956","1.155.2","","..","","","2"
"2021","Canada","2021A000011124","Manioc fresh","Imports","Tonnes","288","thousands","3","v109959","1.155.5","6.21","","","","2"
"2022","Canada","2021A000011124","Manioc fresh","Imports","Tonnes","288","thousands","3","v109959","1.155.5","5.96","","","","2"
"2023","Canada","2021A000011124","Manioc fresh","Imports","Tonnes","288","thousands","3","v109959","1.155.5","6.74","","","","2"
"2024","Canada","2021A000011124","Manioc fresh","Imports","Tonnes","288","thousands","3","v109959","1.155.5","7.70","","","","2"
"2025","Canada","2021A000011124","Manioc fresh","Imports","Tonnes","288","thousands","3","v109959","1.155.5","7.51","","","","2"
"2021","Canada","2021A000011124","Manioc fresh","Total disposition","Tonnes","288","thousands","3","v54326553","1.155.11","6.21","","","","2"
"2022","Canada","2021A000011124","Manioc fresh","Total disposition","Tonnes","288","thousands","3","v54326553","1.155.11","5.96","","","","2"
"2023","Canada","2021A000011124","Manioc fresh","Total disposition","Tonnes","288","thousands","3","v54326553","1.155.11","6.74","","","","2"
"2024","Canada","2021A000011124","Manioc fresh","Total disposition","Tonnes","288","thousands","3","v54326553","1.155.11","7.70","","","","2"
"2025","Canada","2021A000011124","Manioc fresh","Total disposition","Tonnes","288","thousands","3","v54326553","1.155.11","7.51","","","","2"
"2021","Canada","2021A000011124","Manioc fresh","Domestic disappearance","Tonnes","288","thousands","3","v109955","1.155.1","5.96","","","","2"
"2022","Canada","2021A000011124","Manioc fresh","Domestic disappearance","Tonnes","288","thousands","3","v109955","1.155.1","5.73","","","","2"
"2023","Canada","2021A000011124","Manioc fresh","Domestic disappearance","Tonnes","288","thousands","3","v109955","1.155.1","6.47","","","","2"
"2024","Canada","2021A000011124","Manioc fresh","Domestic disappearance","Tonnes","288","thousands","3","v109955","1.155.1","7.39","","","","2"
"2025","Canada","2021A000011124","Manioc fresh","Domestic disappearance","Tonnes","288","thousands","3","v109955","1.155.1","7.21","","","","2"
"2021","Canada","2021A000011124","Manioc fresh","Waste","Tonnes","288","thousands","3","v109963","1.155.9","0.25","","","","2"
"2022","Canada","2021A000011124","Manioc fresh","Waste","Tonnes","288","thousands","3","v109963","1.155.9","0.24","","","","2"
"2023","Canada","2021A000011124","Manioc fresh","Waste","Tonnes","288","thousands","3","v109963","1.155.9","0.27","","","","2"
"2024","Canada","2021A000011124","Manioc fresh","Waste","Tonnes","288","thousands","3","v109963","1.155.9","0.31","","","","2"
"2025","Canada","2021A000011124","Manioc fresh","Waste","Tonnes","288","thousands","3","v109963","1.155.9","0.30","","","","2"
"2021","Canada","2021A000011124","Mushrooms fresh","Total supply","Tonnes","288","thousands","3","v109968","1.156.2","147.79","","","","2"
"2022","Canada","2021A000011124","Mushrooms fresh","Total supply","Tonnes","288","thousands","3","v109968","1.156.2","148.24","","","","2"
"2023","Canada","2021A000011124","Mushrooms fresh","Total supply","Tonnes","288","thousands","3","v109968","1.156.2","150.26","","","","2"
"2024","Canada","2021A000011124","Mushrooms fresh","Total supply","Tonnes","288","thousands","3","v109968","1.156.2","155.98","","","","2"
"2025","Canada","2021A000011124","Mushrooms fresh","Total supply","Tonnes","288","thousands","3","v109968","1.156.2","149.80","","","","2"
"2021","Canada","2021A000011124","Mushrooms fresh","Production","Tonnes","288","thousands","3","v109970","1.156.4","137.80","","","","2"
"2022","Canada","2021A000011124","Mushrooms fresh","Production","Tonnes","288","thousands","3","v109970","1.156.4","139.09","","","","2"
"2023","Canada","2021A000011124","Mushrooms fresh","Production","Tonnes","288","thousands","3","v109970","1.156.4","142.01","","","","2"
"2024","Canada","2021A000011124","Mushrooms fresh","Production","Tonnes","288","thousands","3","v109970","1.156.4","148.57","","","","2"
"2025","Canada","2021A000011124","Mushrooms fresh","Production","Tonnes","288","thousands","3","v109970","1.156.4","143.23","","","","2"
"2021","Canada","2021A000011124","Mushrooms fresh","Imports","Tonnes","288","thousands","3","v109971","1.156.5","10.00","","","","2"
"2022","Canada","2021A000011124","Mushrooms fresh","Imports","Tonnes","288","thousands","3","v109971","1.156.5","9.15","","","","2"
"2023","Canada","2021A000011124","Mushrooms fresh","Imports","Tonnes","288","thousands","3","v109971","1.156.5","8.25","","","","2"
"2024","Canada","2021A000011124","Mushrooms fresh","Imports","Tonnes","288","thousands","3","v109971","1.156.5","7.41","","","","2"
"2025","Canada","2021A000011124","Mushrooms fresh","Imports","Tonnes","288","thousands","3","v109971","1.156.5","6.57","","","","2"
"2021","Canada","2021A000011124","Mushrooms fresh","Domestic disappearance","Tonnes","288","thousands","3","v109967","1.156.1","69.47","","","","2"
"2022","Canada","2021A000011124","Mushrooms fresh","Domestic disappearance","Tonnes","288","thousands","3","v109967","1.156.1","64.69","","","","2"
"2023","Canada","2021A000011124","Mushrooms fresh","Domestic disappearance","Tonnes","288","thousands","3","v109967","1.156.1","68.62","","","","2"
"2024","Canada","2021A000011124","Mushrooms fresh","Domestic disappearance","Tonnes","288","thousands","3","v109967","1.156.1","65.74","","","","2"
"2025","Canada","2021A000011124","Mushrooms fresh","Domestic disappearance","Tonnes","288","thousands","3","v109967","1.156.1","57.38","","","","2"
"2021","Canada","2021A000011124","Mushrooms fresh","Exports","Tonnes","288","thousands","3","v109973","1.156.7","61.76","","","","2"
"2022","Canada","2021A000011124","Mushrooms fresh","Exports","Tonnes","288","thousands","3","v109973","1.156.7","66.36","","","","2"
"2023","Canada","2021A000011124","Mushrooms fresh","Exports","Tonnes","288","thousands","3","v109973","1.156.7","63.47","","","","2"
"2024","Canada","2021A000011124","Mushrooms fresh","Exports","Tonnes","288","thousands","3","v109973","1.156.7","71.34","","","","2"
"2025","Canada","2021A000011124","Mushrooms fresh","Exports","Tonnes","288","thousands","3","v109973","1.156.7","74.63","","","","2"
"2021","Canada","2021A000011124","Mushrooms fresh","Manufacturing","Tonnes","288","thousands","3","v109974","1.156.8","12.12","","","","2"
"2022","Canada","2021A000011124","Mushrooms fresh","Manufacturing","Tonnes","288","thousands","3","v109974","1.156.8","13.05","","","","2"
"2023","Canada","2021A000011124","Mushrooms fresh","Manufacturing","Tonnes","288","thousands","3","v109974","1.156.8","13.79","","","","2"
"2024","Canada","2021A000011124","Mushrooms fresh","Manufacturing","Tonnes","288","thousands","3","v109974","1.156.8","14.70","","","","2"
"2025","Canada","2021A000011124","Mushrooms fresh","Manufacturing","Tonnes","288","thousands","3","v109974","1.156.8","14.12","","","","2"
"2021","Canada","2021A000011124","Mushrooms fresh","Waste","Tonnes","288","thousands","3","v109975","1.156.9","4.43","","","","2"
"2022","Canada","2021A000011124","Mushrooms fresh","Waste","Tonnes","288","thousands","3","v109975","1.156.9","4.13","","","","2"
"2023","Canada","2021A000011124","Mushrooms fresh","Waste","Tonnes","288","thousands","3","v109975","1.156.9","4.38","","","","2"
"2024","Canada","2021A000011124","Mushrooms fresh","Waste","Tonnes","288","thousands","3","v109975","1.156.9","4.20","","","","2"
"2025","Canada","2021A000011124","Mushrooms fresh","Waste","Tonnes","288","thousands","3","v109975","1.156.9","3.66","","","","2"
"2021","Canada","2021A000011124","Mushrooms canned","Total supply","Tonnes","288","thousands","3","v109980","1.157.2","","..","","","2"
"2022","Canada","2021A000011124","Mushrooms canned","Total supply","Tonnes","288","thousands","3","v109980","1.157.2","","..","","","2"
"2023","Canada","2021A000011124","Mushrooms canned","Total supply","Tonnes","288","thousands","3","v109980","1.157.2","","..","","","2"
"2024","Canada","2021A000011124","Mushrooms canned","Total supply","Tonnes","288","thousands","3","v109980","1.157.2","","..","","","2"
"2025","Canada","2021A000011124","Mushrooms canned","Total supply","Tonnes","288","thousands","3","v109980","1.157.2","","..","","","2"
"2021","Canada","2021A000011124","Mushrooms canned","Imports","Tonnes","288","thousands","3","v109983","1.157.5","8.69","","","","2"
"2022","Canada","2021A000011124","Mushrooms canned","Imports","Tonnes","288","thousands","3","v109983","1.157.5","12.62","","","","2"
"2023","Canada","2021A000011124","Mushrooms canned","Imports","Tonnes","288","thousands","3","v109983","1.157.5","8.56","","","","2"
"2024","Canada","2021A000011124","Mushrooms canned","Imports","Tonnes","288","thousands","3","v109983","1.157.5","","..","","","2"
"2025","Canada","2021A000011124","Mushrooms canned","Imports","Tonnes","288","thousands","3","v109983","1.157.5","10.37","","","","2"
"2021","Canada","2021A000011124","Mushrooms canned","Total disposition","Tonnes","288","thousands","3","v54326555","1.157.11","","..","","","2"
"2022","Canada","2021A000011124","Mushrooms canned","Total disposition","Tonnes","288","thousands","3","v54326555","1.157.11","","..","","","2"
"2023","Canada","2021A000011124","Mushrooms canned","Total disposition","Tonnes","288","thousands","3","v54326555","1.157.11","","..","","","2"
"2024","Canada","2021A000011124","Mushrooms canned","Total disposition","Tonnes","288","thousands","3","v54326555","1.157.11","","..","","","2"
"2025","Canada","2021A000011124","Mushrooms canned","Total disposition","Tonnes","288","thousands","3","v54326555","1.157.11","","..","","","2"
"2021","Canada","2021A000011124","Mushrooms canned","Exports","Tonnes","288","thousands","3","v109985","1.157.7","0.79","","","","2"
"2022","Canada","2021A000011124","Mushrooms canned","Exports","Tonnes","288","thousands","3","v109985","1.157.7","1.26","","","","2"
"2023","Canada","2021A000011124","Mushrooms canned","Exports","Tonnes","288","thousands","3","v109985","1.157.7","0.94","","","","2"
"2024","Canada","2021A000011124","Mushrooms canned","Exports","Tonnes","288","thousands","3","v109985","1.157.7","","..","","","2"
"2025","Canada","2021A000011124","Mushrooms canned","Exports","Tonnes","288","thousands","3","v109985","1.157.7","0.92","","","","2"
"2021","Canada","2021A000011124","Okra fresh","Total supply","Tonnes","288","thousands","3","v109992","1.158.2","","..","","","2"
"2022","Canada","2021A000011124","Okra fresh","Total supply","Tonnes","288","thousands","3","v109992","1.158.2","","..","","","2"
"2023","Canada","2021A000011124","Okra fresh","Total supply","Tonnes","288","thousands","3","v109992","1.158.2","","..","","","2"
"2024","Canada","2021A000011124","Okra fresh","Total supply","Tonnes","288","thousands","3","v109992","1.158.2","","..","","","2"
"2025","Canada","2021A000011124","Okra fresh","Total supply","Tonnes","288","thousands","3","v109992","1.158.2","","..","","","2"
"2021","Canada","2021A000011124","Okra fresh","Imports","Tonnes","288","thousands","3","v109995","1.158.5","8.08","","","","2"
"2022","Canada","2021A000011124","Okra fresh","Imports","Tonnes","288","thousands","3","v109995","1.158.5","7.14","","","","2"
"2023","Canada","2021A000011124","Okra fresh","Imports","Tonnes","288","thousands","3","v109995","1.158.5","8.34","","","","2"
"2024","Canada","2021A000011124","Okra fresh","Imports","Tonnes","288","thousands","3","v109995","1.158.5","9.11","","","","2"
"2025","Canada","2021A000011124","Okra fresh","Imports","Tonnes","288","thousands","3","v109995","1.158.5","11.05","","","","2"
"2021","Canada","2021A000011124","Okra fresh","Total disposition","Tonnes","288","thousands","3","v54326556","1.158.11","8.08","","","","2"
"2022","Canada","2021A000011124","Okra fresh","Total disposition","Tonnes","288","thousands","3","v54326556","1.158.11","7.14","","","","2"
"2023","Canada","2021A000011124","Okra fresh","Total disposition","Tonnes","288","thousands","3","v54326556","1.158.11","8.34","","","","2"
"2024","Canada","2021A000011124","Okra fresh","Total disposition","Tonnes","288","thousands","3","v54326556","1.158.11","9.11","","","","2"
"2025","Canada","2021A000011124","Okra fresh","Total disposition","Tonnes","288","thousands","3","v54326556","1.158.11","11.05","","","","2"
"2021","Canada","2021A000011124","Okra fresh","Domestic disappearance","Tonnes","288","thousands","3","v109991","1.158.1","7.11","","","","2"
"2022","Canada","2021A000011124","Okra fresh","Domestic disappearance","Tonnes","288","thousands","3","v109991","1.158.1","6.29","","","","2"
"2023","Canada","2021A000011124","Okra fresh","Domestic disappearance","Tonnes","288","thousands","3","v109991","1.158.1","7.34","","","","2"
"2024","Canada","2021A000011124","Okra fresh","Domestic disappearance","Tonnes","288","thousands","3","v109991","1.158.1","8.02","","","","2"
"2025","Canada","2021A000011124","Okra fresh","Domestic disappearance","Tonnes","288","thousands","3","v109991","1.158.1","9.73","","","","2"
"2021","Canada","2021A000011124","Okra fresh","Waste","Tonnes","288","thousands","3","v109999","1.158.9","0.97","","","","2"
"2022","Canada","2021A000011124","Okra fresh","Waste","Tonnes","288","thousands","3","v109999","1.158.9","0.86","","","","2"
"2023","Canada","2021A000011124","Okra fresh","Waste","Tonnes","288","thousands","3","v109999","1.158.9","1.00","","","","2"
"2024","Canada","2021A000011124","Okra fresh","Waste","Tonnes","288","thousands","3","v109999","1.158.9","1.09","","","","2"
"2025","Canada","2021A000011124","Okra fresh","Waste","Tonnes","288","thousands","3","v109999","1.158.9","1.33","","","","2"
"2021","Canada","2021A000011124","Olives fresh","Total supply","Tonnes","288","thousands","3","v110004","1.159.2","","..","","","2"
"2022","Canada","2021A000011124","Olives fresh","Total supply","Tonnes","288","thousands","3","v110004","1.159.2","","..","","","2"
"2023","Canada","2021A000011124","Olives fresh","Total supply","Tonnes","288","thousands","3","v110004","1.159.2","","..","","","2"
"2024","Canada","2021A000011124","Olives fresh","Total supply","Tonnes","288","thousands","3","v110004","1.159.2","","..","","","2"
"2025","Canada","2021A000011124","Olives fresh","Total supply","Tonnes","288","thousands","3","v110004","1.159.2","","..","","","2"
"2021","Canada","2021A000011124","Olives fresh","Imports","Tonnes","288","thousands","3","v110007","1.159.5","0.18","","","","2"
"2022","Canada","2021A000011124","Olives fresh","Imports","Tonnes","288","thousands","3","v110007","1.159.5","0.18","","","","2"
"2023","Canada","2021A000011124","Olives fresh","Imports","Tonnes","288","thousands","3","v110007","1.159.5","0.15","","","","2"
"2024","Canada","2021A000011124","Olives fresh","Imports","Tonnes","288","thousands","3","v110007","1.159.5","0.25","","","","2"
"2025","Canada","2021A000011124","Olives fresh","Imports","Tonnes","288","thousands","3","v110007","1.159.5","0.18","","","","2"
"2021","Canada","2021A000011124","Olives fresh","Total disposition","Tonnes","288","thousands","3","v54326557","1.159.11","0.18","","","","2"
"2022","Canada","2021A000011124","Olives fresh","Total disposition","Tonnes","288","thousands","3","v54326557","1.159.11","0.18","","","","2"
"2023","Canada","2021A000011124","Olives fresh","Total disposition","Tonnes","288","thousands","3","v54326557","1.159.11","0.15","","","","2"
"2024","Canada","2021A000011124","Olives fresh","Total disposition","Tonnes","288","thousands","3","v54326557","1.159.11","0.25","","","","2"
"2025","Canada","2021A000011124","Olives fresh","Total disposition","Tonnes","288","thousands","3","v54326557","1.159.11","0.18","","","","2"
"2021","Canada","2021A000011124","Olives fresh","Domestic disappearance","Tonnes","288","thousands","3","v110003","1.159.1","0.17","","","","2"
"2022","Canada","2021A000011124","Olives fresh","Domestic disappearance","Tonnes","288","thousands","3","v110003","1.159.1","0.17","","","","2"
"2023","Canada","2021A000011124","Olives fresh","Domestic disappearance","Tonnes","288","thousands","3","v110003","1.159.1","0.14","","","","2"
"2024","Canada","2021A000011124","Olives fresh","Domestic disappearance","Tonnes","288","thousands","3","v110003","1.159.1","0.23","","","","2"
"2025","Canada","2021A000011124","Olives fresh","Domestic disappearance","Tonnes","288","thousands","3","v110003","1.159.1","0.17","","","","2"
"2021","Canada","2021A000011124","Olives fresh","Waste","Tonnes","288","thousands","3","v110011","1.159.9","0.01","","","","2"
"2022","Canada","2021A000011124","Olives fresh","Waste","Tonnes","288","thousands","3","v110011","1.159.9","0.01","","","","2"
"2023","Canada","2021A000011124","Olives fresh","Waste","Tonnes","288","thousands","3","v110011","1.159.9","0.01","","","","2"
"2024","Canada","2021A000011124","Olives fresh","Waste","Tonnes","288","thousands","3","v110011","1.159.9","0.02","","","","2"
"2025","Canada","2021A000011124","Olives fresh","Waste","Tonnes","288","thousands","3","v110011","1.159.9","0.01","","","","2"
"2021","Canada","2021A000011124","Onions and shallots fresh","Total supply","Tonnes","288","thousands","3","v110016","1.160.2","569.98","","","","2"
"2022","Canada","2021A000011124","Onions and shallots fresh","Total supply","Tonnes","288","thousands","3","v110016","1.160.2","609.18","","","","2"
"2023","Canada","2021A000011124","Onions and shallots fresh","Total supply","Tonnes","288","thousands","3","v110016","1.160.2","604.37","","","","2"
"2024","Canada","2021A000011124","Onions and shallots fresh","Total supply","Tonnes","288","thousands","3","v110016","1.160.2","633.44","","","","2"
"2025","Canada","2021A000011124","Onions and shallots fresh","Total supply","Tonnes","288","thousands","3","v110016","1.160.2","598.51","","","","2"
"2021","Canada","2021A000011124","Onions and shallots fresh","Beginning stocks","Tonnes","288","thousands","3","v110017","1.160.3","67.78","","","","2"
"2022","Canada","2021A000011124","Onions and shallots fresh","Beginning stocks","Tonnes","288","thousands","3","v110017","1.160.3","86.16","","","","2"
"2023","Canada","2021A000011124","Onions and shallots fresh","Beginning stocks","Tonnes","288","thousands","3","v110017","1.160.3","86.62","","","","2"
"2024","Canada","2021A000011124","Onions and shallots fresh","Beginning stocks","Tonnes","288","thousands","3","v110017","1.160.3","56.18","","","","2"
"2025","Canada","2021A000011124","Onions and shallots fresh","Beginning stocks","Tonnes","288","thousands","3","v110017","1.160.3","64.43","","","","2"
"2021","Canada","2021A000011124","Onions and shallots fresh","Production","Tonnes","288","thousands","3","v110018","1.160.4","253.78","","","","2"
"2022","Canada","2021A000011124","Onions and shallots fresh","Production","Tonnes","288","thousands","3","v110018","1.160.4","297.47","","","","2"
"2023","Canada","2021A000011124","Onions and shallots fresh","Production","Tonnes","288","thousands","3","v110018","1.160.4","291.17","","","","2"
"2024","Canada","2021A000011124","Onions and shallots fresh","Production","Tonnes","288","thousands","3","v110018","1.160.4","308.62","","","","2"
"2025","Canada","2021A000011124","Onions and shallots fresh","Production","Tonnes","288","thousands","3","v110018","1.160.4","280.30","","","","2"
"2021","Canada","2021A000011124","Onions and shallots fresh","Imports","Tonnes","288","thousands","3","v110019","1.160.5","248.42","","","","2"
"2022","Canada","2021A000011124","Onions and shallots fresh","Imports","Tonnes","288","thousands","3","v110019","1.160.5","225.54","","","","2"
"2023","Canada","2021A000011124","Onions and shallots fresh","Imports","Tonnes","288","thousands","3","v110019","1.160.5","226.59","","","","2"
"2024","Canada","2021A000011124","Onions and shallots fresh","Imports","Tonnes","288","thousands","3","v110019","1.160.5","268.63","","","","2"
"2025","Canada","2021A000011124","Onions and shallots fresh","Imports","Tonnes","288","thousands","3","v110019","1.160.5","253.79","","","","2"
"2021","Canada","2021A000011124","Onions and shallots fresh","Total disposition","Tonnes","288","thousands","3","v54326558","1.160.11","483.82","","","","2"
"2022","Canada","2021A000011124","Onions and shallots fresh","Total disposition","Tonnes","288","thousands","3","v54326558","1.160.11","522.56","","","","2"
"2023","Canada","2021A000011124","Onions and shallots fresh","Total disposition","Tonnes","288","thousands","3","v54326558","1.160.11","548.19","","","","2"
"2024","Canada","2021A000011124","Onions and shallots fresh","Total disposition","Tonnes","288","thousands","3","v54326558","1.160.11","569.01","","","","2"
"2025","Canada","2021A000011124","Onions and shallots fresh","Total disposition","Tonnes","288","thousands","3","v54326558","1.160.11","523.96","","","","2"
"2021","Canada","2021A000011124","Onions and shallots fresh","Domestic disappearance","Tonnes","288","thousands","3","v110015","1.160.1","358.55","","","","2"
"2022","Canada","2021A000011124","Onions and shallots fresh","Domestic disappearance","Tonnes","288","thousands","3","v110015","1.160.1","369.25","","","","2"
"2023","Canada","2021A000011124","Onions and shallots fresh","Domestic disappearance","Tonnes","288","thousands","3","v110015","1.160.1","417.65","","","","2"
"2024","Canada","2021A000011124","Onions and shallots fresh","Domestic disappearance","Tonnes","288","thousands","3","v110015","1.160.1","437.55","","","","2"
"2025","Canada","2021A000011124","Onions and shallots fresh","Domestic disappearance","Tonnes","288","thousands","3","v110015","1.160.1","390.77","","","","2"
"2021","Canada","2021A000011124","Onions and shallots fresh","Exports","Tonnes","288","thousands","3","v110021","1.160.7","61.65","","","","2"
"2022","Canada","2021A000011124","Onions and shallots fresh","Exports","Tonnes","288","thousands","3","v110021","1.160.7","83.00","","","","2"
"2023","Canada","2021A000011124","Onions and shallots fresh","Exports","Tonnes","288","thousands","3","v110021","1.160.7","65.18","","","","2"
"2024","Canada","2021A000011124","Onions and shallots fresh","Exports","Tonnes","288","thousands","3","v110021","1.160.7","67.73","","","","2"
"2025","Canada","2021A000011124","Onions and shallots fresh","Exports","Tonnes","288","thousands","3","v110021","1.160.7","67.42","","","","2"
"2021","Canada","2021A000011124","Onions and shallots fresh","Manufacturing","Tonnes","288","thousands","3","v110022","1.160.8","40.74","","","","2"
"2022","Canada","2021A000011124","Onions and shallots fresh","Manufacturing","Tonnes","288","thousands","3","v110022","1.160.8","46.73","","","","2"
"2023","Canada","2021A000011124","Onions and shallots fresh","Manufacturing","Tonnes","288","thousands","3","v110022","1.160.8","38.70","","","","2"
"2024","Canada","2021A000011124","Onions and shallots fresh","Manufacturing","Tonnes","288","thousands","3","v110022","1.160.8","35.80","","","","2"
"2025","Canada","2021A000011124","Onions and shallots fresh","Manufacturing","Tonnes","288","thousands","3","v110022","1.160.8","40.83","","","","2"
"2021","Canada","2021A000011124","Onions and shallots fresh","Waste","Tonnes","288","thousands","3","v110023","1.160.9","22.89","","","","2"
"2022","Canada","2021A000011124","Onions and shallots fresh","Waste","Tonnes","288","thousands","3","v110023","1.160.9","23.57","","","","2"
"2023","Canada","2021A000011124","Onions and shallots fresh","Waste","Tonnes","288","thousands","3","v110023","1.160.9","26.66","","","","2"
"2024","Canada","2021A000011124","Onions and shallots fresh","Waste","Tonnes","288","thousands","3","v110023","1.160.9","27.93","","","","2"
"2025","Canada","2021A000011124","Onions and shallots fresh","Waste","Tonnes","288","thousands","3","v110023","1.160.9","24.94","","","","2"
"2021","Canada","2021A000011124","Onions and shallots fresh","Ending stocks","Tonnes","288","thousands","3","v110024","1.160.10","86.16","","","","2"
"2022","Canada","2021A000011124","Onions and shallots fresh","Ending stocks","Tonnes","288","thousands","3","v110024","1.160.10","86.62","","","","2"
"2023","Canada","2021A000011124","Onions and shallots fresh","Ending stocks","Tonnes","288","thousands","3","v110024","1.160.10","56.18","","","","2"
"2024","Canada","2021A000011124","Onions and shallots fresh","Ending stocks","Tonnes","288","thousands","3","v110024","1.160.10","64.43","","","","2"
"2025","Canada","2021A000011124","Onions and shallots fresh","Ending stocks","Tonnes","288","thousands","3","v110024","1.160.10","74.55","","","","2"
"2021","Canada","2021A000011124","Parsley fresh","Total supply","Tonnes","288","thousands","3","v110028","1.161.2","10.68","","","","2"
"2022","Canada","2021A000011124","Parsley fresh","Total supply","Tonnes","288","thousands","3","v110028","1.161.2","10.29","","","","2"
"2023","Canada","2021A000011124","Parsley fresh","Total supply","Tonnes","288","thousands","3","v110028","1.161.2","10.33","","","","2"
"2024","Canada","2021A000011124","Parsley fresh","Total supply","Tonnes","288","thousands","3","v110028","1.161.2","11.12","","","","2"
"2025","Canada","2021A000011124","Parsley fresh","Total supply","Tonnes","288","thousands","3","v110028","1.161.2","10.22","","","","2"
"2021","Canada","2021A000011124","Parsley fresh","Production","Tonnes","288","thousands","3","v110030","1.161.4","1.80","","","","2"
"2022","Canada","2021A000011124","Parsley fresh","Production","Tonnes","288","thousands","3","v110030","1.161.4","1.79","E","","","2"
"2023","Canada","2021A000011124","Parsley fresh","Production","Tonnes","288","thousands","3","v110030","1.161.4","1.71","","","","2"
"2024","Canada","2021A000011124","Parsley fresh","Production","Tonnes","288","thousands","3","v110030","1.161.4","1.69","","","","2"
"2025","Canada","2021A000011124","Parsley fresh","Production","Tonnes","288","thousands","3","v110030","1.161.4","1.61","","","","2"
"2021","Canada","2021A000011124","Parsley fresh","Imports","Tonnes","288","thousands","3","v110031","1.161.5","8.88","","","","2"
"2022","Canada","2021A000011124","Parsley fresh","Imports","Tonnes","288","thousands","3","v110031","1.161.5","8.50","","","","2"
"2023","Canada","2021A000011124","Parsley fresh","Imports","Tonnes","288","thousands","3","v110031","1.161.5","8.62","","","","2"
"2024","Canada","2021A000011124","Parsley fresh","Imports","Tonnes","288","thousands","3","v110031","1.161.5","9.43","","","","2"
"2025","Canada","2021A000011124","Parsley fresh","Imports","Tonnes","288","thousands","3","v110031","1.161.5","8.61","","","","2"
"2021","Canada","2021A000011124","Parsley fresh","Total disposition","Tonnes","288","thousands","3","v54326559","1.161.11","10.68","","","","2"
"2022","Canada","2021A000011124","Parsley fresh","Total disposition","Tonnes","288","thousands","3","v54326559","1.161.11","10.29","","","","2"
"2023","Canada","2021A000011124","Parsley fresh","Total disposition","Tonnes","288","thousands","3","v54326559","1.161.11","10.33","","","","2"
"2024","Canada","2021A000011124","Parsley fresh","Total disposition","Tonnes","288","thousands","3","v54326559","1.161.11","11.12","","","","2"
"2025","Canada","2021A000011124","Parsley fresh","Total disposition","Tonnes","288","thousands","3","v54326559","1.161.11","10.22","","","","2"
"2021","Canada","2021A000011124","Parsley fresh","Domestic disappearance","Tonnes","288","thousands","3","v110027","1.161.1","9.93","","","","2"
"2022","Canada","2021A000011124","Parsley fresh","Domestic disappearance","Tonnes","288","thousands","3","v110027","1.161.1","9.57","","","","2"
"2023","Canada","2021A000011124","Parsley fresh","Domestic disappearance","Tonnes","288","thousands","3","v110027","1.161.1","9.61","","","","2"
"2024","Canada","2021A000011124","Parsley fresh","Domestic disappearance","Tonnes","288","thousands","3","v110027","1.161.1","10.34","","","","2"
"2025","Canada","2021A000011124","Parsley fresh","Domestic disappearance","Tonnes","288","thousands","3","v110027","1.161.1","9.50","","","","2"
"2021","Canada","2021A000011124","Parsley fresh","Waste","Tonnes","288","thousands","3","v110035","1.161.9","0.75","","","","2"
"2022","Canada","2021A000011124","Parsley fresh","Waste","Tonnes","288","thousands","3","v110035","1.161.9","0.72","","","","2"
"2023","Canada","2021A000011124","Parsley fresh","Waste","Tonnes","288","thousands","3","v110035","1.161.9","0.72","","","","2"
"2024","Canada","2021A000011124","Parsley fresh","Waste","Tonnes","288","thousands","3","v110035","1.161.9","0.78","","","","2"
"2025","Canada","2021A000011124","Parsley fresh","Waste","Tonnes","288","thousands","3","v110035","1.161.9","0.72","","","","2"
"2021","Canada","2021A000011124","Parsnips fresh","Total supply","Tonnes","288","thousands","3","v110052","1.162.2","5.03","","","","2"
"2022","Canada","2021A000011124","Parsnips fresh","Total supply","Tonnes","288","thousands","3","v110052","1.162.2","5.45","","","","2"
"2023","Canada","2021A000011124","Parsnips fresh","Total supply","Tonnes","288","thousands","3","v110052","1.162.2","4.35","","","","2"
"2024","Canada","2021A000011124","Parsnips fresh","Total supply","Tonnes","288","thousands","3","v110052","1.162.2","4.79","","","","2"
"2025","Canada","2021A000011124","Parsnips fresh","Total supply","Tonnes","288","thousands","3","v110052","1.162.2","4.92","","","","2"
"2021","Canada","2021A000011124","Parsnips fresh","Production","Tonnes","288","thousands","3","v110054","1.162.4","4.54","","","","2"
"2022","Canada","2021A000011124","Parsnips fresh","Production","Tonnes","288","thousands","3","v110054","1.162.4","4.88","","","","2"
"2023","Canada","2021A000011124","Parsnips fresh","Production","Tonnes","288","thousands","3","v110054","1.162.4","4.08","","","","2"
"2024","Canada","2021A000011124","Parsnips fresh","Production","Tonnes","288","thousands","3","v110054","1.162.4","4.46","","","","2"
"2025","Canada","2021A000011124","Parsnips fresh","Production","Tonnes","288","thousands","3","v110054","1.162.4","4.72","","","","2"
"2021","Canada","2021A000011124","Parsnips fresh","Imports","Tonnes","288","thousands","3","v110055","1.162.5","0.49","","","","2"
"2022","Canada","2021A000011124","Parsnips fresh","Imports","Tonnes","288","thousands","3","v110055","1.162.5","0.58","","","","2"
"2023","Canada","2021A000011124","Parsnips fresh","Imports","Tonnes","288","thousands","3","v110055","1.162.5","0.26","","","","2"
"2024","Canada","2021A000011124","Parsnips fresh","Imports","Tonnes","288","thousands","3","v110055","1.162.5","0.33","","","","2"
"2025","Canada","2021A000011124","Parsnips fresh","Imports","Tonnes","288","thousands","3","v110055","1.162.5","0.20","","","","2"
"2021","Canada","2021A000011124","Parsnips fresh","Total disposition","Tonnes","288","thousands","3","v54326561","1.162.11","5.03","","","","2"
"2022","Canada","2021A000011124","Parsnips fresh","Total disposition","Tonnes","288","thousands","3","v54326561","1.162.11","5.45","","","","2"
"2023","Canada","2021A000011124","Parsnips fresh","Total disposition","Tonnes","288","thousands","3","v54326561","1.162.11","4.35","","","","2"
"2024","Canada","2021A000011124","Parsnips fresh","Total disposition","Tonnes","288","thousands","3","v54326561","1.162.11","4.79","","","","2"
"2025","Canada","2021A000011124","Parsnips fresh","Total disposition","Tonnes","288","thousands","3","v54326561","1.162.11","4.92","","","","2"
"2021","Canada","2021A000011124","Parsnips fresh","Domestic disappearance","Tonnes","288","thousands","3","v110051","1.162.1","4.88","","","","2"
"2022","Canada","2021A000011124","Parsnips fresh","Domestic disappearance","Tonnes","288","thousands","3","v110051","1.162.1","5.29","","","","2"
"2023","Canada","2021A000011124","Parsnips fresh","Domestic disappearance","Tonnes","288","thousands","3","v110051","1.162.1","4.22","","","","2"
"2024","Canada","2021A000011124","Parsnips fresh","Domestic disappearance","Tonnes","288","thousands","3","v110051","1.162.1","4.65","","","","2"
"2025","Canada","2021A000011124","Parsnips fresh","Domestic disappearance","Tonnes","288","thousands","3","v110051","1.162.1","4.77","","","","2"
"2021","Canada","2021A000011124","Parsnips fresh","Waste","Tonnes","288","thousands","3","v110059","1.162.9","0.15","","","","2"
"2022","Canada","2021A000011124","Parsnips fresh","Waste","Tonnes","288","thousands","3","v110059","1.162.9","0.16","","","","2"
"2023","Canada","2021A000011124","Parsnips fresh","Waste","Tonnes","288","thousands","3","v110059","1.162.9","0.13","","","","2"
"2024","Canada","2021A000011124","Parsnips fresh","Waste","Tonnes","288","thousands","3","v110059","1.162.9","0.14","","","","2"
"2025","Canada","2021A000011124","Parsnips fresh","Waste","Tonnes","288","thousands","3","v110059","1.162.9","0.15","","","","2"
"2021","Canada","2021A000011124","Peas fresh","Total supply","Tonnes","288","thousands","3","v110064","1.163.2","52.90","","","","2"
"2022","Canada","2021A000011124","Peas fresh","Total supply","Tonnes","288","thousands","3","v110064","1.163.2","57.33","","","","2"
"2023","Canada","2021A000011124","Peas fresh","Total supply","Tonnes","288","thousands","3","v110064","1.163.2","59.42","","","","2"
"2024","Canada","2021A000011124","Peas fresh","Total supply","Tonnes","288","thousands","3","v110064","1.163.2","49.21","","","","2"
"2025","Canada","2021A000011124","Peas fresh","Total supply","Tonnes","288","thousands","3","v110064","1.163.2","52.74","","","","2"
"2021","Canada","2021A000011124","Peas fresh","Production","Tonnes","288","thousands","3","v110066","1.163.4","41.52","","","","2"
"2022","Canada","2021A000011124","Peas fresh","Production","Tonnes","288","thousands","3","v110066","1.163.4","","F","","","2"
"2023","Canada","2021A000011124","Peas fresh","Production","Tonnes","288","thousands","3","v110066","1.163.4","50.26","","","","2"
"2024","Canada","2021A000011124","Peas fresh","Production","Tonnes","288","thousands","3","v110066","1.163.4","40.30","","","","2"
"2025","Canada","2021A000011124","Peas fresh","Production","Tonnes","288","thousands","3","v110066","1.163.4","44.11","","","","2"
"2021","Canada","2021A000011124","Peas fresh","Imports","Tonnes","288","thousands","3","v110067","1.163.5","11.38","","","","2"
"2022","Canada","2021A000011124","Peas fresh","Imports","Tonnes","288","thousands","3","v110067","1.163.5","11.11","","","","2"
"2023","Canada","2021A000011124","Peas fresh","Imports","Tonnes","288","thousands","3","v110067","1.163.5","9.17","","","","2"
"2024","Canada","2021A000011124","Peas fresh","Imports","Tonnes","288","thousands","3","v110067","1.163.5","8.91","","","","2"
"2025","Canada","2021A000011124","Peas fresh","Imports","Tonnes","288","thousands","3","v110067","1.163.5","8.63","","","","2"
"2021","Canada","2021A000011124","Peas fresh","Total disposition","Tonnes","288","thousands","3","v54326562","1.163.11","52.90","","","","2"
"2022","Canada","2021A000011124","Peas fresh","Total disposition","Tonnes","288","thousands","3","v54326562","1.163.11","57.33","","","","2"
"2023","Canada","2021A000011124","Peas fresh","Total disposition","Tonnes","288","thousands","3","v54326562","1.163.11","59.42","","","","2"
"2024","Canada","2021A000011124","Peas fresh","Total disposition","Tonnes","288","thousands","3","v54326562","1.163.11","49.21","","","","2"
"2025","Canada","2021A000011124","Peas fresh","Total disposition","Tonnes","288","thousands","3","v54326562","1.163.11","52.74","","","","2"
"2021","Canada","2021A000011124","Peas fresh","Domestic disappearance","Tonnes","288","thousands","3","v110063","1.163.1","7.51","","","","2"
"2022","Canada","2021A000011124","Peas fresh","Domestic disappearance","Tonnes","288","thousands","3","v110063","1.163.1","7.37","","","","2"
"2023","Canada","2021A000011124","Peas fresh","Domestic disappearance","Tonnes","288","thousands","3","v110063","1.163.1","6.53","","","","2"
"2024","Canada","2021A000011124","Peas fresh","Domestic disappearance","Tonnes","288","thousands","3","v110063","1.163.1","7.70","","","","2"
"2025","Canada","2021A000011124","Peas fresh","Domestic disappearance","Tonnes","288","thousands","3","v110063","1.163.1","8.13","","","","2"
"2021","Canada","2021A000011124","Peas fresh","Exports","Tonnes","288","thousands","3","v110069","1.163.7","4.36","","","","2"
"2022","Canada","2021A000011124","Peas fresh","Exports","Tonnes","288","thousands","3","v110069","1.163.7","4.24","","","","2"
"2023","Canada","2021A000011124","Peas fresh","Exports","Tonnes","288","thousands","3","v110069","1.163.7","3.45","","","","2"
"2024","Canada","2021A000011124","Peas fresh","Exports","Tonnes","288","thousands","3","v110069","1.163.7","2.12","","","","2"
"2025","Canada","2021A000011124","Peas fresh","Exports","Tonnes","288","thousands","3","v110069","1.163.7","1.39","","","","2"
"2021","Canada","2021A000011124","Peas fresh","Manufacturing","Tonnes","288","thousands","3","v110070","1.163.8","40.54","","","","2"
"2022","Canada","2021A000011124","Peas fresh","Manufacturing","Tonnes","288","thousands","3","v110070","1.163.8","","F","","","2"
"2023","Canada","2021A000011124","Peas fresh","Manufacturing","Tonnes","288","thousands","3","v110070","1.163.8","49.03","","","","2"
"2024","Canada","2021A000011124","Peas fresh","Manufacturing","Tonnes","288","thousands","3","v110070","1.163.8","38.90","","","","2"
"2025","Canada","2021A000011124","Peas fresh","Manufacturing","Tonnes","288","thousands","3","v110070","1.163.8","42.70","","","","2"
"2021","Canada","2021A000011124","Peas fresh","Waste","Tonnes","288","thousands","3","v110071","1.163.9","0.48","","","","2"
"2022","Canada","2021A000011124","Peas fresh","Waste","Tonnes","288","thousands","3","v110071","1.163.9","0.47","","","","2"
"2023","Canada","2021A000011124","Peas fresh","Waste","Tonnes","288","thousands","3","v110071","1.163.9","0.42","","","","2"
"2024","Canada","2021A000011124","Peas fresh","Waste","Tonnes","288","thousands","3","v110071","1.163.9","0.49","","","","2"
"2025","Canada","2021A000011124","Peas fresh","Waste","Tonnes","288","thousands","3","v110071","1.163.9","0.52","","","","2"
"2021","Canada","2021A000011124","Peas canned","Total supply","Tonnes","288","thousands","3","v110076","1.164.2","","..","","","2"
"2022","Canada","2021A000011124","Peas canned","Total supply","Tonnes","288","thousands","3","v110076","1.164.2","","..","","","2"
"2023","Canada","2021A000011124","Peas canned","Total supply","Tonnes","288","thousands","3","v110076","1.164.2","","..","","","2"
"2024","Canada","2021A000011124","Peas canned","Total supply","Tonnes","288","thousands","3","v110076","1.164.2","","..","","","2"
"2025","Canada","2021A000011124","Peas canned","Total supply","Tonnes","288","thousands","3","v110076","1.164.2","","..","","","2"
"2021","Canada","2021A000011124","Peas canned","Imports","Tonnes","288","thousands","3","v110079","1.164.5","1.62","","","","2"
"2022","Canada","2021A000011124","Peas canned","Imports","Tonnes","288","thousands","3","v110079","1.164.5","3.90","","","","2"
"2023","Canada","2021A000011124","Peas canned","Imports","Tonnes","288","thousands","3","v110079","1.164.5","0.44","","","","2"
"2024","Canada","2021A000011124","Peas canned","Imports","Tonnes","288","thousands","3","v110079","1.164.5","","..","","","2"
"2025","Canada","2021A000011124","Peas canned","Imports","Tonnes","288","thousands","3","v110079","1.164.5","0.85","","","","2"
"2021","Canada","2021A000011124","Peas canned","Total disposition","Tonnes","288","thousands","3","v54326563","1.164.11","","..","","","2"
"2022","Canada","2021A000011124","Peas canned","Total disposition","Tonnes","288","thousands","3","v54326563","1.164.11","","..","","","2"
"2023","Canada","2021A000011124","Peas canned","Total disposition","Tonnes","288","thousands","3","v54326563","1.164.11","","..","","","2"
"2024","Canada","2021A000011124","Peas canned","Total disposition","Tonnes","288","thousands","3","v54326563","1.164.11","","..","","","2"
"2025","Canada","2021A000011124","Peas canned","Total disposition","Tonnes","288","thousands","3","v54326563","1.164.11","","..","","","2"
"2021","Canada","2021A000011124","Peas canned","Exports","Tonnes","288","thousands","3","v110081","1.164.7","0.69","","","","2"
"2022","Canada","2021A000011124","Peas canned","Exports","Tonnes","288","thousands","3","v110081","1.164.7","3.06","","","","2"
"2023","Canada","2021A000011124","Peas canned","Exports","Tonnes","288","thousands","3","v110081","1.164.7","1.89","","","","2"
"2024","Canada","2021A000011124","Peas canned","Exports","Tonnes","288","thousands","3","v110081","1.164.7","","..","","","2"
"2025","Canada","2021A000011124","Peas canned","Exports","Tonnes","288","thousands","3","v110081","1.164.7","0.26","","","","2"
"2021","Canada","2021A000011124","Peas frozen","Total supply","Tonnes","288","thousands","3","v110088","1.165.2","","..","","","2"
"2022","Canada","2021A000011124","Peas frozen","Total supply","Tonnes","288","thousands","3","v110088","1.165.2","","..","","","2"
"2023","Canada","2021A000011124","Peas frozen","Total supply","Tonnes","288","thousands","3","v110088","1.165.2","","..","","","2"
"2024","Canada","2021A000011124","Peas frozen","Total supply","Tonnes","288","thousands","3","v110088","1.165.2","","..","","","2"
"2025","Canada","2021A000011124","Peas frozen","Total supply","Tonnes","288","thousands","3","v110088","1.165.2","","..","","","2"
"2021","Canada","2021A000011124","Peas frozen","Imports","Tonnes","288","thousands","3","v110091","1.165.5","13.50","","","","2"
"2022","Canada","2021A000011124","Peas frozen","Imports","Tonnes","288","thousands","3","v110091","1.165.5","12.04","","","","2"
"2023","Canada","2021A000011124","Peas frozen","Imports","Tonnes","288","thousands","3","v110091","1.165.5","13.95","","","","2"
"2024","Canada","2021A000011124","Peas frozen","Imports","Tonnes","288","thousands","3","v110091","1.165.5","","..","","","2"
"2025","Canada","2021A000011124","Peas frozen","Imports","Tonnes","288","thousands","3","v110091","1.165.5","10.98","","","","2"
"2021","Canada","2021A000011124","Peas frozen","Total disposition","Tonnes","288","thousands","3","v54326564","1.165.11","","..","","","2"
"2022","Canada","2021A000011124","Peas frozen","Total disposition","Tonnes","288","thousands","3","v54326564","1.165.11","","..","","","2"
"2023","Canada","2021A000011124","Peas frozen","Total disposition","Tonnes","288","thousands","3","v54326564","1.165.11","","..","","","2"
"2024","Canada","2021A000011124","Peas frozen","Total disposition","Tonnes","288","thousands","3","v54326564","1.165.11","","..","","","2"
"2025","Canada","2021A000011124","Peas frozen","Total disposition","Tonnes","288","thousands","3","v54326564","1.165.11","","..","","","2"
"2021","Canada","2021A000011124","Peas frozen","Exports","Tonnes","288","thousands","3","v110093","1.165.7","6.78","","","","2"
"2022","Canada","2021A000011124","Peas frozen","Exports","Tonnes","288","thousands","3","v110093","1.165.7","9.96","","","","2"
"2023","Canada","2021A000011124","Peas frozen","Exports","Tonnes","288","thousands","3","v110093","1.165.7","11.33","","","","2"
"2024","Canada","2021A000011124","Peas frozen","Exports","Tonnes","288","thousands","3","v110093","1.165.7","","..","","","2"
"2025","Canada","2021A000011124","Peas frozen","Exports","Tonnes","288","thousands","3","v110093","1.165.7","15.06","","","","2"
"2021","Canada","2021A000011124","Peppers fresh","Total supply","Tonnes","288","thousands","3","v110100","1.166.2","373.76","","","","2"
"2022","Canada","2021A000011124","Peppers fresh","Total supply","Tonnes","288","thousands","3","v110100","1.166.2","369.08","","","","2"
"2023","Canada","2021A000011124","Peppers fresh","Total supply","Tonnes","288","thousands","3","v110100","1.166.2","384.23","","","","2"
"2024","Canada","2021A000011124","Peppers fresh","Total supply","Tonnes","288","thousands","3","v110100","1.166.2","390.90","","","","2"
"2025","Canada","2021A000011124","Peppers fresh","Total supply","Tonnes","288","thousands","3","v110100","1.166.2","410.50","","","","2"
"2021","Canada","2021A000011124","Peppers fresh","Production","Tonnes","288","thousands","3","v110102","1.166.4","220.46","","","","2"
"2022","Canada","2021A000011124","Peppers fresh","Production","Tonnes","288","thousands","3","v110102","1.166.4","223.86","","","","2"
"2023","Canada","2021A000011124","Peppers fresh","Production","Tonnes","288","thousands","3","v110102","1.166.4","231.76","","","","2"
"2024","Canada","2021A000011124","Peppers fresh","Production","Tonnes","288","thousands","3","v110102","1.166.4","235.59","","","","2"
"2025","Canada","2021A000011124","Peppers fresh","Production","Tonnes","288","thousands","3","v110102","1.166.4","254.21","","","","2"
"2021","Canada","2021A000011124","Peppers fresh","Imports","Tonnes","288","thousands","3","v110103","1.166.5","153.29","","","","2"
"2022","Canada","2021A000011124","Peppers fresh","Imports","Tonnes","288","thousands","3","v110103","1.166.5","145.22","","","","2"
"2023","Canada","2021A000011124","Peppers fresh","Imports","Tonnes","288","thousands","3","v110103","1.166.5","152.47","","","","2"
"2024","Canada","2021A000011124","Peppers fresh","Imports","Tonnes","288","thousands","3","v110103","1.166.5","155.31","","","","2"
"2025","Canada","2021A000011124","Peppers fresh","Imports","Tonnes","288","thousands","3","v110103","1.166.5","156.29","","","","2"
"2021","Canada","2021A000011124","Peppers fresh","Total disposition","Tonnes","288","thousands","3","v54326569","1.166.11","373.76","","","","2"
"2022","Canada","2021A000011124","Peppers fresh","Total disposition","Tonnes","288","thousands","3","v54326569","1.166.11","369.08","","","","2"
"2023","Canada","2021A000011124","Peppers fresh","Total disposition","Tonnes","288","thousands","3","v54326569","1.166.11","384.23","","","","2"
"2024","Canada","2021A000011124","Peppers fresh","Total disposition","Tonnes","288","thousands","3","v54326569","1.166.11","390.90","","","","2"
"2025","Canada","2021A000011124","Peppers fresh","Total disposition","Tonnes","288","thousands","3","v54326569","1.166.11","410.50","","","","2"
"2021","Canada","2021A000011124","Peppers fresh","Domestic disappearance","Tonnes","288","thousands","3","v110099","1.166.1","161.18","","","","2"
"2022","Canada","2021A000011124","Peppers fresh","Domestic disappearance","Tonnes","288","thousands","3","v110099","1.166.1","151.17","","","","2"
"2023","Canada","2021A000011124","Peppers fresh","Domestic disappearance","Tonnes","288","thousands","3","v110099","1.166.1","166.01","","","","2"
"2024","Canada","2021A000011124","Peppers fresh","Domestic disappearance","Tonnes","288","thousands","3","v110099","1.166.1","163.96","","","","2"
"2025","Canada","2021A000011124","Peppers fresh","Domestic disappearance","Tonnes","288","thousands","3","v110099","1.166.1","173.74","","","","2"
"2021","Canada","2021A000011124","Peppers fresh","Exports","Tonnes","288","thousands","3","v110105","1.166.7","174.77","","","","2"
"2022","Canada","2021A000011124","Peppers fresh","Exports","Tonnes","288","thousands","3","v110105","1.166.7","180.66","","","","2"
"2023","Canada","2021A000011124","Peppers fresh","Exports","Tonnes","288","thousands","3","v110105","1.166.7","179.68","","","","2"
"2024","Canada","2021A000011124","Peppers fresh","Exports","Tonnes","288","thousands","3","v110105","1.166.7","190.18","","","","2"
"2025","Canada","2021A000011124","Peppers fresh","Exports","Tonnes","288","thousands","3","v110105","1.166.7","196.01","","","","2"
"2021","Canada","2021A000011124","Peppers fresh","Manufacturing","Tonnes","288","thousands","3","v110106","1.166.8","23.80","","","","2"
"2022","Canada","2021A000011124","Peppers fresh","Manufacturing","Tonnes","288","thousands","3","v110106","1.166.8","24.10","","","","2"
"2023","Canada","2021A000011124","Peppers fresh","Manufacturing","Tonnes","288","thousands","3","v110106","1.166.8","24.10","","","","2"
"2024","Canada","2021A000011124","Peppers fresh","Manufacturing","Tonnes","288","thousands","3","v110106","1.166.8","22.50","","","","2"
"2025","Canada","2021A000011124","Peppers fresh","Manufacturing","Tonnes","288","thousands","3","v110106","1.166.8","25.65","","","","2"
"2021","Canada","2021A000011124","Peppers fresh","Waste","Tonnes","288","thousands","3","v110107","1.166.9","14.02","","","","2"
"2022","Canada","2021A000011124","Peppers fresh","Waste","Tonnes","288","thousands","3","v110107","1.166.9","13.15","","","","2"
"2023","Canada","2021A000011124","Peppers fresh","Waste","Tonnes","288","thousands","3","v110107","1.166.9","14.44","","","","2"
"2024","Canada","2021A000011124","Peppers fresh","Waste","Tonnes","288","thousands","3","v110107","1.166.9","14.26","","","","2"
"2025","Canada","2021A000011124","Peppers fresh","Waste","Tonnes","288","thousands","3","v110107","1.166.9","15.11","","","","2"
"2021","Canada","2021A000011124","Potatoes sweet fresh","Total supply","Tonnes","288","thousands","3","v110112","1.167.2","93.55","","","","2"
"2022","Canada","2021A000011124","Potatoes sweet fresh","Total supply","Tonnes","288","thousands","3","v110112","1.167.2","96.07","","","","2"
"2023","Canada","2021A000011124","Potatoes sweet fresh","Total supply","Tonnes","288","thousands","3","v110112","1.167.2","94.51","","","","2"
"2024","Canada","2021A000011124","Potatoes sweet fresh","Total supply","Tonnes","288","thousands","3","v110112","1.167.2","91.41","","","","2"
"2025","Canada","2021A000011124","Potatoes sweet fresh","Total supply","Tonnes","288","thousands","3","v110112","1.167.2","94.99","","","","2"
"2021","Canada","2021A000011124","Potatoes sweet fresh","Production","Tonnes","288","units","0","v1064253145","1.167.4","12.26","","","","2"
"2022","Canada","2021A000011124","Potatoes sweet fresh","Production","Tonnes","288","units","0","v1064253145","1.167.4","14.12","","","","2"
"2023","Canada","2021A000011124","Potatoes sweet fresh","Production","Tonnes","288","units","0","v1064253145","1.167.4","16.93","","","","2"
"2024","Canada","2021A000011124","Potatoes sweet fresh","Production","Tonnes","288","units","0","v1064253145","1.167.4","18.49","","","","2"
"2025","Canada","2021A000011124","Potatoes sweet fresh","Production","Tonnes","288","units","0","v1064253145","1.167.4","21.45","","","","2"
"2021","Canada","2021A000011124","Potatoes sweet fresh","Imports","Tonnes","288","thousands","3","v110115","1.167.5","81.29","","","","2"
"2022","Canada","2021A000011124","Potatoes sweet fresh","Imports","Tonnes","288","thousands","3","v110115","1.167.5","81.95","","","","2"
"2023","Canada","2021A000011124","Potatoes sweet fresh","Imports","Tonnes","288","thousands","3","v110115","1.167.5","77.57","","","","2"
"2024","Canada","2021A000011124","Potatoes sweet fresh","Imports","Tonnes","288","thousands","3","v110115","1.167.5","72.92","","","","2"
"2025","Canada","2021A000011124","Potatoes sweet fresh","Imports","Tonnes","288","thousands","3","v110115","1.167.5","73.54","","","","2"
"2021","Canada","2021A000011124","Potatoes sweet fresh","Total disposition","Tonnes","288","thousands","3","v54326570","1.167.11","93.55","","","","2"
"2022","Canada","2021A000011124","Potatoes sweet fresh","Total disposition","Tonnes","288","thousands","3","v54326570","1.167.11","96.07","","","","2"
"2023","Canada","2021A000011124","Potatoes sweet fresh","Total disposition","Tonnes","288","thousands","3","v54326570","1.167.11","94.51","","","","2"
"2024","Canada","2021A000011124","Potatoes sweet fresh","Total disposition","Tonnes","288","thousands","3","v54326570","1.167.11","91.41","","","","2"
"2025","Canada","2021A000011124","Potatoes sweet fresh","Total disposition","Tonnes","288","thousands","3","v54326570","1.167.11","94.99","","","","2"
"2021","Canada","2021A000011124","Potatoes sweet fresh","Domestic disappearance","Tonnes","288","thousands","3","v110111","1.167.1","45.57","","","","2"
"2022","Canada","2021A000011124","Potatoes sweet fresh","Domestic disappearance","Tonnes","288","thousands","3","v110111","1.167.1","42.00","","","","2"
"2023","Canada","2021A000011124","Potatoes sweet fresh","Domestic disappearance","Tonnes","288","thousands","3","v110111","1.167.1","39.21","","","","2"
"2024","Canada","2021A000011124","Potatoes sweet fresh","Domestic disappearance","Tonnes","288","thousands","3","v110111","1.167.1","54.89","","","","2"
"2025","Canada","2021A000011124","Potatoes sweet fresh","Domestic disappearance","Tonnes","288","thousands","3","v110111","1.167.1","52.92","","","","2"
"2021","Canada","2021A000011124","Potatoes sweet fresh","Exports","Tonnes","288","thousands","3","v110117","1.167.7","40.99","","","","2"
"2022","Canada","2021A000011124","Potatoes sweet fresh","Exports","Tonnes","288","thousands","3","v110117","1.167.7","47.11","","","","2"
"2023","Canada","2021A000011124","Potatoes sweet fresh","Exports","Tonnes","288","thousands","3","v110117","1.167.7","48.65","","","","2"
"2024","Canada","2021A000011124","Potatoes sweet fresh","Exports","Tonnes","288","thousands","3","v110117","1.167.7","27.72","","","","2"
"2025","Canada","2021A000011124","Potatoes sweet fresh","Exports","Tonnes","288","thousands","3","v110117","1.167.7","33.99","","","","2"
"2021","Canada","2021A000011124","Potatoes sweet fresh","Manufacturing","Tonnes","288","units","0","v1064435450","1.167.8","1.93","","","","2"
"2022","Canada","2021A000011124","Potatoes sweet fresh","Manufacturing","Tonnes","288","units","0","v1064435450","1.167.8","2.29","","","","2"
"2023","Canada","2021A000011124","Potatoes sweet fresh","Manufacturing","Tonnes","288","units","0","v1064435450","1.167.8","2.29","","","","2"
"2024","Canada","2021A000011124","Potatoes sweet fresh","Manufacturing","Tonnes","288","units","0","v1064435450","1.167.8","2.70","","","","2"
"2025","Canada","2021A000011124","Potatoes sweet fresh","Manufacturing","Tonnes","288","units","0","v1064435450","1.167.8","2.21","","","","2"
"2021","Canada","2021A000011124","Potatoes sweet fresh","Waste","Tonnes","288","thousands","3","v110119","1.167.9","5.06","","","","2"
"2022","Canada","2021A000011124","Potatoes sweet fresh","Waste","Tonnes","288","thousands","3","v110119","1.167.9","4.67","","","","2"
"2023","Canada","2021A000011124","Potatoes sweet fresh","Waste","Tonnes","288","thousands","3","v110119","1.167.9","4.36","","","","2"
"2024","Canada","2021A000011124","Potatoes sweet fresh","Waste","Tonnes","288","thousands","3","v110119","1.167.9","6.10","","","","2"
"2025","Canada","2021A000011124","Potatoes sweet fresh","Waste","Tonnes","288","thousands","3","v110119","1.167.9","5.88","","","","2"
"2021","Canada","2021A000011124","Potatoes chips","Imports","Tonnes","288","thousands","3","v41886529","1.188.5","13.51","","","","2"
"2022","Canada","2021A000011124","Potatoes chips","Imports","Tonnes","288","thousands","3","v41886529","1.188.5","15.31","","","","2"
"2023","Canada","2021A000011124","Potatoes chips","Imports","Tonnes","288","thousands","3","v41886529","1.188.5","11.26","","","","2"
"2024","Canada","2021A000011124","Potatoes chips","Imports","Tonnes","288","thousands","3","v41886529","1.188.5","","..","","","2"
"2025","Canada","2021A000011124","Potatoes chips","Imports","Tonnes","288","thousands","3","v41886529","1.188.5","10.89","","","","2"
"2021","Canada","2021A000011124","Potatoes chips","Total disposition","Tonnes","288","thousands","3","v54326565","1.188.11","","..","","","2"
"2022","Canada","2021A000011124","Potatoes chips","Total disposition","Tonnes","288","thousands","3","v54326565","1.188.11","","..","","","2"
"2023","Canada","2021A000011124","Potatoes chips","Total disposition","Tonnes","288","thousands","3","v54326565","1.188.11","","..","","","2"
"2024","Canada","2021A000011124","Potatoes chips","Total disposition","Tonnes","288","thousands","3","v54326565","1.188.11","","..","","","2"
"2025","Canada","2021A000011124","Potatoes chips","Total disposition","Tonnes","288","thousands","3","v54326565","1.188.11","","..","","","2"
"2021","Canada","2021A000011124","Potatoes chips","Domestic disappearance","Tonnes","288","thousands","3","v41886527","1.188.1","","..","","","2"
"2022","Canada","2021A000011124","Potatoes chips","Domestic disappearance","Tonnes","288","thousands","3","v41886527","1.188.1","","..","","","2"
"2023","Canada","2021A000011124","Potatoes chips","Domestic disappearance","Tonnes","288","thousands","3","v41886527","1.188.1","","..","","","2"
"2024","Canada","2021A000011124","Potatoes chips","Domestic disappearance","Tonnes","288","thousands","3","v41886527","1.188.1","","..","","","2"
"2025","Canada","2021A000011124","Potatoes chips","Domestic disappearance","Tonnes","288","thousands","3","v41886527","1.188.1","","..","","","2"
"2021","Canada","2021A000011124","Potatoes chips","Exports","Tonnes","288","thousands","3","v41886531","1.188.7","37.44","","","","2"
"2022","Canada","2021A000011124","Potatoes chips","Exports","Tonnes","288","thousands","3","v41886531","1.188.7","38.10","","","","2"
"2023","Canada","2021A000011124","Potatoes chips","Exports","Tonnes","288","thousands","3","v41886531","1.188.7","48.80","","","","2"
"2024","Canada","2021A000011124","Potatoes chips","Exports","Tonnes","288","thousands","3","v41886531","1.188.7","","..","","","2"
"2025","Canada","2021A000011124","Potatoes chips","Exports","Tonnes","288","thousands","3","v41886531","1.188.7","51.90","","","","2"
"2021","Canada","2021A000011124","Potatoes frozen","Imports","Tonnes","288","thousands","3","v41886534","1.189.5","54.10","","","","2"
"2022","Canada","2021A000011124","Potatoes frozen","Imports","Tonnes","288","thousands","3","v41886534","1.189.5","59.52","","","","2"
"2023","Canada","2021A000011124","Potatoes frozen","Imports","Tonnes","288","thousands","3","v41886534","1.189.5","51.42","","","","2"
"2024","Canada","2021A000011124","Potatoes frozen","Imports","Tonnes","288","thousands","3","v41886534","1.189.5","","..","","","2"
"2025","Canada","2021A000011124","Potatoes frozen","Imports","Tonnes","288","thousands","3","v41886534","1.189.5","62.04","","","","2"
"2021","Canada","2021A000011124","Potatoes frozen","Total disposition","Tonnes","288","thousands","3","v54326566","1.189.11","","..","","","2"
"2022","Canada","2021A000011124","Potatoes frozen","Total disposition","Tonnes","288","thousands","3","v54326566","1.189.11","","..","","","2"
"2023","Canada","2021A000011124","Potatoes frozen","Total disposition","Tonnes","288","thousands","3","v54326566","1.189.11","","..","","","2"
"2024","Canada","2021A000011124","Potatoes frozen","Total disposition","Tonnes","288","thousands","3","v54326566","1.189.11","","..","","","2"
"2025","Canada","2021A000011124","Potatoes frozen","Total disposition","Tonnes","288","thousands","3","v54326566","1.189.11","","..","","","2"
"2021","Canada","2021A000011124","Potatoes frozen","Domestic disappearance","Tonnes","288","thousands","3","v41886532","1.189.1","","..","","","2"
"2022","Canada","2021A000011124","Potatoes frozen","Domestic disappearance","Tonnes","288","thousands","3","v41886532","1.189.1","","..","","","2"
"2023","Canada","2021A000011124","Potatoes frozen","Domestic disappearance","Tonnes","288","thousands","3","v41886532","1.189.1","","..","","","2"
"2024","Canada","2021A000011124","Potatoes frozen","Domestic disappearance","Tonnes","288","thousands","3","v41886532","1.189.1","","..","","","2"
"2025","Canada","2021A000011124","Potatoes frozen","Domestic disappearance","Tonnes","288","thousands","3","v41886532","1.189.1","","..","","","2"
"2021","Canada","2021A000011124","Potatoes frozen","Exports","Tonnes","288","thousands","3","v41886536","1.189.7","1196.91","","","","2"
"2022","Canada","2021A000011124","Potatoes frozen","Exports","Tonnes","288","thousands","3","v41886536","1.189.7","1338.59","","","","2"
"2023","Canada","2021A000011124","Potatoes frozen","Exports","Tonnes","288","thousands","3","v41886536","1.189.7","1352.81","","","","2"
"2024","Canada","2021A000011124","Potatoes frozen","Exports","Tonnes","288","thousands","3","v41886536","1.189.7","","..","","","2"
"2025","Canada","2021A000011124","Potatoes frozen","Exports","Tonnes","288","thousands","3","v41886536","1.189.7","1410.73","","","","2"
"2021","Canada","2021A000011124","Potatoes other processed","Imports","Tonnes","288","thousands","3","v41886539","1.190.5","54.31","","","","2"
"2022","Canada","2021A000011124","Potatoes other processed","Imports","Tonnes","288","thousands","3","v41886539","1.190.5","56.83","","","","2"
"2023","Canada","2021A000011124","Potatoes other processed","Imports","Tonnes","288","thousands","3","v41886539","1.190.5","58.99","","","","2"
"2024","Canada","2021A000011124","Potatoes other processed","Imports","Tonnes","288","thousands","3","v41886539","1.190.5","","..","","","2"
"2025","Canada","2021A000011124","Potatoes other processed","Imports","Tonnes","288","thousands","3","v41886539","1.190.5","61.39","","","","2"
"2021","Canada","2021A000011124","Potatoes other processed","Total disposition","Tonnes","288","thousands","3","v54326567","1.190.11","","..","","","2"
"2022","Canada","2021A000011124","Potatoes other processed","Total disposition","Tonnes","288","thousands","3","v54326567","1.190.11","","..","","","2"
"2023","Canada","2021A000011124","Potatoes other processed","Total disposition","Tonnes","288","thousands","3","v54326567","1.190.11","","..","","","2"
"2024","Canada","2021A000011124","Potatoes other processed","Total disposition","Tonnes","288","thousands","3","v54326567","1.190.11","","..","","","2"
"2025","Canada","2021A000011124","Potatoes other processed","Total disposition","Tonnes","288","thousands","3","v54326567","1.190.11","","..","","","2"
"2021","Canada","2021A000011124","Potatoes other processed","Domestic disappearance","Tonnes","288","thousands","3","v41886537","1.190.1","","..","","","2"
"2022","Canada","2021A000011124","Potatoes other processed","Domestic disappearance","Tonnes","288","thousands","3","v41886537","1.190.1","","..","","","2"
"2023","Canada","2021A000011124","Potatoes other processed","Domestic disappearance","Tonnes","288","thousands","3","v41886537","1.190.1","","..","","","2"
"2024","Canada","2021A000011124","Potatoes other processed","Domestic disappearance","Tonnes","288","thousands","3","v41886537","1.190.1","","..","","","2"
"2025","Canada","2021A000011124","Potatoes other processed","Domestic disappearance","Tonnes","288","thousands","3","v41886537","1.190.1","","..","","","2"
"2021","Canada","2021A000011124","Potatoes other processed","Exports","Tonnes","288","thousands","3","v41886541","1.190.7","30.72","","","","2"
"2022","Canada","2021A000011124","Potatoes other processed","Exports","Tonnes","288","thousands","3","v41886541","1.190.7","38.86","","","","2"
"2023","Canada","2021A000011124","Potatoes other processed","Exports","Tonnes","288","thousands","3","v41886541","1.190.7","35.56","","","","2"
"2024","Canada","2021A000011124","Potatoes other processed","Exports","Tonnes","288","thousands","3","v41886541","1.190.7","","..","","","2"
"2025","Canada","2021A000011124","Potatoes other processed","Exports","Tonnes","288","thousands","3","v41886541","1.190.7","37.38","","","","2"
"2021","Canada","2021A000011124","Potatoes total processed","Imports","Tonnes","288","thousands","3","v41886544","1.191.5","121.92","","","","2"
"2022","Canada","2021A000011124","Potatoes total processed","Imports","Tonnes","288","thousands","3","v41886544","1.191.5","131.66","","","","2"
"2023","Canada","2021A000011124","Potatoes total processed","Imports","Tonnes","288","thousands","3","v41886544","1.191.5","121.66","","","","2"
"2024","Canada","2021A000011124","Potatoes total processed","Imports","Tonnes","288","thousands","3","v41886544","1.191.5","","..","","","2"
"2025","Canada","2021A000011124","Potatoes total processed","Imports","Tonnes","288","thousands","3","v41886544","1.191.5","134.32","","","","2"
"2021","Canada","2021A000011124","Potatoes total processed","Total disposition","Tonnes","288","thousands","3","v54326568","1.191.11","","..","","","2"
"2022","Canada","2021A000011124","Potatoes total processed","Total disposition","Tonnes","288","thousands","3","v54326568","1.191.11","","..","","","2"
"2023","Canada","2021A000011124","Potatoes total processed","Total disposition","Tonnes","288","thousands","3","v54326568","1.191.11","","..","","","2"
"2024","Canada","2021A000011124","Potatoes total processed","Total disposition","Tonnes","288","thousands","3","v54326568","1.191.11","","..","","","2"
"2025","Canada","2021A000011124","Potatoes total processed","Total disposition","Tonnes","288","thousands","3","v54326568","1.191.11","","..","","","2"
"2021","Canada","2021A000011124","Potatoes total processed","Domestic disappearance","Tonnes","288","thousands","3","v41886542","1.191.1","","..","","","2"
"2022","Canada","2021A000011124","Potatoes total processed","Domestic disappearance","Tonnes","288","thousands","3","v41886542","1.191.1","","..","","","2"
"2023","Canada","2021A000011124","Potatoes total processed","Domestic disappearance","Tonnes","288","thousands","3","v41886542","1.191.1","","..","","","2"
"2024","Canada","2021A000011124","Potatoes total processed","Domestic disappearance","Tonnes","288","thousands","3","v41886542","1.191.1","","..","","","2"
"2025","Canada","2021A000011124","Potatoes total processed","Domestic disappearance","Tonnes","288","thousands","3","v41886542","1.191.1","","..","","","2"
"2021","Canada","2021A000011124","Potatoes total processed","Exports","Tonnes","288","thousands","3","v41886546","1.191.7","1265.07","","","","2"
"2022","Canada","2021A000011124","Potatoes total processed","Exports","Tonnes","288","thousands","3","v41886546","1.191.7","1415.55","","","","2"
"2023","Canada","2021A000011124","Potatoes total processed","Exports","Tonnes","288","thousands","3","v41886546","1.191.7","1437.18","","","","2"
"2024","Canada","2021A000011124","Potatoes total processed","Exports","Tonnes","288","thousands","3","v41886546","1.191.7","","..","","","2"
"2025","Canada","2021A000011124","Potatoes total processed","Exports","Tonnes","288","thousands","3","v41886546","1.191.7","1500.00","","","","2"
"2021","Canada","2021A000011124","Potatoes white fresh and processed","Imports","Tonnes","288","thousands","3","v110127","1.168.5","589.79","","","","2"
"2022","Canada","2021A000011124","Potatoes white fresh and processed","Imports","Tonnes","288","thousands","3","v110127","1.168.5","548.48","","","","2"
"2023","Canada","2021A000011124","Potatoes white fresh and processed","Imports","Tonnes","288","thousands","3","v110127","1.168.5","581.12","","","","2"
"2024","Canada","2021A000011124","Potatoes white fresh and processed","Imports","Tonnes","288","thousands","3","v110127","1.168.5","","..","","","2"
"2025","Canada","2021A000011124","Potatoes white fresh and processed","Imports","Tonnes","288","thousands","3","v110127","1.168.5","546.54","","","","2"
"2021","Canada","2021A000011124","Potatoes white fresh and processed","Total disposition","Tonnes","288","thousands","3","v54326571","1.168.11","3643.84","","","","2"
"2022","Canada","2021A000011124","Potatoes white fresh and processed","Total disposition","Tonnes","288","thousands","3","v54326571","1.168.11","4273.77","","","","2"
"2023","Canada","2021A000011124","Potatoes white fresh and processed","Total disposition","Tonnes","288","thousands","3","v54326571","1.168.11","4157.47","","","","2"
"2024","Canada","2021A000011124","Potatoes white fresh and processed","Total disposition","Tonnes","288","thousands","3","v54326571","1.168.11","","..","","","2"
"2025","Canada","2021A000011124","Potatoes white fresh and processed","Total disposition","Tonnes","288","thousands","3","v54326571","1.168.11","4161.86","","","","2"
"2021","Canada","2021A000011124","Potatoes white fresh and processed","Domestic disappearance","Tonnes","288","thousands","3","v110123","1.168.1","1747.29","","","","2"
"2022","Canada","2021A000011124","Potatoes white fresh and processed","Domestic disappearance","Tonnes","288","thousands","3","v110123","1.168.1","2010.06","","","","2"
"2023","Canada","2021A000011124","Potatoes white fresh and processed","Domestic disappearance","Tonnes","288","thousands","3","v110123","1.168.1","1850.14","","","","2"
"2024","Canada","2021A000011124","Potatoes white fresh and processed","Domestic disappearance","Tonnes","288","thousands","3","v110123","1.168.1","","..","","","2"
"2025","Canada","2021A000011124","Potatoes white fresh and processed","Domestic disappearance","Tonnes","288","thousands","3","v110123","1.168.1","2067.72","","","","2"
"2021","Canada","2021A000011124","Potatoes white fresh and processed","Exports","Tonnes","288","thousands","3","v110129","1.168.7","2820.85","","","","2"
"2022","Canada","2021A000011124","Potatoes white fresh and processed","Exports","Tonnes","288","thousands","3","v110129","1.168.7","3260.99","","","","2"
"2023","Canada","2021A000011124","Potatoes white fresh and processed","Exports","Tonnes","288","thousands","3","v110129","1.168.7","3323.52","","","","2"
"2024","Canada","2021A000011124","Potatoes white fresh and processed","Exports","Tonnes","288","thousands","3","v110129","1.168.7","","..","","","2"
"2025","Canada","2021A000011124","Potatoes white fresh and processed","Exports","Tonnes","288","thousands","3","v110129","1.168.7","3281.20","","","","2"
"2021","Canada","2021A000011124","Potatoes white fresh and processed","Manufacturing","Tonnes","288","thousands","3","v110130","1.168.8","","..","","","2"
"2022","Canada","2021A000011124","Potatoes white fresh and processed","Manufacturing","Tonnes","288","thousands","3","v110130","1.168.8","","..","","","2"
"2023","Canada","2021A000011124","Potatoes white fresh and processed","Manufacturing","Tonnes","288","thousands","3","v110130","1.168.8","","..","","","2"
"2024","Canada","2021A000011124","Potatoes white fresh and processed","Manufacturing","Tonnes","288","thousands","3","v110130","1.168.8","","..","","","2"
"2025","Canada","2021A000011124","Potatoes white fresh and processed","Manufacturing","Tonnes","288","thousands","3","v110130","1.168.8","","..","","","2"
"2021","Canada","2021A000011124","Potatoes white fresh and processed","Waste","Tonnes","288","thousands","3","v110131","1.168.9","823.00","","","","2"
"2022","Canada","2021A000011124","Potatoes white fresh and processed","Waste","Tonnes","288","thousands","3","v110131","1.168.9","1012.78","","","","2"
"2023","Canada","2021A000011124","Potatoes white fresh and processed","Waste","Tonnes","288","thousands","3","v110131","1.168.9","833.95","","","","2"
"2024","Canada","2021A000011124","Potatoes white fresh and processed","Waste","Tonnes","288","thousands","3","v110131","1.168.9","","..","","","2"
"2025","Canada","2021A000011124","Potatoes white fresh and processed","Waste","Tonnes","288","thousands","3","v110131","1.168.9","880.66","","","","2"
"2021","Canada","2021A000011124","Potatoes white fresh","Production","Tonnes","288","thousands","3","v41886550","1.192.4","5492.56","","","","2"
"2022","Canada","2021A000011124","Potatoes white fresh","Production","Tonnes","288","thousands","3","v41886550","1.192.4","5601.81","","","","2"
"2023","Canada","2021A000011124","Potatoes white fresh","Production","Tonnes","288","thousands","3","v41886550","1.192.4","5741.18","","","","2"
"2024","Canada","2021A000011124","Potatoes white fresh","Production","Tonnes","288","thousands","3","v41886550","1.192.4","5778.82","","","","2"
"2025","Canada","2021A000011124","Potatoes white fresh","Production","Tonnes","288","thousands","3","v41886550","1.192.4","5709.39","","","","2"
"2021","Canada","2021A000011124","Potatoes white fresh","Imports","Tonnes","288","thousands","3","v41886551","1.192.5","250.21","","","","2"
"2022","Canada","2021A000011124","Potatoes white fresh","Imports","Tonnes","288","thousands","3","v41886551","1.192.5","175.48","","","","2"
"2023","Canada","2021A000011124","Potatoes white fresh","Imports","Tonnes","288","thousands","3","v41886551","1.192.5","242.20","","","","2"
"2024","Canada","2021A000011124","Potatoes white fresh","Imports","Tonnes","288","thousands","3","v41886551","1.192.5","127.47","","","","2"
"2025","Canada","2021A000011124","Potatoes white fresh","Imports","Tonnes","288","thousands","3","v41886551","1.192.5","176.66","","","","2"
"2021","Canada","2021A000011124","Potatoes white fresh","Total disposition","Tonnes","288","thousands","3","v54326572","1.192.11","2132.51","","","","2"
"2022","Canada","2021A000011124","Potatoes white fresh","Total disposition","Tonnes","288","thousands","3","v54326572","1.192.11","2454.03","","","","2"
"2023","Canada","2021A000011124","Potatoes white fresh","Total disposition","Tonnes","288","thousands","3","v54326572","1.192.11","2318.63","","","","2"
"2024","Canada","2021A000011124","Potatoes white fresh","Total disposition","Tonnes","288","thousands","3","v54326572","1.192.11","2476.21","","","","2"
"2025","Canada","2021A000011124","Potatoes white fresh","Total disposition","Tonnes","288","thousands","3","v54326572","1.192.11","2289.87","","","","2"
"2021","Canada","2021A000011124","Potatoes white fresh","Domestic disappearance","Tonnes","288","thousands","3","v41886547","1.192.1","812.35","","","","2"
"2022","Canada","2021A000011124","Potatoes white fresh","Domestic disappearance","Tonnes","288","thousands","3","v41886547","1.192.1","796.13","","","","2"
"2023","Canada","2021A000011124","Potatoes white fresh","Domestic disappearance","Tonnes","288","thousands","3","v41886547","1.192.1","807.27","","","","2"
"2024","Canada","2021A000011124","Potatoes white fresh","Domestic disappearance","Tonnes","288","thousands","3","v41886547","1.192.1","815.40","","","","2"
"2025","Canada","2021A000011124","Potatoes white fresh","Domestic disappearance","Tonnes","288","thousands","3","v41886547","1.192.1","893.13","","","","2"
"2021","Canada","2021A000011124","Potatoes white fresh","Exports","Tonnes","288","thousands","3","v41886553","1.192.7","497.17","","","","2"
"2022","Canada","2021A000011124","Potatoes white fresh","Exports","Tonnes","288","thousands","3","v41886553","1.192.7","645.11","","","","2"
"2023","Canada","2021A000011124","Potatoes white fresh","Exports","Tonnes","288","thousands","3","v41886553","1.192.7","677.42","","","","2"
"2024","Canada","2021A000011124","Potatoes white fresh","Exports","Tonnes","288","thousands","3","v41886553","1.192.7","586.02","","","","2"
"2025","Canada","2021A000011124","Potatoes white fresh","Exports","Tonnes","288","thousands","3","v41886553","1.192.7","516.08","","","","2"
"2021","Canada","2021A000011124","Potatoes white fresh","Waste","Tonnes","288","thousands","3","v41886555","1.192.9","823.00","","","","2"
"2022","Canada","2021A000011124","Potatoes white fresh","Waste","Tonnes","288","thousands","3","v41886555","1.192.9","1012.78","","","","2"
"2023","Canada","2021A000011124","Potatoes white fresh","Waste","Tonnes","288","thousands","3","v41886555","1.192.9","833.95","","","","2"
"2024","Canada","2021A000011124","Potatoes white fresh","Waste","Tonnes","288","thousands","3","v41886555","1.192.9","1074.79","","","","2"
"2025","Canada","2021A000011124","Potatoes white fresh","Waste","Tonnes","288","thousands","3","v41886555","1.192.9","880.66","","","","2"
"2021","Canada","2021A000011124","Pumpkins and squash fresh","Total supply","Tonnes","288","thousands","3","v110136","1.169.2","176.75","","","","2"
"2022","Canada","2021A000011124","Pumpkins and squash fresh","Total supply","Tonnes","288","thousands","3","v110136","1.169.2","174.41","","","","2"
"2023","Canada","2021A000011124","Pumpkins and squash fresh","Total supply","Tonnes","288","thousands","3","v110136","1.169.2","170.41","","","","2"
"2024","Canada","2021A000011124","Pumpkins and squash fresh","Total supply","Tonnes","288","thousands","3","v110136","1.169.2","166.72","","","","2"
"2025","Canada","2021A000011124","Pumpkins and squash fresh","Total supply","Tonnes","288","thousands","3","v110136","1.169.2","173.31","","","","2"
"2021","Canada","2021A000011124","Pumpkins and squash fresh","Production","Tonnes","288","thousands","3","v110138","1.169.4","117.18","","","","2"
"2022","Canada","2021A000011124","Pumpkins and squash fresh","Production","Tonnes","288","thousands","3","v110138","1.169.4","121.35","","","","2"
"2023","Canada","2021A000011124","Pumpkins and squash fresh","Production","Tonnes","288","thousands","3","v110138","1.169.4","119.04","","","","2"
"2024","Canada","2021A000011124","Pumpkins and squash fresh","Production","Tonnes","288","thousands","3","v110138","1.169.4","114.62","","","","2"
"2025","Canada","2021A000011124","Pumpkins and squash fresh","Production","Tonnes","288","thousands","3","v110138","1.169.4","121.41","","","","2"
"2021","Canada","2021A000011124","Pumpkins and squash fresh","Imports","Tonnes","288","thousands","3","v110139","1.169.5","59.57","","","","2"
"2022","Canada","2021A000011124","Pumpkins and squash fresh","Imports","Tonnes","288","thousands","3","v110139","1.169.5","53.05","","","","2"
"2023","Canada","2021A000011124","Pumpkins and squash fresh","Imports","Tonnes","288","thousands","3","v110139","1.169.5","51.38","","","","2"
"2024","Canada","2021A000011124","Pumpkins and squash fresh","Imports","Tonnes","288","thousands","3","v110139","1.169.5","52.10","","","","2"
"2025","Canada","2021A000011124","Pumpkins and squash fresh","Imports","Tonnes","288","thousands","3","v110139","1.169.5","51.90","","","","2"
"2021","Canada","2021A000011124","Pumpkins and squash fresh","Total disposition","Tonnes","288","thousands","3","v54326573","1.169.11","176.75","","","","2"
"2022","Canada","2021A000011124","Pumpkins and squash fresh","Total disposition","Tonnes","288","thousands","3","v54326573","1.169.11","174.41","","","","2"
"2023","Canada","2021A000011124","Pumpkins and squash fresh","Total disposition","Tonnes","288","thousands","3","v54326573","1.169.11","170.41","","","","2"
"2024","Canada","2021A000011124","Pumpkins and squash fresh","Total disposition","Tonnes","288","thousands","3","v54326573","1.169.11","166.72","","","","2"
"2025","Canada","2021A000011124","Pumpkins and squash fresh","Total disposition","Tonnes","288","thousands","3","v54326573","1.169.11","173.31","","","","2"
"2021","Canada","2021A000011124","Pumpkins and squash fresh","Domestic disappearance","Tonnes","288","thousands","3","v110135","1.169.1","114.42","","","","2"
"2022","Canada","2021A000011124","Pumpkins and squash fresh","Domestic disappearance","Tonnes","288","thousands","3","v110135","1.169.1","112.16","","","","2"
"2023","Canada","2021A000011124","Pumpkins and squash fresh","Domestic disappearance","Tonnes","288","thousands","3","v110135","1.169.1","113.54","","","","2"
"2024","Canada","2021A000011124","Pumpkins and squash fresh","Domestic disappearance","Tonnes","288","thousands","3","v110135","1.169.1","110.62","","","","2"
"2025","Canada","2021A000011124","Pumpkins and squash fresh","Domestic disappearance","Tonnes","288","thousands","3","v110135","1.169.1","105.46","","","","2"
"2021","Canada","2021A000011124","Pumpkins and squash fresh","Exports","Tonnes","288","thousands","3","v107744670","1.169.7","37.53","","","","2"
"2022","Canada","2021A000011124","Pumpkins and squash fresh","Exports","Tonnes","288","thousands","3","v107744670","1.169.7","37.22","","","","2"
"2023","Canada","2021A000011124","Pumpkins and squash fresh","Exports","Tonnes","288","thousands","3","v107744670","1.169.7","30.86","","","","2"
"2024","Canada","2021A000011124","Pumpkins and squash fresh","Exports","Tonnes","288","thousands","3","v107744670","1.169.7","30.62","","","","2"
"2025","Canada","2021A000011124","Pumpkins and squash fresh","Exports","Tonnes","288","thousands","3","v107744670","1.169.7","41.77","","","","2"
"2021","Canada","2021A000011124","Pumpkins and squash fresh","Manufacturing","Tonnes","288","units","0","v1159452475","1.169.8","","F","","","2"
"2022","Canada","2021A000011124","Pumpkins and squash fresh","Manufacturing","Tonnes","288","units","0","v1159452475","1.169.8","12.56","E","","","2"
"2023","Canada","2021A000011124","Pumpkins and squash fresh","Manufacturing","Tonnes","288","units","0","v1159452475","1.169.8","13.40","E","","","2"
"2024","Canada","2021A000011124","Pumpkins and squash fresh","Manufacturing","Tonnes","288","units","0","v1159452475","1.169.8","13.18","","","","2"
"2025","Canada","2021A000011124","Pumpkins and squash fresh","Manufacturing","Tonnes","288","units","0","v1159452475","1.169.8","14.37","","","","2"
"2021","Canada","2021A000011124","Pumpkins and squash fresh","Waste","Tonnes","288","thousands","3","v110143","1.169.9","12.71","","","","2"
"2022","Canada","2021A000011124","Pumpkins and squash fresh","Waste","Tonnes","288","thousands","3","v110143","1.169.9","12.46","","","","2"
"2023","Canada","2021A000011124","Pumpkins and squash fresh","Waste","Tonnes","288","thousands","3","v110143","1.169.9","12.62","","","","2"
"2024","Canada","2021A000011124","Pumpkins and squash fresh","Waste","Tonnes","288","thousands","3","v110143","1.169.9","12.29","","","","2"
"2025","Canada","2021A000011124","Pumpkins and squash fresh","Waste","Tonnes","288","thousands","3","v110143","1.169.9","11.72","","","","2"
"2021","Canada","2021A000011124","Radishes fresh","Total supply","Tonnes","288","thousands","3","v110148","1.170.2","33.55","","","","2"
"2022","Canada","2021A000011124","Radishes fresh","Total supply","Tonnes","288","thousands","3","v110148","1.170.2","31.66","","","","2"
"2023","Canada","2021A000011124","Radishes fresh","Total supply","Tonnes","288","thousands","3","v110148","1.170.2","31.87","","","","2"
"2024","Canada","2021A000011124","Radishes fresh","Total supply","Tonnes","288","thousands","3","v110148","1.170.2","33.11","","","","2"
"2025","Canada","2021A000011124","Radishes fresh","Total supply","Tonnes","288","thousands","3","v110148","1.170.2","33.94","","","","2"
"2021","Canada","2021A000011124","Radishes fresh","Production","Tonnes","288","thousands","3","v110150","1.170.4","15.70","","","","2"
"2022","Canada","2021A000011124","Radishes fresh","Production","Tonnes","288","thousands","3","v110150","1.170.4","15.40","","","","2"
"2023","Canada","2021A000011124","Radishes fresh","Production","Tonnes","288","thousands","3","v110150","1.170.4","14.19","","","","2"
"2024","Canada","2021A000011124","Radishes fresh","Production","Tonnes","288","thousands","3","v110150","1.170.4","15.90","","","","2"
"2025","Canada","2021A000011124","Radishes fresh","Production","Tonnes","288","thousands","3","v110150","1.170.4","16.64","","","","2"
"2021","Canada","2021A000011124","Radishes fresh","Imports","Tonnes","288","thousands","3","v110151","1.170.5","17.86","","","","2"
"2022","Canada","2021A000011124","Radishes fresh","Imports","Tonnes","288","thousands","3","v110151","1.170.5","16.26","","","","2"
"2023","Canada","2021A000011124","Radishes fresh","Imports","Tonnes","288","thousands","3","v110151","1.170.5","17.68","","","","2"
"2024","Canada","2021A000011124","Radishes fresh","Imports","Tonnes","288","thousands","3","v110151","1.170.5","17.21","","","","2"
"2025","Canada","2021A000011124","Radishes fresh","Imports","Tonnes","288","thousands","3","v110151","1.170.5","17.30","","","","2"
"2021","Canada","2021A000011124","Radishes fresh","Total disposition","Tonnes","288","thousands","3","v54326574","1.170.11","33.55","","","","2"
"2022","Canada","2021A000011124","Radishes fresh","Total disposition","Tonnes","288","thousands","3","v54326574","1.170.11","31.66","","","","2"
"2023","Canada","2021A000011124","Radishes fresh","Total disposition","Tonnes","288","thousands","3","v54326574","1.170.11","31.87","","","","2"
"2024","Canada","2021A000011124","Radishes fresh","Total disposition","Tonnes","288","thousands","3","v54326574","1.170.11","33.11","","","","2"
"2025","Canada","2021A000011124","Radishes fresh","Total disposition","Tonnes","288","thousands","3","v54326574","1.170.11","33.94","","","","2"
"2021","Canada","2021A000011124","Radishes fresh","Domestic disappearance","Tonnes","288","thousands","3","v110147","1.170.1","12.63","","","","2"
"2022","Canada","2021A000011124","Radishes fresh","Domestic disappearance","Tonnes","288","thousands","3","v110147","1.170.1","9.13","","","","2"
"2023","Canada","2021A000011124","Radishes fresh","Domestic disappearance","Tonnes","288","thousands","3","v110147","1.170.1","10.99","","","","2"
"2024","Canada","2021A000011124","Radishes fresh","Domestic disappearance","Tonnes","288","thousands","3","v110147","1.170.1","9.92","","","","2"
"2025","Canada","2021A000011124","Radishes fresh","Domestic disappearance","Tonnes","288","thousands","3","v110147","1.170.1","11.83","","","","2"
"2021","Canada","2021A000011124","Radishes fresh","Exports","Tonnes","288","thousands","3","v107744671","1.170.7","20.53","","","","2"
"2022","Canada","2021A000011124","Radishes fresh","Exports","Tonnes","288","thousands","3","v107744671","1.170.7","22.25","","","","2"
"2023","Canada","2021A000011124","Radishes fresh","Exports","Tonnes","288","thousands","3","v107744671","1.170.7","20.54","","","","2"
"2024","Canada","2021A000011124","Radishes fresh","Exports","Tonnes","288","thousands","3","v107744671","1.170.7","22.88","","","","2"
"2025","Canada","2021A000011124","Radishes fresh","Exports","Tonnes","288","thousands","3","v107744671","1.170.7","21.75","","","","2"
"2021","Canada","2021A000011124","Radishes fresh","Waste","Tonnes","288","thousands","3","v110155","1.170.9","0.39","","","","2"
"2022","Canada","2021A000011124","Radishes fresh","Waste","Tonnes","288","thousands","3","v110155","1.170.9","0.28","","","","2"
"2023","Canada","2021A000011124","Radishes fresh","Waste","Tonnes","288","thousands","3","v110155","1.170.9","0.34","","","","2"
"2024","Canada","2021A000011124","Radishes fresh","Waste","Tonnes","288","thousands","3","v110155","1.170.9","0.31","","","","2"
"2025","Canada","2021A000011124","Radishes fresh","Waste","Tonnes","288","thousands","3","v110155","1.170.9","0.37","","","","2"
"2021","Canada","2021A000011124","Rappini fresh","Total supply","Tonnes","288","thousands","3","v110160","1.171.2","","..","","","2"
"2022","Canada","2021A000011124","Rappini fresh","Total supply","Tonnes","288","thousands","3","v110160","1.171.2","","..","","","2"
"2023","Canada","2021A000011124","Rappini fresh","Total supply","Tonnes","288","thousands","3","v110160","1.171.2","","..","","","2"
"2024","Canada","2021A000011124","Rappini fresh","Total supply","Tonnes","288","thousands","3","v110160","1.171.2","","..","","","2"
"2025","Canada","2021A000011124","Rappini fresh","Total supply","Tonnes","288","thousands","3","v110160","1.171.2","","..","","","2"
"2021","Canada","2021A000011124","Rappini fresh","Imports","Tonnes","288","thousands","3","v110163","1.171.5","7.33","","","","2"
"2022","Canada","2021A000011124","Rappini fresh","Imports","Tonnes","288","thousands","3","v110163","1.171.5","8.51","","","","2"
"2023","Canada","2021A000011124","Rappini fresh","Imports","Tonnes","288","thousands","3","v110163","1.171.5","7.97","","","","2"
"2024","Canada","2021A000011124","Rappini fresh","Imports","Tonnes","288","thousands","3","v110163","1.171.5","7.00","","","","2"
"2025","Canada","2021A000011124","Rappini fresh","Imports","Tonnes","288","thousands","3","v110163","1.171.5","6.25","","","","2"
"2021","Canada","2021A000011124","Rappini fresh","Total disposition","Tonnes","288","thousands","3","v54326575","1.171.11","7.33","","","","2"
"2022","Canada","2021A000011124","Rappini fresh","Total disposition","Tonnes","288","thousands","3","v54326575","1.171.11","8.51","","","","2"
"2023","Canada","2021A000011124","Rappini fresh","Total disposition","Tonnes","288","thousands","3","v54326575","1.171.11","7.97","","","","2"
"2024","Canada","2021A000011124","Rappini fresh","Total disposition","Tonnes","288","thousands","3","v54326575","1.171.11","7.00","","","","2"
"2025","Canada","2021A000011124","Rappini fresh","Total disposition","Tonnes","288","thousands","3","v54326575","1.171.11","6.25","","","","2"
"2021","Canada","2021A000011124","Rappini fresh","Domestic disappearance","Tonnes","288","thousands","3","v110159","1.171.1","6.45","","","","2"
"2022","Canada","2021A000011124","Rappini fresh","Domestic disappearance","Tonnes","288","thousands","3","v110159","1.171.1","7.49","","","","2"
"2023","Canada","2021A000011124","Rappini fresh","Domestic disappearance","Tonnes","288","thousands","3","v110159","1.171.1","7.02","","","","2"
"2024","Canada","2021A000011124","Rappini fresh","Domestic disappearance","Tonnes","288","thousands","3","v110159","1.171.1","6.16","","","","2"
"2025","Canada","2021A000011124","Rappini fresh","Domestic disappearance","Tonnes","288","thousands","3","v110159","1.171.1","5.50","","","","2"
"2021","Canada","2021A000011124","Rappini fresh","Waste","Tonnes","288","thousands","3","v110167","1.171.9","0.88","","","","2"
"2022","Canada","2021A000011124","Rappini fresh","Waste","Tonnes","288","thousands","3","v110167","1.171.9","1.02","","","","2"
"2023","Canada","2021A000011124","Rappini fresh","Waste","Tonnes","288","thousands","3","v110167","1.171.9","0.96","","","","2"
"2024","Canada","2021A000011124","Rappini fresh","Waste","Tonnes","288","thousands","3","v110167","1.171.9","0.84","","","","2"
"2025","Canada","2021A000011124","Rappini fresh","Waste","Tonnes","288","thousands","3","v110167","1.171.9","0.75","","","","2"
"2021","Canada","2021A000011124","Rutabagas and turnip fresh","Total supply","Tonnes","288","thousands","3","v110184","1.172.2","58.99","","","","2"
"2022","Canada","2021A000011124","Rutabagas and turnip fresh","Total supply","Tonnes","288","thousands","3","v110184","1.172.2","57.81","","","","2"
"2023","Canada","2021A000011124","Rutabagas and turnip fresh","Total supply","Tonnes","288","thousands","3","v110184","1.172.2","54.22","","","","2"
"2024","Canada","2021A000011124","Rutabagas and turnip fresh","Total supply","Tonnes","288","thousands","3","v110184","1.172.2","55.11","","","","2"
"2025","Canada","2021A000011124","Rutabagas and turnip fresh","Total supply","Tonnes","288","thousands","3","v110184","1.172.2","53.19","","","","2"
"2021","Canada","2021A000011124","Rutabagas and turnip fresh","Beginning stocks","Tonnes","288","thousands","3","v110185","1.172.3","14.51","","","","2"
"2022","Canada","2021A000011124","Rutabagas and turnip fresh","Beginning stocks","Tonnes","288","thousands","3","v110185","1.172.3","14.15","","","","2"
"2023","Canada","2021A000011124","Rutabagas and turnip fresh","Beginning stocks","Tonnes","288","thousands","3","v110185","1.172.3","14.71","","","","2"
"2024","Canada","2021A000011124","Rutabagas and turnip fresh","Beginning stocks","Tonnes","288","thousands","3","v110185","1.172.3","14.28","","","","2"
"2025","Canada","2021A000011124","Rutabagas and turnip fresh","Beginning stocks","Tonnes","288","thousands","3","v110185","1.172.3","12.63","","","","2"
"2021","Canada","2021A000011124","Rutabagas and turnip fresh","Production","Tonnes","288","thousands","3","v110186","1.172.4","42.25","","","","2"
"2022","Canada","2021A000011124","Rutabagas and turnip fresh","Production","Tonnes","288","thousands","3","v110186","1.172.4","41.51","","","","2"
"2023","Canada","2021A000011124","Rutabagas and turnip fresh","Production","Tonnes","288","thousands","3","v110186","1.172.4","37.22","","","","2"
"2024","Canada","2021A000011124","Rutabagas and turnip fresh","Production","Tonnes","288","thousands","3","v110186","1.172.4","38.59","","","","2"
"2025","Canada","2021A000011124","Rutabagas and turnip fresh","Production","Tonnes","288","thousands","3","v110186","1.172.4","38.28","","","","2"
"2021","Canada","2021A000011124","Rutabagas and turnip fresh","Imports","Tonnes","288","thousands","3","v110187","1.172.5","2.23","","","","2"
"2022","Canada","2021A000011124","Rutabagas and turnip fresh","Imports","Tonnes","288","thousands","3","v110187","1.172.5","2.15","","","","2"
"2023","Canada","2021A000011124","Rutabagas and turnip fresh","Imports","Tonnes","288","thousands","3","v110187","1.172.5","2.29","","","","2"
"2024","Canada","2021A000011124","Rutabagas and turnip fresh","Imports","Tonnes","288","thousands","3","v110187","1.172.5","2.24","","","","2"
"2025","Canada","2021A000011124","Rutabagas and turnip fresh","Imports","Tonnes","288","thousands","3","v110187","1.172.5","2.28","","","","2"
"2021","Canada","2021A000011124","Rutabagas and turnip fresh","Total disposition","Tonnes","288","thousands","3","v54326577","1.172.11","44.84","","","","2"
"2022","Canada","2021A000011124","Rutabagas and turnip fresh","Total disposition","Tonnes","288","thousands","3","v54326577","1.172.11","43.10","","","","2"
"2023","Canada","2021A000011124","Rutabagas and turnip fresh","Total disposition","Tonnes","288","thousands","3","v54326577","1.172.11","39.94","","","","2"
"2024","Canada","2021A000011124","Rutabagas and turnip fresh","Total disposition","Tonnes","288","thousands","3","v54326577","1.172.11","42.48","","","","2"
"2025","Canada","2021A000011124","Rutabagas and turnip fresh","Total disposition","Tonnes","288","thousands","3","v54326577","1.172.11","40.97","","","","2"
"2021","Canada","2021A000011124","Rutabagas and turnip fresh","Domestic disappearance","Tonnes","288","thousands","3","v110183","1.172.1","36.29","","","","2"
"2022","Canada","2021A000011124","Rutabagas and turnip fresh","Domestic disappearance","Tonnes","288","thousands","3","v110183","1.172.1","34.46","","","","2"
"2023","Canada","2021A000011124","Rutabagas and turnip fresh","Domestic disappearance","Tonnes","288","thousands","3","v110183","1.172.1","31.58","","","","2"
"2024","Canada","2021A000011124","Rutabagas and turnip fresh","Domestic disappearance","Tonnes","288","thousands","3","v110183","1.172.1","33.98","","","","2"
"2025","Canada","2021A000011124","Rutabagas and turnip fresh","Domestic disappearance","Tonnes","288","thousands","3","v110183","1.172.1","32.81","","","","2"
"2021","Canada","2021A000011124","Rutabagas and turnip fresh","Exports","Tonnes","288","thousands","3","v110189","1.172.7","0.34","","","","2"
"2022","Canada","2021A000011124","Rutabagas and turnip fresh","Exports","Tonnes","288","thousands","3","v110189","1.172.7","0.76","","","","2"
"2023","Canada","2021A000011124","Rutabagas and turnip fresh","Exports","Tonnes","288","thousands","3","v110189","1.172.7","0.75","","","","2"
"2024","Canada","2021A000011124","Rutabagas and turnip fresh","Exports","Tonnes","288","thousands","3","v110189","1.172.7","0.53","","","","2"
"2025","Canada","2021A000011124","Rutabagas and turnip fresh","Exports","Tonnes","288","thousands","3","v110189","1.172.7","0.65","","","","2"
"2021","Canada","2021A000011124","Rutabagas and turnip fresh","Manufacturing","Tonnes","288","thousands","3","v110190","1.172.8","3.27","","","","2"
"2022","Canada","2021A000011124","Rutabagas and turnip fresh","Manufacturing","Tonnes","288","thousands","3","v110190","1.172.8","3.18","E","","","2"
"2023","Canada","2021A000011124","Rutabagas and turnip fresh","Manufacturing","Tonnes","288","thousands","3","v110190","1.172.8","3.30","","","","2"
"2024","Canada","2021A000011124","Rutabagas and turnip fresh","Manufacturing","Tonnes","288","thousands","3","v110190","1.172.8","","x","","","2"
"2025","Canada","2021A000011124","Rutabagas and turnip fresh","Manufacturing","Tonnes","288","thousands","3","v110190","1.172.8","3.03","E","","","2"
"2021","Canada","2021A000011124","Rutabagas and turnip fresh","Waste","Tonnes","288","thousands","3","v110191","1.172.9","4.95","","","","2"
"2022","Canada","2021A000011124","Rutabagas and turnip fresh","Waste","Tonnes","288","thousands","3","v110191","1.172.9","4.70","","","","2"
"2023","Canada","2021A000011124","Rutabagas and turnip fresh","Waste","Tonnes","288","thousands","3","v110191","1.172.9","4.31","","","","2"
"2024","Canada","2021A000011124","Rutabagas and turnip fresh","Waste","Tonnes","288","thousands","3","v110191","1.172.9","","x","","","2"
"2025","Canada","2021A000011124","Rutabagas and turnip fresh","Waste","Tonnes","288","thousands","3","v110191","1.172.9","4.47","","","","2"
"2021","Canada","2021A000011124","Rutabagas and turnip fresh","Ending stocks","Tonnes","288","thousands","3","v110192","1.172.10","14.15","","","","2"
"2022","Canada","2021A000011124","Rutabagas and turnip fresh","Ending stocks","Tonnes","288","thousands","3","v110192","1.172.10","14.71","","","","2"
"2023","Canada","2021A000011124","Rutabagas and turnip fresh","Ending stocks","Tonnes","288","thousands","3","v110192","1.172.10","14.28","","","","2"
"2024","Canada","2021A000011124","Rutabagas and turnip fresh","Ending stocks","Tonnes","288","thousands","3","v110192","1.172.10","12.63","","","","2"
"2025","Canada","2021A000011124","Rutabagas and turnip fresh","Ending stocks","Tonnes","288","thousands","3","v110192","1.172.10","12.23","","","","2"
"2021","Canada","2021A000011124","Spinach fresh","Total supply","Tonnes","288","thousands","3","v110196","1.173.2","43.78","","","","2"
"2022","Canada","2021A000011124","Spinach fresh","Total supply","Tonnes","288","thousands","3","v110196","1.173.2","41.19","","","","2"
"2023","Canada","2021A000011124","Spinach fresh","Total supply","Tonnes","288","thousands","3","v110196","1.173.2","37.64","","","","2"
"2024","Canada","2021A000011124","Spinach fresh","Total supply","Tonnes","288","thousands","3","v110196","1.173.2","37.66","","","","2"
"2025","Canada","2021A000011124","Spinach fresh","Total supply","Tonnes","288","thousands","3","v110196","1.173.2","36.33","","","","2"
"2021","Canada","2021A000011124","Spinach fresh","Production","Tonnes","288","thousands","3","v110198","1.173.4","6.53","","","","2"
"2022","Canada","2021A000011124","Spinach fresh","Production","Tonnes","288","thousands","3","v110198","1.173.4","","F","","","2"
"2023","Canada","2021A000011124","Spinach fresh","Production","Tonnes","288","thousands","3","v110198","1.173.4","6.40","","","","2"
"2024","Canada","2021A000011124","Spinach fresh","Production","Tonnes","288","thousands","3","v110198","1.173.4","6.31","","","","2"
"2025","Canada","2021A000011124","Spinach fresh","Production","Tonnes","288","thousands","3","v110198","1.173.4","6.16","","","","2"
"2021","Canada","2021A000011124","Spinach fresh","Imports","Tonnes","288","thousands","3","v110199","1.173.5","37.25","","","","2"
"2022","Canada","2021A000011124","Spinach fresh","Imports","Tonnes","288","thousands","3","v110199","1.173.5","34.63","","","","2"
"2023","Canada","2021A000011124","Spinach fresh","Imports","Tonnes","288","thousands","3","v110199","1.173.5","31.23","","","","2"
"2024","Canada","2021A000011124","Spinach fresh","Imports","Tonnes","288","thousands","3","v110199","1.173.5","31.35","","","","2"
"2025","Canada","2021A000011124","Spinach fresh","Imports","Tonnes","288","thousands","3","v110199","1.173.5","30.17","","","","2"
"2021","Canada","2021A000011124","Spinach fresh","Total disposition","Tonnes","288","thousands","3","v54326578","1.173.11","43.78","","","","2"
"2022","Canada","2021A000011124","Spinach fresh","Total disposition","Tonnes","288","thousands","3","v54326578","1.173.11","41.19","","","","2"
"2023","Canada","2021A000011124","Spinach fresh","Total disposition","Tonnes","288","thousands","3","v54326578","1.173.11","37.64","","","","2"
"2024","Canada","2021A000011124","Spinach fresh","Total disposition","Tonnes","288","thousands","3","v54326578","1.173.11","37.66","","","","2"
"2025","Canada","2021A000011124","Spinach fresh","Total disposition","Tonnes","288","thousands","3","v54326578","1.173.11","36.33","","","","2"
"2021","Canada","2021A000011124","Spinach fresh","Domestic disappearance","Tonnes","288","thousands","3","v110195","1.173.1","37.10","","","","2"
"2022","Canada","2021A000011124","Spinach fresh","Domestic disappearance","Tonnes","288","thousands","3","v110195","1.173.1","33.77","","","","2"
"2023","Canada","2021A000011124","Spinach fresh","Domestic disappearance","Tonnes","288","thousands","3","v110195","1.173.1","30.61","","","","2"
"2024","Canada","2021A000011124","Spinach fresh","Domestic disappearance","Tonnes","288","thousands","3","v110195","1.173.1","29.63","","","","2"
"2025","Canada","2021A000011124","Spinach fresh","Domestic disappearance","Tonnes","288","thousands","3","v110195","1.173.1","28.04","","","","2"
"2021","Canada","2021A000011124","Spinach fresh","Exports","Tonnes","288","thousands","3","v110201","1.173.7","1.61","","","","2"
"2022","Canada","2021A000011124","Spinach fresh","Exports","Tonnes","288","thousands","3","v110201","1.173.7","2.81","","","","2"
"2023","Canada","2021A000011124","Spinach fresh","Exports","Tonnes","288","thousands","3","v110201","1.173.7","2.85","","","","2"
"2024","Canada","2021A000011124","Spinach fresh","Exports","Tonnes","288","thousands","3","v110201","1.173.7","3.97","","","","2"
"2025","Canada","2021A000011124","Spinach fresh","Exports","Tonnes","288","thousands","3","v110201","1.173.7","4.46","","","","2"
"2021","Canada","2021A000011124","Spinach fresh","Waste","Tonnes","288","thousands","3","v110203","1.173.9","5.06","","","","2"
"2022","Canada","2021A000011124","Spinach fresh","Waste","Tonnes","288","thousands","3","v110203","1.173.9","4.60","","","","2"
"2023","Canada","2021A000011124","Spinach fresh","Waste","Tonnes","288","thousands","3","v110203","1.173.9","4.17","","","","2"
"2024","Canada","2021A000011124","Spinach fresh","Waste","Tonnes","288","thousands","3","v110203","1.173.9","4.04","","","","2"
"2025","Canada","2021A000011124","Spinach fresh","Waste","Tonnes","288","thousands","3","v110203","1.173.9","3.82","","","","2"
"2021","Canada","2021A000011124","Spinach frozen","Total supply","Tonnes","288","thousands","3","v110208","1.174.2","","..","","","2"
"2022","Canada","2021A000011124","Spinach frozen","Total supply","Tonnes","288","thousands","3","v110208","1.174.2","","..","","","2"
"2023","Canada","2021A000011124","Spinach frozen","Total supply","Tonnes","288","thousands","3","v110208","1.174.2","","..","","","2"
"2024","Canada","2021A000011124","Spinach frozen","Total supply","Tonnes","288","thousands","3","v110208","1.174.2","","..","","","2"
"2025","Canada","2021A000011124","Spinach frozen","Total supply","Tonnes","288","thousands","3","v110208","1.174.2","","..","","","2"
"2021","Canada","2021A000011124","Spinach frozen","Imports","Tonnes","288","thousands","3","v110211","1.174.5","11.62","","","","2"
"2022","Canada","2021A000011124","Spinach frozen","Imports","Tonnes","288","thousands","3","v110211","1.174.5","13.74","","","","2"
"2023","Canada","2021A000011124","Spinach frozen","Imports","Tonnes","288","thousands","3","v110211","1.174.5","10.92","","","","2"
"2024","Canada","2021A000011124","Spinach frozen","Imports","Tonnes","288","thousands","3","v110211","1.174.5","","..","","","2"
"2025","Canada","2021A000011124","Spinach frozen","Imports","Tonnes","288","thousands","3","v110211","1.174.5","12.98","","","","2"
"2021","Canada","2021A000011124","Spinach frozen","Total disposition","Tonnes","288","thousands","3","v54326579","1.174.11","11.62","","","","2"
"2022","Canada","2021A000011124","Spinach frozen","Total disposition","Tonnes","288","thousands","3","v54326579","1.174.11","13.74","","","","2"
"2023","Canada","2021A000011124","Spinach frozen","Total disposition","Tonnes","288","thousands","3","v54326579","1.174.11","10.92","","","","2"
"2024","Canada","2021A000011124","Spinach frozen","Total disposition","Tonnes","288","thousands","3","v54326579","1.174.11","","..","","","2"
"2025","Canada","2021A000011124","Spinach frozen","Total disposition","Tonnes","288","thousands","3","v54326579","1.174.11","12.98","","","","2"
"2021","Canada","2021A000011124","Spinach frozen","Domestic disappearance","Tonnes","288","thousands","3","v110207","1.174.1","11.61","","","","2"
"2022","Canada","2021A000011124","Spinach frozen","Domestic disappearance","Tonnes","288","thousands","3","v110207","1.174.1","13.58","","","","2"
"2023","Canada","2021A000011124","Spinach frozen","Domestic disappearance","Tonnes","288","thousands","3","v110207","1.174.1","10.83","","","","2"
"2024","Canada","2021A000011124","Spinach frozen","Domestic disappearance","Tonnes","288","thousands","3","v110207","1.174.1","","..","","","2"
"2025","Canada","2021A000011124","Spinach frozen","Domestic disappearance","Tonnes","288","thousands","3","v110207","1.174.1","12.81","","","","2"
"2021","Canada","2021A000011124","Spinach frozen","Exports","Tonnes","288","thousands","3","v110213","1.174.7","0.01","","","","2"
"2022","Canada","2021A000011124","Spinach frozen","Exports","Tonnes","288","thousands","3","v110213","1.174.7","0.17","","","","2"
"2023","Canada","2021A000011124","Spinach frozen","Exports","Tonnes","288","thousands","3","v110213","1.174.7","0.09","","","","2"
"2024","Canada","2021A000011124","Spinach frozen","Exports","Tonnes","288","thousands","3","v110213","1.174.7","","..","","","2"
"2025","Canada","2021A000011124","Spinach frozen","Exports","Tonnes","288","thousands","3","v110213","1.174.7","0.17","","","","2"
"2021","Canada","2021A000011124","Tomatoes fresh","Total supply","Tonnes","288","thousands","3","v110220","1.175.2","994.22","","","","2"
"2022","Canada","2021A000011124","Tomatoes fresh","Total supply","Tonnes","288","thousands","3","v110220","1.175.2","1019.68","","","","2"
"2023","Canada","2021A000011124","Tomatoes fresh","Total supply","Tonnes","288","thousands","3","v110220","1.175.2","1055.51","","","","2"
"2024","Canada","2021A000011124","Tomatoes fresh","Total supply","Tonnes","288","thousands","3","v110220","1.175.2","1063.31","","","","2"
"2025","Canada","2021A000011124","Tomatoes fresh","Total supply","Tonnes","288","thousands","3","v110220","1.175.2","1168.90","","","","2"
"2021","Canada","2021A000011124","Tomatoes fresh","Production","Tonnes","288","thousands","3","v110222","1.175.4","793.48","","","","2"
"2022","Canada","2021A000011124","Tomatoes fresh","Production","Tonnes","288","thousands","3","v110222","1.175.4","821.78","","","","2"
"2023","Canada","2021A000011124","Tomatoes fresh","Production","Tonnes","288","thousands","3","v110222","1.175.4","851.37","","","","2"
"2024","Canada","2021A000011124","Tomatoes fresh","Production","Tonnes","288","thousands","3","v110222","1.175.4","854.62","","","","2"
"2025","Canada","2021A000011124","Tomatoes fresh","Production","Tonnes","288","thousands","3","v110222","1.175.4","983.08","","","","2"
"2021","Canada","2021A000011124","Tomatoes fresh","Imports","Tonnes","288","thousands","3","v110223","1.175.5","200.74","","","","2"
"2022","Canada","2021A000011124","Tomatoes fresh","Imports","Tonnes","288","thousands","3","v110223","1.175.5","197.91","","","","2"
"2023","Canada","2021A000011124","Tomatoes fresh","Imports","Tonnes","288","thousands","3","v110223","1.175.5","204.15","","","","2"
"2024","Canada","2021A000011124","Tomatoes fresh","Imports","Tonnes","288","thousands","3","v110223","1.175.5","208.69","","","","2"
"2025","Canada","2021A000011124","Tomatoes fresh","Imports","Tonnes","288","thousands","3","v110223","1.175.5","185.82","","","","2"
"2021","Canada","2021A000011124","Tomatoes fresh","Total disposition","Tonnes","288","thousands","3","v54326580","1.175.11","994.22","","","","2"
"2022","Canada","2021A000011124","Tomatoes fresh","Total disposition","Tonnes","288","thousands","3","v54326580","1.175.11","1019.68","","","","2"
"2023","Canada","2021A000011124","Tomatoes fresh","Total disposition","Tonnes","288","thousands","3","v54326580","1.175.11","1055.51","","","","2"
"2024","Canada","2021A000011124","Tomatoes fresh","Total disposition","Tonnes","288","thousands","3","v54326580","1.175.11","1063.31","","","","2"
"2025","Canada","2021A000011124","Tomatoes fresh","Total disposition","Tonnes","288","thousands","3","v54326580","1.175.11","1168.90","","","","2"
"2021","Canada","2021A000011124","Tomatoes fresh","Domestic disappearance","Tonnes","288","thousands","3","v110219","1.175.1","276.46","","","","2"
"2022","Canada","2021A000011124","Tomatoes fresh","Domestic disappearance","Tonnes","288","thousands","3","v110219","1.175.1","291.47","","","","2"
"2023","Canada","2021A000011124","Tomatoes fresh","Domestic disappearance","Tonnes","288","thousands","3","v110219","1.175.1","286.52","","","","2"
"2024","Canada","2021A000011124","Tomatoes fresh","Domestic disappearance","Tonnes","288","thousands","3","v110219","1.175.1","278.73","","","","2"
"2025","Canada","2021A000011124","Tomatoes fresh","Domestic disappearance","Tonnes","288","thousands","3","v110219","1.175.1","268.22","","","","2"
"2021","Canada","2021A000011124","Tomatoes fresh","Exports","Tonnes","288","thousands","3","v110225","1.175.7","198.19","","","","2"
"2022","Canada","2021A000011124","Tomatoes fresh","Exports","Tonnes","288","thousands","3","v110225","1.175.7","190.61","","","","2"
"2023","Canada","2021A000011124","Tomatoes fresh","Exports","Tonnes","288","thousands","3","v110225","1.175.7","212.32","","","","2"
"2024","Canada","2021A000011124","Tomatoes fresh","Exports","Tonnes","288","thousands","3","v110225","1.175.7","238.53","","","","2"
"2025","Canada","2021A000011124","Tomatoes fresh","Exports","Tonnes","288","thousands","3","v110225","1.175.7","244.20","","","","2"
"2021","Canada","2021A000011124","Tomatoes fresh","Manufacturing","Tonnes","288","thousands","3","v110226","1.175.8","470.78","","","","2"
"2022","Canada","2021A000011124","Tomatoes fresh","Manufacturing","Tonnes","288","thousands","3","v110226","1.175.8","486.17","","","","2"
"2023","Canada","2021A000011124","Tomatoes fresh","Manufacturing","Tonnes","288","thousands","3","v110226","1.175.8","506.12","","","","2"
"2024","Canada","2021A000011124","Tomatoes fresh","Manufacturing","Tonnes","288","thousands","3","v110226","1.175.8","496.85","","","","2"
"2025","Canada","2021A000011124","Tomatoes fresh","Manufacturing","Tonnes","288","thousands","3","v110226","1.175.8","609.14","","","","2"
"2021","Canada","2021A000011124","Tomatoes fresh","Waste","Tonnes","288","thousands","3","v110227","1.175.9","48.79","","","","2"
"2022","Canada","2021A000011124","Tomatoes fresh","Waste","Tonnes","288","thousands","3","v110227","1.175.9","51.44","","","","2"
"2023","Canada","2021A000011124","Tomatoes fresh","Waste","Tonnes","288","thousands","3","v110227","1.175.9","50.56","","","","2"
"2024","Canada","2021A000011124","Tomatoes fresh","Waste","Tonnes","288","thousands","3","v110227","1.175.9","49.19","","","","2"
"2025","Canada","2021A000011124","Tomatoes fresh","Waste","Tonnes","288","thousands","3","v110227","1.175.9","47.33","","","","2"
"2021","Canada","2021A000011124","Tomatoes canned","Total supply","Tonnes","288","thousands","3","v110232","1.176.2","","..","","","2"
"2022","Canada","2021A000011124","Tomatoes canned","Total supply","Tonnes","288","thousands","3","v110232","1.176.2","","..","","","2"
"2023","Canada","2021A000011124","Tomatoes canned","Total supply","Tonnes","288","thousands","3","v110232","1.176.2","","..","","","2"
"2024","Canada","2021A000011124","Tomatoes canned","Total supply","Tonnes","288","thousands","3","v110232","1.176.2","","..","","","2"
"2025","Canada","2021A000011124","Tomatoes canned","Total supply","Tonnes","288","thousands","3","v110232","1.176.2","","..","","","2"
"2021","Canada","2021A000011124","Tomatoes canned","Imports","Tonnes","288","thousands","3","v110235","1.176.5","75.15","","","","2"
"2022","Canada","2021A000011124","Tomatoes canned","Imports","Tonnes","288","thousands","3","v110235","1.176.5","74.29","","","","2"
"2023","Canada","2021A000011124","Tomatoes canned","Imports","Tonnes","288","thousands","3","v110235","1.176.5","65.94","","","","2"
"2024","Canada","2021A000011124","Tomatoes canned","Imports","Tonnes","288","thousands","3","v110235","1.176.5","","..","","","2"
"2025","Canada","2021A000011124","Tomatoes canned","Imports","Tonnes","288","thousands","3","v110235","1.176.5","73.07","","","","2"
"2021","Canada","2021A000011124","Tomatoes canned","Total disposition","Tonnes","288","thousands","3","v54326581","1.176.11","","..","","","2"
"2022","Canada","2021A000011124","Tomatoes canned","Total disposition","Tonnes","288","thousands","3","v54326581","1.176.11","","..","","","2"
"2023","Canada","2021A000011124","Tomatoes canned","Total disposition","Tonnes","288","thousands","3","v54326581","1.176.11","","..","","","2"
"2024","Canada","2021A000011124","Tomatoes canned","Total disposition","Tonnes","288","thousands","3","v54326581","1.176.11","","..","","","2"
"2025","Canada","2021A000011124","Tomatoes canned","Total disposition","Tonnes","288","thousands","3","v54326581","1.176.11","","..","","","2"
"2021","Canada","2021A000011124","Tomatoes canned","Exports","Tonnes","288","thousands","3","v110237","1.176.7","3.98","","","","2"
"2022","Canada","2021A000011124","Tomatoes canned","Exports","Tonnes","288","thousands","3","v110237","1.176.7","1.59","","","","2"
"2023","Canada","2021A000011124","Tomatoes canned","Exports","Tonnes","288","thousands","3","v110237","1.176.7","2.62","","","","2"
"2024","Canada","2021A000011124","Tomatoes canned","Exports","Tonnes","288","thousands","3","v110237","1.176.7","","..","","","2"
"2025","Canada","2021A000011124","Tomatoes canned","Exports","Tonnes","288","thousands","3","v110237","1.176.7","4.85","","","","2"
"2021","Canada","2021A000011124","Tomato juice","Total supply","Tonnes","288","thousands","3","v110244","1.177.2","","..","","","2"
"2022","Canada","2021A000011124","Tomato juice","Total supply","Tonnes","288","thousands","3","v110244","1.177.2","","..","","","2"
"2023","Canada","2021A000011124","Tomato juice","Total supply","Tonnes","288","thousands","3","v110244","1.177.2","","..","","","2"
"2024","Canada","2021A000011124","Tomato juice","Total supply","Tonnes","288","thousands","3","v110244","1.177.2","","..","","","2"
"2025","Canada","2021A000011124","Tomato juice","Total supply","Tonnes","288","thousands","3","v110244","1.177.2","","..","","","2"
"2021","Canada","2021A000011124","Tomato juice","Imports","Tonnes","288","thousands","3","v110247","1.177.5","0.13","","","","2"
"2022","Canada","2021A000011124","Tomato juice","Imports","Tonnes","288","thousands","3","v110247","1.177.5","0.12","","","","2"
"2023","Canada","2021A000011124","Tomato juice","Imports","Tonnes","288","thousands","3","v110247","1.177.5","0.13","","","","2"
"2024","Canada","2021A000011124","Tomato juice","Imports","Tonnes","288","thousands","3","v110247","1.177.5","","..","","","2"
"2025","Canada","2021A000011124","Tomato juice","Imports","Tonnes","288","thousands","3","v110247","1.177.5","0.18","","","","2"
"2021","Canada","2021A000011124","Tomato juice","Total disposition","Tonnes","288","thousands","3","v54326582","1.177.11","0.20","","","","2"
"2022","Canada","2021A000011124","Tomato juice","Total disposition","Tonnes","288","thousands","3","v54326582","1.177.11","0.48","","","","2"
"2023","Canada","2021A000011124","Tomato juice","Total disposition","Tonnes","288","thousands","3","v54326582","1.177.11","0.48","","","","2"
"2024","Canada","2021A000011124","Tomato juice","Total disposition","Tonnes","288","thousands","3","v54326582","1.177.11","","..","","","2"
"2025","Canada","2021A000011124","Tomato juice","Total disposition","Tonnes","288","thousands","3","v54326582","1.177.11","1.84","","","","2"
"2021","Canada","2021A000011124","Tomato juice","Exports","Tonnes","288","thousands","3","v110249","1.177.7","0.20","","","","2"
"2022","Canada","2021A000011124","Tomato juice","Exports","Tonnes","288","thousands","3","v110249","1.177.7","0.48","","","","2"
"2023","Canada","2021A000011124","Tomato juice","Exports","Tonnes","288","thousands","3","v110249","1.177.7","0.48","","","","2"
"2024","Canada","2021A000011124","Tomato juice","Exports","Tonnes","288","thousands","3","v110249","1.177.7","","..","","","2"
"2025","Canada","2021A000011124","Tomato juice","Exports","Tonnes","288","thousands","3","v110249","1.177.7","1.84","","","","2"
"2021","Canada","2021A000011124","Tomatoes, pulp, paste and puree","Total supply","Tonnes","288","thousands","3","v110257","1.178.2","","..","","","2"
"2022","Canada","2021A000011124","Tomatoes, pulp, paste and puree","Total supply","Tonnes","288","thousands","3","v110257","1.178.2","","..","","","2"
"2023","Canada","2021A000011124","Tomatoes, pulp, paste and puree","Total supply","Tonnes","288","thousands","3","v110257","1.178.2","","..","","","2"
"2024","Canada","2021A000011124","Tomatoes, pulp, paste and puree","Total supply","Tonnes","288","thousands","3","v110257","1.178.2","","..","","","2"
"2025","Canada","2021A000011124","Tomatoes, pulp, paste and puree","Total supply","Tonnes","288","thousands","3","v110257","1.178.2","","..","","","2"
"2021","Canada","2021A000011124","Tomatoes, pulp, paste and puree","Imports","Tonnes","288","thousands","3","v110260","1.178.5","59.76","","","","2"
"2022","Canada","2021A000011124","Tomatoes, pulp, paste and puree","Imports","Tonnes","288","thousands","3","v110260","1.178.5","67.12","","","","2"
"2023","Canada","2021A000011124","Tomatoes, pulp, paste and puree","Imports","Tonnes","288","thousands","3","v110260","1.178.5","52.40","","","","2"
"2024","Canada","2021A000011124","Tomatoes, pulp, paste and puree","Imports","Tonnes","288","thousands","3","v110260","1.178.5","","..","","","2"
"2025","Canada","2021A000011124","Tomatoes, pulp, paste and puree","Imports","Tonnes","288","thousands","3","v110260","1.178.5","59.24","","","","2"
"2021","Canada","2021A000011124","Tomatoes, pulp, paste and puree","Total disposition","Tonnes","288","thousands","3","v54326583","1.178.11","","..","","","2"
"2022","Canada","2021A000011124","Tomatoes, pulp, paste and puree","Total disposition","Tonnes","288","thousands","3","v54326583","1.178.11","","..","","","2"
"2023","Canada","2021A000011124","Tomatoes, pulp, paste and puree","Total disposition","Tonnes","288","thousands","3","v54326583","1.178.11","","..","","","2"
"2024","Canada","2021A000011124","Tomatoes, pulp, paste and puree","Total disposition","Tonnes","288","thousands","3","v54326583","1.178.11","","..","","","2"
"2025","Canada","2021A000011124","Tomatoes, pulp, paste and puree","Total disposition","Tonnes","288","thousands","3","v54326583","1.178.11","","..","","","2"
"2021","Canada","2021A000011124","Tomatoes, pulp, paste and puree","Exports","Tonnes","288","thousands","3","v110262","1.178.7","2.27","","","","2"
"2022","Canada","2021A000011124","Tomatoes, pulp, paste and puree","Exports","Tonnes","288","thousands","3","v110262","1.178.7","1.60","","","","2"
"2023","Canada","2021A000011124","Tomatoes, pulp, paste and puree","Exports","Tonnes","288","thousands","3","v110262","1.178.7","3.59","","","","2"
"2024","Canada","2021A000011124","Tomatoes, pulp, paste and puree","Exports","Tonnes","288","thousands","3","v110262","1.178.7","","..","","","2"
"2025","Canada","2021A000011124","Tomatoes, pulp, paste and puree","Exports","Tonnes","288","thousands","3","v110262","1.178.7","1.67","","","","2"
"2021","Canada","2021A000011124","Vegetables not specified fresh","Total supply","Tonnes","288","thousands","3","v110269","1.179.2","","..","","","2"
"2022","Canada","2021A000011124","Vegetables not specified fresh","Total supply","Tonnes","288","thousands","3","v110269","1.179.2","","..","","","2"
"2023","Canada","2021A000011124","Vegetables not specified fresh","Total supply","Tonnes","288","thousands","3","v110269","1.179.2","","..","","","2"
"2024","Canada","2021A000011124","Vegetables not specified fresh","Total supply","Tonnes","288","thousands","3","v110269","1.179.2","","..","","","2"
"2025","Canada","2021A000011124","Vegetables not specified fresh","Total supply","Tonnes","288","thousands","3","v110269","1.179.2","","..","","","2"
"2021","Canada","2021A000011124","Vegetables not specified fresh","Production","Tonnes","288","thousands","3","v110271","1.179.4","","..","","","2"
"2022","Canada","2021A000011124","Vegetables not specified fresh","Production","Tonnes","288","thousands","3","v110271","1.179.4","","..","","","2"
"2023","Canada","2021A000011124","Vegetables not specified fresh","Production","Tonnes","288","thousands","3","v110271","1.179.4","","..","","","2"
"2024","Canada","2021A000011124","Vegetables not specified fresh","Production","Tonnes","288","thousands","3","v110271","1.179.4","","..","","","2"
"2025","Canada","2021A000011124","Vegetables not specified fresh","Production","Tonnes","288","thousands","3","v110271","1.179.4","","..","","","2"
"2021","Canada","2021A000011124","Vegetables not specified fresh","Imports","Tonnes","288","thousands","3","v110272","1.179.5","55.28","","","","2"
"2022","Canada","2021A000011124","Vegetables not specified fresh","Imports","Tonnes","288","thousands","3","v110272","1.179.5","53.32","","","","2"
"2023","Canada","2021A000011124","Vegetables not specified fresh","Imports","Tonnes","288","thousands","3","v110272","1.179.5","52.29","","","","2"
"2024","Canada","2021A000011124","Vegetables not specified fresh","Imports","Tonnes","288","thousands","3","v110272","1.179.5","56.31","","","","2"
"2025","Canada","2021A000011124","Vegetables not specified fresh","Imports","Tonnes","288","thousands","3","v110272","1.179.5","54.82","","","","2"
"2021","Canada","2021A000011124","Vegetables not specified fresh","Total disposition","Tonnes","288","thousands","3","v54326584","1.179.11","","..","","","2"
"2022","Canada","2021A000011124","Vegetables not specified fresh","Total disposition","Tonnes","288","thousands","3","v54326584","1.179.11","","..","","","2"
"2023","Canada","2021A000011124","Vegetables not specified fresh","Total disposition","Tonnes","288","thousands","3","v54326584","1.179.11","","..","","","2"
"2024","Canada","2021A000011124","Vegetables not specified fresh","Total disposition","Tonnes","288","thousands","3","v54326584","1.179.11","","..","","","2"
"2025","Canada","2021A000011124","Vegetables not specified fresh","Total disposition","Tonnes","288","thousands","3","v54326584","1.179.11","","..","","","2"
"2021","Canada","2021A000011124","Vegetables not specified fresh","Domestic disappearance","Tonnes","288","thousands","3","v110268","1.179.1","","..","","","2"
"2022","Canada","2021A000011124","Vegetables not specified fresh","Domestic disappearance","Tonnes","288","thousands","3","v110268","1.179.1","","..","","","2"
"2023","Canada","2021A000011124","Vegetables not specified fresh","Domestic disappearance","Tonnes","288","thousands","3","v110268","1.179.1","","..","","","2"
"2024","Canada","2021A000011124","Vegetables not specified fresh","Domestic disappearance","Tonnes","288","thousands","3","v110268","1.179.1","","..","","","2"
"2025","Canada","2021A000011124","Vegetables not specified fresh","Domestic disappearance","Tonnes","288","thousands","3","v110268","1.179.1","","..","","","2"
"2021","Canada","2021A000011124","Vegetables not specified fresh","Exports","Tonnes","288","thousands","3","v110274","1.179.7","29.82","","","","2"
"2022","Canada","2021A000011124","Vegetables not specified fresh","Exports","Tonnes","288","thousands","3","v110274","1.179.7","34.04","","","","2"
"2023","Canada","2021A000011124","Vegetables not specified fresh","Exports","Tonnes","288","thousands","3","v110274","1.179.7","25.66","","","","2"
"2024","Canada","2021A000011124","Vegetables not specified fresh","Exports","Tonnes","288","thousands","3","v110274","1.179.7","36.37","","","","2"
"2025","Canada","2021A000011124","Vegetables not specified fresh","Exports","Tonnes","288","thousands","3","v110274","1.179.7","31.67","","","","2"
"2021","Canada","2021A000011124","Vegetables not specified fresh","Manufacturing","Tonnes","288","thousands","3","v110275","1.179.8","","..","","","2"
"2022","Canada","2021A000011124","Vegetables not specified fresh","Manufacturing","Tonnes","288","thousands","3","v110275","1.179.8","","..","","","2"
"2023","Canada","2021A000011124","Vegetables not specified fresh","Manufacturing","Tonnes","288","thousands","3","v110275","1.179.8","","..","","","2"
"2024","Canada","2021A000011124","Vegetables not specified fresh","Manufacturing","Tonnes","288","thousands","3","v110275","1.179.8","","..","","","2"
"2025","Canada","2021A000011124","Vegetables not specified fresh","Manufacturing","Tonnes","288","thousands","3","v110275","1.179.8","","..","","","2"
"2021","Canada","2021A000011124","Vegetables not specified fresh","Waste","Tonnes","288","thousands","3","v110276","1.179.9","","..","","","2"
"2022","Canada","2021A000011124","Vegetables not specified fresh","Waste","Tonnes","288","thousands","3","v110276","1.179.9","","..","","","2"
"2023","Canada","2021A000011124","Vegetables not specified fresh","Waste","Tonnes","288","thousands","3","v110276","1.179.9","","..","","","2"
"2024","Canada","2021A000011124","Vegetables not specified fresh","Waste","Tonnes","288","thousands","3","v110276","1.179.9","","..","","","2"
"2025","Canada","2021A000011124","Vegetables not specified fresh","Waste","Tonnes","288","thousands","3","v110276","1.179.9","","..","","","2"
"2021","Canada","2021A000011124","Vegetables not specified canned","Total supply","Tonnes","288","thousands","3","v110281","1.180.2","","..","","","2"
"2022","Canada","2021A000011124","Vegetables not specified canned","Total supply","Tonnes","288","thousands","3","v110281","1.180.2","","..","","","2"
"2023","Canada","2021A000011124","Vegetables not specified canned","Total supply","Tonnes","288","thousands","3","v110281","1.180.2","","..","","","2"
"2024","Canada","2021A000011124","Vegetables not specified canned","Total supply","Tonnes","288","thousands","3","v110281","1.180.2","","..","","","2"
"2025","Canada","2021A000011124","Vegetables not specified canned","Total supply","Tonnes","288","thousands","3","v110281","1.180.2","","..","","","2"
"2021","Canada","2021A000011124","Vegetables not specified canned","Imports","Tonnes","288","thousands","3","v110284","1.180.5","153.68","","","","2"
"2022","Canada","2021A000011124","Vegetables not specified canned","Imports","Tonnes","288","thousands","3","v110284","1.180.5","156.00","","","","2"
"2023","Canada","2021A000011124","Vegetables not specified canned","Imports","Tonnes","288","thousands","3","v110284","1.180.5","151.89","","","","2"
"2024","Canada","2021A000011124","Vegetables not specified canned","Imports","Tonnes","288","thousands","3","v110284","1.180.5","","..","","","2"
"2025","Canada","2021A000011124","Vegetables not specified canned","Imports","Tonnes","288","thousands","3","v110284","1.180.5","186.20","","","","2"
"2021","Canada","2021A000011124","Vegetables not specified canned","Total disposition","Tonnes","288","thousands","3","v54326585","1.180.11","153.68","","","","2"
"2022","Canada","2021A000011124","Vegetables not specified canned","Total disposition","Tonnes","288","thousands","3","v54326585","1.180.11","156.00","","","","2"
"2023","Canada","2021A000011124","Vegetables not specified canned","Total disposition","Tonnes","288","thousands","3","v54326585","1.180.11","151.89","","","","2"
"2024","Canada","2021A000011124","Vegetables not specified canned","Total disposition","Tonnes","288","thousands","3","v54326585","1.180.11","","..","","","2"
"2025","Canada","2021A000011124","Vegetables not specified canned","Total disposition","Tonnes","288","thousands","3","v54326585","1.180.11","186.20","","","","2"
"2021","Canada","2021A000011124","Vegetables not specified canned","Domestic disappearance","Tonnes","288","thousands","3","v110280","1.180.1","127.47","","","","2"
"2022","Canada","2021A000011124","Vegetables not specified canned","Domestic disappearance","Tonnes","288","thousands","3","v110280","1.180.1","130.19","","","","2"
"2023","Canada","2021A000011124","Vegetables not specified canned","Domestic disappearance","Tonnes","288","thousands","3","v110280","1.180.1","129.50","","","","2"
"2024","Canada","2021A000011124","Vegetables not specified canned","Domestic disappearance","Tonnes","288","thousands","3","v110280","1.180.1","","..","","","2"
"2025","Canada","2021A000011124","Vegetables not specified canned","Domestic disappearance","Tonnes","288","thousands","3","v110280","1.180.1","160.73","","","","2"
"2021","Canada","2021A000011124","Vegetables not specified canned","Exports","Tonnes","288","thousands","3","v110286","1.180.7","26.21","","","","2"
"2022","Canada","2021A000011124","Vegetables not specified canned","Exports","Tonnes","288","thousands","3","v110286","1.180.7","25.81","","","","2"
"2023","Canada","2021A000011124","Vegetables not specified canned","Exports","Tonnes","288","thousands","3","v110286","1.180.7","22.39","","","","2"
"2024","Canada","2021A000011124","Vegetables not specified canned","Exports","Tonnes","288","thousands","3","v110286","1.180.7","","..","","","2"
"2025","Canada","2021A000011124","Vegetables not specified canned","Exports","Tonnes","288","thousands","3","v110286","1.180.7","25.47","","","","2"
"2021","Canada","2021A000011124","Vegetables not specified frozen","Total supply","Tonnes","288","thousands","3","v110293","1.181.2","","..","","","2"
"2022","Canada","2021A000011124","Vegetables not specified frozen","Total supply","Tonnes","288","thousands","3","v110293","1.181.2","","..","","","2"
"2023","Canada","2021A000011124","Vegetables not specified frozen","Total supply","Tonnes","288","thousands","3","v110293","1.181.2","","..","","","2"
"2024","Canada","2021A000011124","Vegetables not specified frozen","Total supply","Tonnes","288","thousands","3","v110293","1.181.2","","..","","","2"
"2025","Canada","2021A000011124","Vegetables not specified frozen","Total supply","Tonnes","288","thousands","3","v110293","1.181.2","","..","","","2"
"2021","Canada","2021A000011124","Vegetables not specified frozen","Imports","Tonnes","288","thousands","3","v110296","1.181.5","72.95","","","","2"
"2022","Canada","2021A000011124","Vegetables not specified frozen","Imports","Tonnes","288","thousands","3","v110296","1.181.5","70.42","","","","2"
"2023","Canada","2021A000011124","Vegetables not specified frozen","Imports","Tonnes","288","thousands","3","v110296","1.181.5","71.31","","","","2"
"2024","Canada","2021A000011124","Vegetables not specified frozen","Imports","Tonnes","288","thousands","3","v110296","1.181.5","","..","","","2"
"2025","Canada","2021A000011124","Vegetables not specified frozen","Imports","Tonnes","288","thousands","3","v110296","1.181.5","77.39","","","","2"
"2021","Canada","2021A000011124","Vegetables not specified frozen","Total disposition","Tonnes","288","thousands","3","v54326586","1.181.11","","..","","","2"
"2022","Canada","2021A000011124","Vegetables not specified frozen","Total disposition","Tonnes","288","thousands","3","v54326586","1.181.11","","..","","","2"
"2023","Canada","2021A000011124","Vegetables not specified frozen","Total disposition","Tonnes","288","thousands","3","v54326586","1.181.11","","..","","","2"
"2024","Canada","2021A000011124","Vegetables not specified frozen","Total disposition","Tonnes","288","thousands","3","v54326586","1.181.11","","..","","","2"
"2025","Canada","2021A000011124","Vegetables not specified frozen","Total disposition","Tonnes","288","thousands","3","v54326586","1.181.11","","..","","","2"
"2021","Canada","2021A000011124","Vegetables not specified frozen","Exports","Tonnes","288","thousands","3","v110298","1.181.7","33.21","","","","2"
"2022","Canada","2021A000011124","Vegetables not specified frozen","Exports","Tonnes","288","thousands","3","v110298","1.181.7","32.06","","","","2"
"2023","Canada","2021A000011124","Vegetables not specified frozen","Exports","Tonnes","288","thousands","3","v110298","1.181.7","35.54","","","","2"
"2024","Canada","2021A000011124","Vegetables not specified frozen","Exports","Tonnes","288","thousands","3","v110298","1.181.7","","..","","","2"
"2025","Canada","2021A000011124","Vegetables not specified frozen","Exports","Tonnes","288","thousands","3","v110298","1.181.7","37.87","","","","2"
"2021","Canada","2021A000011124","Fresh and frozen sea fish","Total supply","Tonnes","288","thousands","3","v110353","1.182.2","303.89","","","","2"
"2022","Canada","2021A000011124","Fresh and frozen sea fish","Total supply","Tonnes","288","thousands","3","v110353","1.182.2","271.64","","","","2"
"2023","Canada","2021A000011124","Fresh and frozen sea fish","Total supply","Tonnes","288","thousands","3","v110353","1.182.2","230.50","","","","2"
"2024","Canada","2021A000011124","Fresh and frozen sea fish","Total supply","Tonnes","288","thousands","3","v110353","1.182.2","244.59","","","","2"
"2025","Canada","2021A000011124","Fresh and frozen sea fish","Total supply","Tonnes","288","thousands","3","v110353","1.182.2","254.99","","","","2"
"2021","Canada","2021A000011124","Fresh and frozen sea fish","Production","Tonnes","288","thousands","3","v110355","1.182.4","164.65","","","","2"
"2022","Canada","2021A000011124","Fresh and frozen sea fish","Production","Tonnes","288","thousands","3","v110355","1.182.4","136.28","","","","2"
"2023","Canada","2021A000011124","Fresh and frozen sea fish","Production","Tonnes","288","thousands","3","v110355","1.182.4","120.26","","","","2"
"2024","Canada","2021A000011124","Fresh and frozen sea fish","Production","Tonnes","288","thousands","3","v110355","1.182.4","125.01","","","","2"
"2025","Canada","2021A000011124","Fresh and frozen sea fish","Production","Tonnes","288","thousands","3","v110355","1.182.4","127.15","","","","2"
"2021","Canada","2021A000011124","Fresh and frozen sea fish","Imports","Tonnes","288","thousands","3","v110356","1.182.5","139.24","","","","2"
"2022","Canada","2021A000011124","Fresh and frozen sea fish","Imports","Tonnes","288","thousands","3","v110356","1.182.5","135.36","","","","2"
"2023","Canada","2021A000011124","Fresh and frozen sea fish","Imports","Tonnes","288","thousands","3","v110356","1.182.5","110.24","","","","2"
"2024","Canada","2021A000011124","Fresh and frozen sea fish","Imports","Tonnes","288","thousands","3","v110356","1.182.5","119.58","","","","2"
"2025","Canada","2021A000011124","Fresh and frozen sea fish","Imports","Tonnes","288","thousands","3","v110356","1.182.5","127.84","","","","2"
"2021","Canada","2021A000011124","Fresh and frozen sea fish","Total disposition","Tonnes","288","thousands","3","v54326467","1.182.11","303.89","","","","2"
"2022","Canada","2021A000011124","Fresh and frozen sea fish","Total disposition","Tonnes","288","thousands","3","v54326467","1.182.11","271.64","","","","2"
"2023","Canada","2021A000011124","Fresh and frozen sea fish","Total disposition","Tonnes","288","thousands","3","v54326467","1.182.11","230.50","","","","2"
"2024","Canada","2021A000011124","Fresh and frozen sea fish","Total disposition","Tonnes","288","thousands","3","v54326467","1.182.11","244.59","","","","2"
"2025","Canada","2021A000011124","Fresh and frozen sea fish","Total disposition","Tonnes","288","thousands","3","v54326467","1.182.11","254.99","","","","2"
"2021","Canada","2021A000011124","Fresh and frozen sea fish","Domestic disappearance","Tonnes","288","thousands","3","v110352","1.182.1","154.04","","","","2"
"2022","Canada","2021A000011124","Fresh and frozen sea fish","Domestic disappearance","Tonnes","288","thousands","3","v110352","1.182.1","150.36","","","","2"
"2023","Canada","2021A000011124","Fresh and frozen sea fish","Domestic disappearance","Tonnes","288","thousands","3","v110352","1.182.1","124.05","","","","2"
"2024","Canada","2021A000011124","Fresh and frozen sea fish","Domestic disappearance","Tonnes","288","thousands","3","v110352","1.182.1","133.19","","","","2"
"2025","Canada","2021A000011124","Fresh and frozen sea fish","Domestic disappearance","Tonnes","288","thousands","3","v110352","1.182.1","141.77","","","","2"
"2021","Canada","2021A000011124","Fresh and frozen sea fish","Exports","Tonnes","288","thousands","3","v110358","1.182.7","149.85","","","","2"
"2022","Canada","2021A000011124","Fresh and frozen sea fish","Exports","Tonnes","288","thousands","3","v110358","1.182.7","121.28","","","","2"
"2023","Canada","2021A000011124","Fresh and frozen sea fish","Exports","Tonnes","288","thousands","3","v110358","1.182.7","106.46","","","","2"
"2024","Canada","2021A000011124","Fresh and frozen sea fish","Exports","Tonnes","288","thousands","3","v110358","1.182.7","111.40","","","","2"
"2025","Canada","2021A000011124","Fresh and frozen sea fish","Exports","Tonnes","288","thousands","3","v110358","1.182.7","113.23","","","","2"
"2021","Canada","2021A000011124","Processed sea fish","Total supply","Tonnes","288","thousands","3","v110365","1.183.2","138.75","","","","2"
"2022","Canada","2021A000011124","Processed sea fish","Total supply","Tonnes","288","thousands","3","v110365","1.183.2","139.27","","","","2"
"2023","Canada","2021A000011124","Processed sea fish","Total supply","Tonnes","288","thousands","3","v110365","1.183.2","120.74","","","","2"
"2024","Canada","2021A000011124","Processed sea fish","Total supply","Tonnes","288","thousands","3","v110365","1.183.2","121.50","","","","2"
"2025","Canada","2021A000011124","Processed sea fish","Total supply","Tonnes","288","thousands","3","v110365","1.183.2","121.63","","","","2"
"2021","Canada","2021A000011124","Processed sea fish","Production","Tonnes","288","thousands","3","v110367","1.183.4","54.88","","","","2"
"2022","Canada","2021A000011124","Processed sea fish","Production","Tonnes","288","thousands","3","v110367","1.183.4","45.43","","","","2"
"2023","Canada","2021A000011124","Processed sea fish","Production","Tonnes","288","thousands","3","v110367","1.183.4","40.09","","","","2"
"2024","Canada","2021A000011124","Processed sea fish","Production","Tonnes","288","thousands","3","v110367","1.183.4","41.67","","","","2"
"2025","Canada","2021A000011124","Processed sea fish","Production","Tonnes","288","thousands","3","v110367","1.183.4","42.38","","","","2"
"2021","Canada","2021A000011124","Processed sea fish","Imports","Tonnes","288","thousands","3","v110368","1.183.5","83.87","","","","2"
"2022","Canada","2021A000011124","Processed sea fish","Imports","Tonnes","288","thousands","3","v110368","1.183.5","93.85","","","","2"
"2023","Canada","2021A000011124","Processed sea fish","Imports","Tonnes","288","thousands","3","v110368","1.183.5","80.65","","","","2"
"2024","Canada","2021A000011124","Processed sea fish","Imports","Tonnes","288","thousands","3","v110368","1.183.5","79.84","","","","2"
"2025","Canada","2021A000011124","Processed sea fish","Imports","Tonnes","288","thousands","3","v110368","1.183.5","79.24","","","","2"
"2021","Canada","2021A000011124","Processed sea fish","Total disposition","Tonnes","288","thousands","3","v54326468","1.183.11","138.75","","","","2"
"2022","Canada","2021A000011124","Processed sea fish","Total disposition","Tonnes","288","thousands","3","v54326468","1.183.11","139.27","","","","2"
"2023","Canada","2021A000011124","Processed sea fish","Total disposition","Tonnes","288","thousands","3","v54326468","1.183.11","120.74","","","","2"
"2024","Canada","2021A000011124","Processed sea fish","Total disposition","Tonnes","288","thousands","3","v54326468","1.183.11","121.50","","","","2"
"2025","Canada","2021A000011124","Processed sea fish","Total disposition","Tonnes","288","thousands","3","v54326468","1.183.11","121.63","","","","2"
"2021","Canada","2021A000011124","Processed sea fish","Domestic disappearance","Tonnes","288","thousands","3","v110364","1.183.1","80.82","","","","2"
"2022","Canada","2021A000011124","Processed sea fish","Domestic disappearance","Tonnes","288","thousands","3","v110364","1.183.1","78.90","","","","2"
"2023","Canada","2021A000011124","Processed sea fish","Domestic disappearance","Tonnes","288","thousands","3","v110364","1.183.1","64.51","","","","2"
"2024","Canada","2021A000011124","Processed sea fish","Domestic disappearance","Tonnes","288","thousands","3","v110364","1.183.1","61.96","","","","2"
"2025","Canada","2021A000011124","Processed sea fish","Domestic disappearance","Tonnes","288","thousands","3","v110364","1.183.1","64.75","","","","2"
"2021","Canada","2021A000011124","Processed sea fish","Exports","Tonnes","288","thousands","3","v110370","1.183.7","57.94","","","","2"
"2022","Canada","2021A000011124","Processed sea fish","Exports","Tonnes","288","thousands","3","v110370","1.183.7","60.38","","","","2"
"2023","Canada","2021A000011124","Processed sea fish","Exports","Tonnes","288","thousands","3","v110370","1.183.7","56.23","","","","2"
"2024","Canada","2021A000011124","Processed sea fish","Exports","Tonnes","288","thousands","3","v110370","1.183.7","59.54","","","","2"
"2025","Canada","2021A000011124","Processed sea fish","Exports","Tonnes","288","thousands","3","v110370","1.183.7","56.88","","","","2"
"2021","Canada","2021A000011124","Total shellfish","Total supply","Tonnes","288","thousands","3","v110377","1.184.2","164.99","","","","2"
"2022","Canada","2021A000011124","Total shellfish","Total supply","Tonnes","288","thousands","3","v110377","1.184.2","173.78","","","","2"
"2023","Canada","2021A000011124","Total shellfish","Total supply","Tonnes","288","thousands","3","v110377","1.184.2","158.07","","","","2"
"2024","Canada","2021A000011124","Total shellfish","Total supply","Tonnes","288","thousands","3","v110377","1.184.2","162.35","","","","2"
"2025","Canada","2021A000011124","Total shellfish","Total supply","Tonnes","288","thousands","3","v110377","1.184.2","167.61","","","","2"
"2021","Canada","2021A000011124","Total shellfish","Production","Tonnes","288","thousands","3","v110379","1.184.4","81.10","","","","2"
"2022","Canada","2021A000011124","Total shellfish","Production","Tonnes","288","thousands","3","v110379","1.184.4","82.21","","","","2"
"2023","Canada","2021A000011124","Total shellfish","Production","Tonnes","288","thousands","3","v110379","1.184.4","79.95","","","","2"
"2024","Canada","2021A000011124","Total shellfish","Production","Tonnes","288","thousands","3","v110379","1.184.4","77.69","","","","2"
"2025","Canada","2021A000011124","Total shellfish","Production","Tonnes","288","thousands","3","v110379","1.184.4","79.57","","","","2"
"2021","Canada","2021A000011124","Total shellfish","Imports","Tonnes","288","thousands","3","v110380","1.184.5","83.90","","","","2"
"2022","Canada","2021A000011124","Total shellfish","Imports","Tonnes","288","thousands","3","v110380","1.184.5","91.58","","","","2"
"2023","Canada","2021A000011124","Total shellfish","Imports","Tonnes","288","thousands","3","v110380","1.184.5","78.12","","","","2"
"2024","Canada","2021A000011124","Total shellfish","Imports","Tonnes","288","thousands","3","v110380","1.184.5","84.66","","","","2"
"2025","Canada","2021A000011124","Total shellfish","Imports","Tonnes","288","thousands","3","v110380","1.184.5","88.04","","","","2"
"2021","Canada","2021A000011124","Total shellfish","Total disposition","Tonnes","288","thousands","3","v54326469","1.184.11","164.99","","","","2"
"2022","Canada","2021A000011124","Total shellfish","Total disposition","Tonnes","288","thousands","3","v54326469","1.184.11","173.78","","","","2"
"2023","Canada","2021A000011124","Total shellfish","Total disposition","Tonnes","288","thousands","3","v54326469","1.184.11","158.07","","","","2"
"2024","Canada","2021A000011124","Total shellfish","Total disposition","Tonnes","288","thousands","3","v54326469","1.184.11","162.35","","","","2"
"2025","Canada","2021A000011124","Total shellfish","Total disposition","Tonnes","288","thousands","3","v54326469","1.184.11","167.61","","","","2"
"2021","Canada","2021A000011124","Total shellfish","Domestic disappearance","Tonnes","288","thousands","3","v110376","1.184.1","47.09","","","","2"
"2022","Canada","2021A000011124","Total shellfish","Domestic disappearance","Tonnes","288","thousands","3","v110376","1.184.1","57.70","","","","2"
"2023","Canada","2021A000011124","Total shellfish","Domestic disappearance","Tonnes","288","thousands","3","v110376","1.184.1","40.96","","","","2"
"2024","Canada","2021A000011124","Total shellfish","Domestic disappearance","Tonnes","288","thousands","3","v110376","1.184.1","54.39","","","","2"
"2025","Canada","2021A000011124","Total shellfish","Domestic disappearance","Tonnes","288","thousands","3","v110376","1.184.1","63.22","","","","2"
"2021","Canada","2021A000011124","Total shellfish","Exports","Tonnes","288","thousands","3","v110382","1.184.7","117.91","","","","2"
"2022","Canada","2021A000011124","Total shellfish","Exports","Tonnes","288","thousands","3","v110382","1.184.7","116.08","","","","2"
"2023","Canada","2021A000011124","Total shellfish","Exports","Tonnes","288","thousands","3","v110382","1.184.7","117.11","","","","2"
"2024","Canada","2021A000011124","Total shellfish","Exports","Tonnes","288","thousands","3","v110382","1.184.7","107.95","","","","2"
"2025","Canada","2021A000011124","Total shellfish","Exports","Tonnes","288","thousands","3","v110382","1.184.7","104.39","","","","2"
"2021","Canada","2021A000011124","Freshwater fish","Total supply","Tonnes","288","thousands","3","v110389","1.185.2","40.64","","","","2"
"2022","Canada","2021A000011124","Freshwater fish","Total supply","Tonnes","288","thousands","3","v110389","1.185.2","48.13","","","","2"
"2023","Canada","2021A000011124","Freshwater fish","Total supply","Tonnes","288","thousands","3","v110389","1.185.2","42.07","","","","2"
"2024","Canada","2021A000011124","Freshwater fish","Total supply","Tonnes","288","thousands","3","v110389","1.185.2","47.38","","","","2"
"2025","Canada","2021A000011124","Freshwater fish","Total supply","Tonnes","288","thousands","3","v110389","1.185.2","49.81","","","","2"
"2021","Canada","2021A000011124","Freshwater fish","Production","Tonnes","288","thousands","3","v110391","1.185.4","16.34","","","","2"
"2022","Canada","2021A000011124","Freshwater fish","Production","Tonnes","288","thousands","3","v110391","1.185.4","16.82","","","","2"
"2023","Canada","2021A000011124","Freshwater fish","Production","Tonnes","288","thousands","3","v110391","1.185.4","15.90","","","","2"
"2024","Canada","2021A000011124","Freshwater fish","Production","Tonnes","288","thousands","3","v110391","1.185.4","17.02","","","","2"
"2025","Canada","2021A000011124","Freshwater fish","Production","Tonnes","288","thousands","3","v110391","1.185.4","16.58","","","","2"
"2021","Canada","2021A000011124","Freshwater fish","Imports","Tonnes","288","thousands","3","v110392","1.185.5","24.30","","","","2"
"2022","Canada","2021A000011124","Freshwater fish","Imports","Tonnes","288","thousands","3","v110392","1.185.5","31.31","","","","2"
"2023","Canada","2021A000011124","Freshwater fish","Imports","Tonnes","288","thousands","3","v110392","1.185.5","26.16","","","","2"
"2024","Canada","2021A000011124","Freshwater fish","Imports","Tonnes","288","thousands","3","v110392","1.185.5","30.36","","","","2"
"2025","Canada","2021A000011124","Freshwater fish","Imports","Tonnes","288","thousands","3","v110392","1.185.5","33.22","","","","2"
"2021","Canada","2021A000011124","Freshwater fish","Total disposition","Tonnes","288","thousands","3","v54326470","1.185.11","40.64","","","","2"
"2022","Canada","2021A000011124","Freshwater fish","Total disposition","Tonnes","288","thousands","3","v54326470","1.185.11","48.13","","","","2"
"2023","Canada","2021A000011124","Freshwater fish","Total disposition","Tonnes","288","thousands","3","v54326470","1.185.11","42.07","","","","2"
"2024","Canada","2021A000011124","Freshwater fish","Total disposition","Tonnes","288","thousands","3","v54326470","1.185.11","47.38","","","","2"
"2025","Canada","2021A000011124","Freshwater fish","Total disposition","Tonnes","288","thousands","3","v54326470","1.185.11","49.81","","","","2"
"2021","Canada","2021A000011124","Freshwater fish","Domestic disappearance","Tonnes","288","thousands","3","v110388","1.185.1","32.02","","","","2"
"2022","Canada","2021A000011124","Freshwater fish","Domestic disappearance","Tonnes","288","thousands","3","v110388","1.185.1","40.02","","","","2"
"2023","Canada","2021A000011124","Freshwater fish","Domestic disappearance","Tonnes","288","thousands","3","v110388","1.185.1","34.43","","","","2"
"2024","Canada","2021A000011124","Freshwater fish","Domestic disappearance","Tonnes","288","thousands","3","v110388","1.185.1","38.85","","","","2"
"2025","Canada","2021A000011124","Freshwater fish","Domestic disappearance","Tonnes","288","thousands","3","v110388","1.185.1","41.41","","","","2"
"2021","Canada","2021A000011124","Freshwater fish","Exports","Tonnes","288","thousands","3","v110394","1.185.7","8.62","","","","2"
"2022","Canada","2021A000011124","Freshwater fish","Exports","Tonnes","288","thousands","3","v110394","1.185.7","8.12","","","","2"
"2023","Canada","2021A000011124","Freshwater fish","Exports","Tonnes","288","thousands","3","v110394","1.185.7","7.64","","","","2"
"2024","Canada","2021A000011124","Freshwater fish","Exports","Tonnes","288","thousands","3","v110394","1.185.7","8.53","","","","2"
"2025","Canada","2021A000011124","Freshwater fish","Exports","Tonnes","288","thousands","3","v110394","1.185.7","8.39","","","","2"


